flow_key,scenario,device,label,pred,outcome,prob,completeness_error,unassigned_frac,unassigned_attr,n_tokens_assigned,logodds_delta,fx,f0,n_tokens_flow,n_tokens_baseline,attr_client max packet size,share_client max packet size,val_client max packet size,attr_server mean packet size,share_server mean packet size,val_server mean packet size,attr_server bytes,share_server bytes,val_server bytes,attr_server stddev packet size,share_server stddev packet size,val_server stddev packet size,attr_client max inter-arrival,share_client max inter-arrival,val_client max inter-arrival,attr_server stddev inter-arrival,share_server stddev inter-arrival,val_server stddev inter-arrival,attr_server psh packets,share_server psh packets,val_server psh packets,attr_client min inter-arrival,share_client min inter-arrival,val_client min inter-arrival,attr_total min packet size,share_total min packet size,val_total min packet size,attr_server min inter-arrival,share_server min inter-arrival,val_server min inter-arrival,attr_total min inter-arrival,share_total min inter-arrival,val_total min inter-arrival,attr_server rst packets,share_server rst packets,val_server rst packets,attr_total rst packets,share_total rst packets,val_total rst packets
477316d29ac89539,ddos_wisenet-camera_80,wisenet-camera,1,1,detected,0.9991589784622192,1.621246337890625e-05,0.07767628201103513,-0.17074987292289734,104,13.444008827209473,7.080064296722412,-6.3639445304870605,118,119,14.76522445678711,0.8558540310437737,234.0,-0.051658183336257935,0.0029943238976236387,67.33,-0.25814270973205566,0.014963028794810289,404.0,-0.9765744209289551,0.056606329095260845,3.27,-0.06446943432092667,0.0037369174714654628,19.0,0.20445579290390015,0.011851111037233106,9.8,0.09353825449943542,0.005421867605496603,0.0,-0.15575645864009857,0.00902829438037802,0.0,0.0678858757019043,0.003934948672162206,66.0,-0.2913782596588135,0.016889499974576005,0.0,-0.020651020109653473,0.0011970193109992755,0.0,0.06719505786895752,0.0038949059874895287,0.0,0.235105961561203,0.013627722728731377,0.0
db52431bac750abc,ddos_wisenet-camera_80,wisenet-camera,1,1,detected,0.9991589784622192,1.621246337890625e-05,0.07767628201103513,-0.17074987292289734,104,13.444008827209473,7.080064296722412,-6.3639445304870605,118,119,14.76522445678711,0.8558540310437737,234.0,-0.051658183336257935,0.0029943238976236387,67.33,-0.25814270973205566,0.014963028794810289,404.0,-0.9765744209289551,0.056606329095260845,3.27,-0.06446943432092667,0.0037369174714654628,19.0,0.20445579290390015,0.011851111037233106,9.8,0.09353825449943542,0.005421867605496603,0.0,-0.15575645864009857,0.00902829438037802,0.0,0.0678858757019043,0.003934948672162206,66.0,-0.2913782596588135,0.016889499974576005,0.0,-0.020651020109653473,0.0011970193109992755,0.0,0.06719505786895752,0.0038949059874895287,0.0,0.235105961561203,0.013627722728731377,0.0
25110de2d24bba2f,ddos_wisenet-camera_80,wisenet-camera,1,1,detected,0.9991589784622192,1.621246337890625e-05,0.07767628201103513,-0.17074987292289734,104,13.444008827209473,7.080064296722412,-6.3639445304870605,118,119,14.76522445678711,0.8558540310437737,234.0,-0.051658183336257935,0.0029943238976236387,67.33,-0.25814270973205566,0.014963028794810289,404.0,-0.9765744209289551,0.056606329095260845,3.27,-0.06446943432092667,0.0037369174714654628,19.0,0.20445579290390015,0.011851111037233106,9.8,0.09353825449943542,0.005421867605496603,0.0,-0.15575645864009857,0.00902829438037802,0.0,0.0678858757019043,0.003934948672162206,66.0,-0.2913782596588135,0.016889499974576005,0.0,-0.020651020109653473,0.0011970193109992755,0.0,0.06719505786895752,0.0038949059874895287,0.0,0.235105961561203,0.013627722728731377,0.0
8068505585066b91,ddos_wisenet-camera_80,wisenet-camera,1,1,detected,0.9991589784622192,1.621246337890625e-05,0.07767628201103513,-0.17074987292289734,104,13.444008827209473,7.080064296722412,-6.3639445304870605,118,119,14.76522445678711,0.8558540310437737,234.0,-0.051658183336257935,0.0029943238976236387,67.33,-0.25814270973205566,0.014963028794810289,404.0,-0.9765744209289551,0.056606329095260845,3.27,-0.06446943432092667,0.0037369174714654628,19.0,0.20445579290390015,0.011851111037233106,9.8,0.09353825449943542,0.005421867605496603,0.0,-0.15575645864009857,0.00902829438037802,0.0,0.0678858757019043,0.003934948672162206,66.0,-0.2913782596588135,0.016889499974576005,0.0,-0.020651020109653473,0.0011970193109992755,0.0,0.06719505786895752,0.0038949059874895287,0.0,0.235105961561203,0.013627722728731377,0.0
41de0bb10fba9a81,ddos_wisenet-camera_80,wisenet-camera,1,1,detected,0.9991589784622192,1.621246337890625e-05,0.07767628201103513,-0.17074987292289734,104,13.444008827209473,7.080064296722412,-6.3639445304870605,118,119,14.76522445678711,0.8558540310437737,234.0,-0.051658183336257935,0.0029943238976236387,67.33,-0.25814270973205566,0.014963028794810289,404.0,-0.9765744209289551,0.056606329095260845,3.27,-0.06446943432092667,0.0037369174714654628,19.0,0.20445579290390015,0.011851111037233106,9.8,0.09353825449943542,0.005421867605496603,0.0,-0.15575645864009857,0.00902829438037802,0.0,0.0678858757019043,0.003934948672162206,66.0,-0.2913782596588135,0.016889499974576005,0.0,-0.020651020109653473,0.0011970193109992755,0.0,0.06719505786895752,0.0038949059874895287,0.0,0.235105961561203,0.013627722728731377,0.0
3654ec479e42f261,ddos_wisenet-camera_80,wisenet-camera,1,1,detected,0.9991589784622192,1.621246337890625e-05,0.07767628201103513,-0.17074987292289734,104,13.444008827209473,7.080064296722412,-6.3639445304870605,118,119,14.76522445678711,0.8558540310437737,234.0,-0.051658183336257935,0.0029943238976236387,67.33,-0.25814270973205566,0.014963028794810289,404.0,-0.9765744209289551,0.056606329095260845,3.27,-0.06446943432092667,0.0037369174714654628,19.0,0.20445579290390015,0.011851111037233106,9.8,0.09353825449943542,0.005421867605496603,0.0,-0.15575645864009857,0.00902829438037802,0.0,0.0678858757019043,0.003934948672162206,66.0,-0.2913782596588135,0.016889499974576005,0.0,-0.020651020109653473,0.0011970193109992755,0.0,0.06719505786895752,0.0038949059874895287,0.0,0.235105961561203,0.013627722728731377,0.0
95487f64c3b78082,ddos_wisenet-camera_80,wisenet-camera,1,1,detected,0.9991589784622192,1.621246337890625e-05,0.07767628201103513,-0.17074987292289734,104,13.444008827209473,7.080064296722412,-6.3639445304870605,118,119,14.76522445678711,0.8558540310437737,234.0,-0.051658183336257935,0.0029943238976236387,67.33,-0.25814270973205566,0.014963028794810289,404.0,-0.9765744209289551,0.056606329095260845,3.27,-0.06446943432092667,0.0037369174714654628,19.0,0.20445579290390015,0.011851111037233106,9.8,0.09353825449943542,0.005421867605496603,0.0,-0.15575645864009857,0.00902829438037802,0.0,0.0678858757019043,0.003934948672162206,66.0,-0.2913782596588135,0.016889499974576005,0.0,-0.020651020109653473,0.0011970193109992755,0.0,0.06719505786895752,0.0038949059874895287,0.0,0.235105961561203,0.013627722728731377,0.0
70d3c845c3657b55,ddos_wisenet-camera_80,wisenet-camera,1,1,detected,0.9991589784622192,1.621246337890625e-05,0.07767628201103513,-0.17074987292289734,104,13.444008827209473,7.080064296722412,-6.3639445304870605,118,119,14.76522445678711,0.8558540310437737,234.0,-0.051658183336257935,0.0029943238976236387,67.33,-0.25814270973205566,0.014963028794810289,404.0,-0.9765744209289551,0.056606329095260845,3.27,-0.06446943432092667,0.0037369174714654628,19.0,0.20445579290390015,0.011851111037233106,9.8,0.09353825449943542,0.005421867605496603,0.0,-0.15575645864009857,0.00902829438037802,0.0,0.0678858757019043,0.003934948672162206,66.0,-0.2913782596588135,0.016889499974576005,0.0,-0.020651020109653473,0.0011970193109992755,0.0,0.06719505786895752,0.0038949059874895287,0.0,0.235105961561203,0.013627722728731377,0.0
9f0d5baf019c4557,ddos_wisenet-camera_80,wisenet-camera,1,1,detected,0.9991589784622192,1.621246337890625e-05,0.07767628201103513,-0.17074987292289734,104,13.444008827209473,7.080064296722412,-6.3639445304870605,118,119,14.76522445678711,0.8558540310437737,234.0,-0.051658183336257935,0.0029943238976236387,67.33,-0.25814270973205566,0.014963028794810289,404.0,-0.9765744209289551,0.056606329095260845,3.27,-0.06446943432092667,0.0037369174714654628,19.0,0.20445579290390015,0.011851111037233106,9.8,0.09353825449943542,0.005421867605496603,0.0,-0.15575645864009857,0.00902829438037802,0.0,0.0678858757019043,0.003934948672162206,66.0,-0.2913782596588135,0.016889499974576005,0.0,-0.020651020109653473,0.0011970193109992755,0.0,0.06719505786895752,0.0038949059874895287,0.0,0.235105961561203,0.013627722728731377,0.0
7e814730096af0ba,ddos_wisenet-camera_80,wisenet-camera,1,1,detected,0.9991589784622192,1.621246337890625e-05,0.07767628201103513,-0.17074987292289734,104,13.444008827209473,7.080064296722412,-6.3639445304870605,118,119,14.76522445678711,0.8558540310437737,234.0,-0.051658183336257935,0.0029943238976236387,67.33,-0.25814270973205566,0.014963028794810289,404.0,-0.9765744209289551,0.056606329095260845,3.27,-0.06446943432092667,0.0037369174714654628,19.0,0.20445579290390015,0.011851111037233106,9.8,0.09353825449943542,0.005421867605496603,0.0,-0.15575645864009857,0.00902829438037802,0.0,0.0678858757019043,0.003934948672162206,66.0,-0.2913782596588135,0.016889499974576005,0.0,-0.020651020109653473,0.0011970193109992755,0.0,0.06719505786895752,0.0038949059874895287,0.0,0.235105961561203,0.013627722728731377,0.0
ad46fcf9b7f894f2,ddos_wisenet-camera_80,wisenet-camera,1,1,detected,0.9991589784622192,1.621246337890625e-05,0.07767628201103513,-0.17074987292289734,104,13.444008827209473,7.080064296722412,-6.3639445304870605,118,119,14.76522445678711,0.8558540310437737,234.0,-0.051658183336257935,0.0029943238976236387,67.33,-0.25814270973205566,0.014963028794810289,404.0,-0.9765744209289551,0.056606329095260845,3.27,-0.06446943432092667,0.0037369174714654628,19.0,0.20445579290390015,0.011851111037233106,9.8,0.09353825449943542,0.005421867605496603,0.0,-0.15575645864009857,0.00902829438037802,0.0,0.0678858757019043,0.003934948672162206,66.0,-0.2913782596588135,0.016889499974576005,0.0,-0.020651020109653473,0.0011970193109992755,0.0,0.06719505786895752,0.0038949059874895287,0.0,0.235105961561203,0.013627722728731377,0.0
dfd20ef7d5b78e97,ddos_wisenet-camera_80,wisenet-camera,1,1,detected,0.9991589784622192,1.621246337890625e-05,0.07767628201103513,-0.17074987292289734,104,13.444008827209473,7.080064296722412,-6.3639445304870605,118,119,14.76522445678711,0.8558540310437737,234.0,-0.051658183336257935,0.0029943238976236387,67.33,-0.25814270973205566,0.014963028794810289,404.0,-0.9765744209289551,0.056606329095260845,3.27,-0.06446943432092667,0.0037369174714654628,19.0,0.20445579290390015,0.011851111037233106,9.8,0.09353825449943542,0.005421867605496603,0.0,-0.15575645864009857,0.00902829438037802,0.0,0.0678858757019043,0.003934948672162206,66.0,-0.2913782596588135,0.016889499974576005,0.0,-0.020651020109653473,0.0011970193109992755,0.0,0.06719505786895752,0.0038949059874895287,0.0,0.235105961561203,0.013627722728731377,0.0
2ad06d600a736c1d,ddos_wisenet-camera_80,wisenet-camera,1,1,detected,0.9991589784622192,1.621246337890625e-05,0.07767628201103513,-0.17074987292289734,104,13.444008827209473,7.080064296722412,-6.3639445304870605,118,119,14.76522445678711,0.8558540310437737,234.0,-0.051658183336257935,0.0029943238976236387,67.33,-0.25814270973205566,0.014963028794810289,404.0,-0.9765744209289551,0.056606329095260845,3.27,-0.06446943432092667,0.0037369174714654628,19.0,0.20445579290390015,0.011851111037233106,9.8,0.09353825449943542,0.005421867605496603,0.0,-0.15575645864009857,0.00902829438037802,0.0,0.0678858757019043,0.003934948672162206,66.0,-0.2913782596588135,0.016889499974576005,0.0,-0.020651020109653473,0.0011970193109992755,0.0,0.06719505786895752,0.0038949059874895287,0.0,0.235105961561203,0.013627722728731377,0.0
6e241c657fd0dd24,ddos_wisenet-camera_80,wisenet-camera,1,1,detected,0.9991589784622192,1.621246337890625e-05,0.07767628201103513,-0.17074987292289734,104,13.444008827209473,7.080064296722412,-6.3639445304870605,118,119,14.76522445678711,0.8558540310437737,234.0,-0.051658183336257935,0.0029943238976236387,67.33,-0.25814270973205566,0.014963028794810289,404.0,-0.9765744209289551,0.056606329095260845,3.27,-0.06446943432092667,0.0037369174714654628,19.0,0.20445579290390015,0.011851111037233106,9.8,0.09353825449943542,0.005421867605496603,0.0,-0.15575645864009857,0.00902829438037802,0.0,0.0678858757019043,0.003934948672162206,66.0,-0.2913782596588135,0.016889499974576005,0.0,-0.020651020109653473,0.0011970193109992755,0.0,0.06719505786895752,0.0038949059874895287,0.0,0.235105961561203,0.013627722728731377,0.0
eee2abca1fac9142,ddos_wisenet-camera_80,wisenet-camera,1,1,detected,0.9991589784622192,1.621246337890625e-05,0.07767628201103513,-0.17074987292289734,104,13.444008827209473,7.080064296722412,-6.3639445304870605,118,119,14.76522445678711,0.8558540310437737,234.0,-0.051658183336257935,0.0029943238976236387,67.33,-0.25814270973205566,0.014963028794810289,404.0,-0.9765744209289551,0.056606329095260845,3.27,-0.06446943432092667,0.0037369174714654628,19.0,0.20445579290390015,0.011851111037233106,9.8,0.09353825449943542,0.005421867605496603,0.0,-0.15575645864009857,0.00902829438037802,0.0,0.0678858757019043,0.003934948672162206,66.0,-0.2913782596588135,0.016889499974576005,0.0,-0.020651020109653473,0.0011970193109992755,0.0,0.06719505786895752,0.0038949059874895287,0.0,0.235105961561203,0.013627722728731377,0.0
b36314c387294f93,ddos_wisenet-camera_80,wisenet-camera,1,1,detected,0.9991589784622192,1.621246337890625e-05,0.07767628201103513,-0.17074987292289734,104,13.444008827209473,7.080064296722412,-6.3639445304870605,118,119,14.76522445678711,0.8558540310437737,234.0,-0.051658183336257935,0.0029943238976236387,67.33,-0.25814270973205566,0.014963028794810289,404.0,-0.9765744209289551,0.056606329095260845,3.27,-0.06446943432092667,0.0037369174714654628,19.0,0.20445579290390015,0.011851111037233106,9.8,0.09353825449943542,0.005421867605496603,0.0,-0.15575645864009857,0.00902829438037802,0.0,0.0678858757019043,0.003934948672162206,66.0,-0.2913782596588135,0.016889499974576005,0.0,-0.020651020109653473,0.0011970193109992755,0.0,0.06719505786895752,0.0038949059874895287,0.0,0.235105961561203,0.013627722728731377,0.0
a4f51cfd91707fcc,ddos_wisenet-camera_80,wisenet-camera,1,1,detected,0.9991589784622192,1.621246337890625e-05,0.07767628201103513,-0.17074987292289734,104,13.444008827209473,7.080064296722412,-6.3639445304870605,118,119,14.76522445678711,0.8558540310437737,234.0,-0.051658183336257935,0.0029943238976236387,67.33,-0.25814270973205566,0.014963028794810289,404.0,-0.9765744209289551,0.056606329095260845,3.27,-0.06446943432092667,0.0037369174714654628,19.0,0.20445579290390015,0.011851111037233106,9.8,0.09353825449943542,0.005421867605496603,0.0,-0.15575645864009857,0.00902829438037802,0.0,0.0678858757019043,0.003934948672162206,66.0,-0.2913782596588135,0.016889499974576005,0.0,-0.020651020109653473,0.0011970193109992755,0.0,0.06719505786895752,0.0038949059874895287,0.0,0.235105961561203,0.013627722728731377,0.0
82dc5de26e1856c1,ddos_wisenet-camera_80,wisenet-camera,1,1,detected,0.9991589784622192,1.621246337890625e-05,0.07767628201103513,-0.17074987292289734,104,13.444008827209473,7.080064296722412,-6.3639445304870605,118,119,14.76522445678711,0.8558540310437737,234.0,-0.051658183336257935,0.0029943238976236387,67.33,-0.25814270973205566,0.014963028794810289,404.0,-0.9765744209289551,0.056606329095260845,3.27,-0.06446943432092667,0.0037369174714654628,19.0,0.20445579290390015,0.011851111037233106,9.8,0.09353825449943542,0.005421867605496603,0.0,-0.15575645864009857,0.00902829438037802,0.0,0.0678858757019043,0.003934948672162206,66.0,-0.2913782596588135,0.016889499974576005,0.0,-0.020651020109653473,0.0011970193109992755,0.0,0.06719505786895752,0.0038949059874895287,0.0,0.235105961561203,0.013627722728731377,0.0
7ffd2ef4a45510a9,ddos_wisenet-camera_80,wisenet-camera,1,1,detected,0.9991589784622192,1.621246337890625e-05,0.07767628201103513,-0.17074987292289734,104,13.444008827209473,7.080064296722412,-6.3639445304870605,118,119,14.76522445678711,0.8558540310437737,234.0,-0.051658183336257935,0.0029943238976236387,67.33,-0.25814270973205566,0.014963028794810289,404.0,-0.9765744209289551,0.056606329095260845,3.27,-0.06446943432092667,0.0037369174714654628,19.0,0.20445579290390015,0.011851111037233106,9.8,0.09353825449943542,0.005421867605496603,0.0,-0.15575645864009857,0.00902829438037802,0.0,0.0678858757019043,0.003934948672162206,66.0,-0.2913782596588135,0.016889499974576005,0.0,-0.020651020109653473,0.0011970193109992755,0.0,0.06719505786895752,0.0038949059874895287,0.0,0.235105961561203,0.013627722728731377,0.0
92a2123565109d6a,ddos_wisenet-camera_80,wisenet-camera,1,1,detected,0.9991589784622192,1.621246337890625e-05,0.07767628201103513,-0.17074987292289734,104,13.444008827209473,7.080064296722412,-6.3639445304870605,118,119,14.76522445678711,0.8558540310437737,234.0,-0.051658183336257935,0.0029943238976236387,67.33,-0.25814270973205566,0.014963028794810289,404.0,-0.9765744209289551,0.056606329095260845,3.27,-0.06446943432092667,0.0037369174714654628,19.0,0.20445579290390015,0.011851111037233106,9.8,0.09353825449943542,0.005421867605496603,0.0,-0.15575645864009857,0.00902829438037802,0.0,0.0678858757019043,0.003934948672162206,66.0,-0.2913782596588135,0.016889499974576005,0.0,-0.020651020109653473,0.0011970193109992755,0.0,0.06719505786895752,0.0038949059874895287,0.0,0.235105961561203,0.013627722728731377,0.0
fd3c4ce866101068,ddos_wisenet-camera_80,wisenet-camera,1,1,detected,0.9991589784622192,1.621246337890625e-05,0.07767628201103513,-0.17074987292289734,104,13.444008827209473,7.080064296722412,-6.3639445304870605,118,119,14.76522445678711,0.8558540310437737,234.0,-0.051658183336257935,0.0029943238976236387,67.33,-0.25814270973205566,0.014963028794810289,404.0,-0.9765744209289551,0.056606329095260845,3.27,-0.06446943432092667,0.0037369174714654628,19.0,0.20445579290390015,0.011851111037233106,9.8,0.09353825449943542,0.005421867605496603,0.0,-0.15575645864009857,0.00902829438037802,0.0,0.0678858757019043,0.003934948672162206,66.0,-0.2913782596588135,0.016889499974576005,0.0,-0.020651020109653473,0.0011970193109992755,0.0,0.06719505786895752,0.0038949059874895287,0.0,0.235105961561203,0.013627722728731377,0.0
59ec2dc647038c06,ddos_wisenet-camera_80,wisenet-camera,1,1,detected,0.9991589784622192,1.621246337890625e-05,0.07767628201103513,-0.17074987292289734,104,13.444008827209473,7.080064296722412,-6.3639445304870605,118,119,14.76522445678711,0.8558540310437737,234.0,-0.051658183336257935,0.0029943238976236387,67.33,-0.25814270973205566,0.014963028794810289,404.0,-0.9765744209289551,0.056606329095260845,3.27,-0.06446943432092667,0.0037369174714654628,19.0,0.20445579290390015,0.011851111037233106,9.8,0.09353825449943542,0.005421867605496603,0.0,-0.15575645864009857,0.00902829438037802,0.0,0.0678858757019043,0.003934948672162206,66.0,-0.2913782596588135,0.016889499974576005,0.0,-0.020651020109653473,0.0011970193109992755,0.0,0.06719505786895752,0.0038949059874895287,0.0,0.235105961561203,0.013627722728731377,0.0
1f64bcc12edb1199,ddos_wisenet-camera_80,wisenet-camera,1,1,detected,0.9991589784622192,1.621246337890625e-05,0.07767628201103513,-0.17074987292289734,104,13.444008827209473,7.080064296722412,-6.3639445304870605,118,119,14.76522445678711,0.8558540310437737,234.0,-0.051658183336257935,0.0029943238976236387,67.33,-0.25814270973205566,0.014963028794810289,404.0,-0.9765744209289551,0.056606329095260845,3.27,-0.06446943432092667,0.0037369174714654628,19.0,0.20445579290390015,0.011851111037233106,9.8,0.09353825449943542,0.005421867605496603,0.0,-0.15575645864009857,0.00902829438037802,0.0,0.0678858757019043,0.003934948672162206,66.0,-0.2913782596588135,0.016889499974576005,0.0,-0.020651020109653473,0.0011970193109992755,0.0,0.06719505786895752,0.0038949059874895287,0.0,0.235105961561203,0.013627722728731377,0.0
1fbac1e5f38be029,ddos_wisenet-camera_80,wisenet-camera,1,1,detected,0.9991589784622192,1.621246337890625e-05,0.07767628201103513,-0.17074987292289734,104,13.444008827209473,7.080064296722412,-6.3639445304870605,118,119,14.76522445678711,0.8558540310437737,234.0,-0.051658183336257935,0.0029943238976236387,67.33,-0.25814270973205566,0.014963028794810289,404.0,-0.9765744209289551,0.056606329095260845,3.27,-0.06446943432092667,0.0037369174714654628,19.0,0.20445579290390015,0.011851111037233106,9.8,0.09353825449943542,0.005421867605496603,0.0,-0.15575645864009857,0.00902829438037802,0.0,0.0678858757019043,0.003934948672162206,66.0,-0.2913782596588135,0.016889499974576005,0.0,-0.020651020109653473,0.0011970193109992755,0.0,0.06719505786895752,0.0038949059874895287,0.0,0.235105961561203,0.013627722728731377,0.0
9ac9b39ab2eb7d5f,ddos_wisenet-camera_80,wisenet-camera,1,1,detected,0.9991589784622192,1.621246337890625e-05,0.07767628201103513,-0.17074987292289734,104,13.444008827209473,7.080064296722412,-6.3639445304870605,118,119,14.76522445678711,0.8558540310437737,234.0,-0.051658183336257935,0.0029943238976236387,67.33,-0.25814270973205566,0.014963028794810289,404.0,-0.9765744209289551,0.056606329095260845,3.27,-0.06446943432092667,0.0037369174714654628,19.0,0.20445579290390015,0.011851111037233106,9.8,0.09353825449943542,0.005421867605496603,0.0,-0.15575645864009857,0.00902829438037802,0.0,0.0678858757019043,0.003934948672162206,66.0,-0.2913782596588135,0.016889499974576005,0.0,-0.020651020109653473,0.0011970193109992755,0.0,0.06719505786895752,0.0038949059874895287,0.0,0.235105961561203,0.013627722728731377,0.0
fdc8956b18c0de91,ddos_wisenet-camera_80,wisenet-camera,1,1,detected,0.9991589784622192,1.621246337890625e-05,0.07767628201103513,-0.17074987292289734,104,13.444008827209473,7.080064296722412,-6.3639445304870605,118,119,14.76522445678711,0.8558540310437737,234.0,-0.051658183336257935,0.0029943238976236387,67.33,-0.25814270973205566,0.014963028794810289,404.0,-0.9765744209289551,0.056606329095260845,3.27,-0.06446943432092667,0.0037369174714654628,19.0,0.20445579290390015,0.011851111037233106,9.8,0.09353825449943542,0.005421867605496603,0.0,-0.15575645864009857,0.00902829438037802,0.0,0.0678858757019043,0.003934948672162206,66.0,-0.2913782596588135,0.016889499974576005,0.0,-0.020651020109653473,0.0011970193109992755,0.0,0.06719505786895752,0.0038949059874895287,0.0,0.235105961561203,0.013627722728731377,0.0
1ef41cc53e15895c,ddos_wisenet-camera_80,wisenet-camera,1,1,detected,0.9991589784622192,1.621246337890625e-05,0.07767628201103513,-0.17074987292289734,104,13.444008827209473,7.080064296722412,-6.3639445304870605,118,119,14.76522445678711,0.8558540310437737,234.0,-0.051658183336257935,0.0029943238976236387,67.33,-0.25814270973205566,0.014963028794810289,404.0,-0.9765744209289551,0.056606329095260845,3.27,-0.06446943432092667,0.0037369174714654628,19.0,0.20445579290390015,0.011851111037233106,9.8,0.09353825449943542,0.005421867605496603,0.0,-0.15575645864009857,0.00902829438037802,0.0,0.0678858757019043,0.003934948672162206,66.0,-0.2913782596588135,0.016889499974576005,0.0,-0.020651020109653473,0.0011970193109992755,0.0,0.06719505786895752,0.0038949059874895287,0.0,0.235105961561203,0.013627722728731377,0.0
c643ad2a162dcc7c,ddos_wisenet-camera_80,wisenet-camera,1,1,detected,0.9991589784622192,1.621246337890625e-05,0.07767628201103513,-0.17074987292289734,104,13.444008827209473,7.080064296722412,-6.3639445304870605,118,119,14.76522445678711,0.8558540310437737,234.0,-0.051658183336257935,0.0029943238976236387,67.33,-0.25814270973205566,0.014963028794810289,404.0,-0.9765744209289551,0.056606329095260845,3.27,-0.06446943432092667,0.0037369174714654628,19.0,0.20445579290390015,0.011851111037233106,9.8,0.09353825449943542,0.005421867605496603,0.0,-0.15575645864009857,0.00902829438037802,0.0,0.0678858757019043,0.003934948672162206,66.0,-0.2913782596588135,0.016889499974576005,0.0,-0.020651020109653473,0.0011970193109992755,0.0,0.06719505786895752,0.0038949059874895287,0.0,0.235105961561203,0.013627722728731377,0.0
d4f4679c0669913e,ddos_wisenet-camera_80,wisenet-camera,1,1,detected,0.9991589784622192,1.621246337890625e-05,0.07767628201103513,-0.17074987292289734,104,13.444008827209473,7.080064296722412,-6.3639445304870605,118,119,14.76522445678711,0.8558540310437737,234.0,-0.051658183336257935,0.0029943238976236387,67.33,-0.25814270973205566,0.014963028794810289,404.0,-0.9765744209289551,0.056606329095260845,3.27,-0.06446943432092667,0.0037369174714654628,19.0,0.20445579290390015,0.011851111037233106,9.8,0.09353825449943542,0.005421867605496603,0.0,-0.15575645864009857,0.00902829438037802,0.0,0.0678858757019043,0.003934948672162206,66.0,-0.2913782596588135,0.016889499974576005,0.0,-0.020651020109653473,0.0011970193109992755,0.0,0.06719505786895752,0.0038949059874895287,0.0,0.235105961561203,0.013627722728731377,0.0
bfd6753d2fd5cb44,ddos_wisenet-camera_80,wisenet-camera,1,1,detected,0.9991589784622192,1.621246337890625e-05,0.07767628201103513,-0.17074987292289734,104,13.444008827209473,7.080064296722412,-6.3639445304870605,118,119,14.76522445678711,0.8558540310437737,234.0,-0.051658183336257935,0.0029943238976236387,67.33,-0.25814270973205566,0.014963028794810289,404.0,-0.9765744209289551,0.056606329095260845,3.27,-0.06446943432092667,0.0037369174714654628,19.0,0.20445579290390015,0.011851111037233106,9.8,0.09353825449943542,0.005421867605496603,0.0,-0.15575645864009857,0.00902829438037802,0.0,0.0678858757019043,0.003934948672162206,66.0,-0.2913782596588135,0.016889499974576005,0.0,-0.020651020109653473,0.0011970193109992755,0.0,0.06719505786895752,0.0038949059874895287,0.0,0.235105961561203,0.013627722728731377,0.0
6bc64748cf381e7f,ddos_wisenet-camera_80,wisenet-camera,1,1,detected,0.9991589784622192,1.621246337890625e-05,0.07767628201103513,-0.17074987292289734,104,13.444008827209473,7.080064296722412,-6.3639445304870605,118,119,14.76522445678711,0.8558540310437737,234.0,-0.051658183336257935,0.0029943238976236387,67.33,-0.25814270973205566,0.014963028794810289,404.0,-0.9765744209289551,0.056606329095260845,3.27,-0.06446943432092667,0.0037369174714654628,19.0,0.20445579290390015,0.011851111037233106,9.8,0.09353825449943542,0.005421867605496603,0.0,-0.15575645864009857,0.00902829438037802,0.0,0.0678858757019043,0.003934948672162206,66.0,-0.2913782596588135,0.016889499974576005,0.0,-0.020651020109653473,0.0011970193109992755,0.0,0.06719505786895752,0.0038949059874895287,0.0,0.235105961561203,0.013627722728731377,0.0
884c58cb00bd57f9,ddos_wisenet-camera_80,wisenet-camera,1,1,detected,0.9991589784622192,1.621246337890625e-05,0.07767628201103513,-0.17074987292289734,104,13.444008827209473,7.080064296722412,-6.3639445304870605,118,119,14.76522445678711,0.8558540310437737,234.0,-0.051658183336257935,0.0029943238976236387,67.33,-0.25814270973205566,0.014963028794810289,404.0,-0.9765744209289551,0.056606329095260845,3.27,-0.06446943432092667,0.0037369174714654628,19.0,0.20445579290390015,0.011851111037233106,9.8,0.09353825449943542,0.005421867605496603,0.0,-0.15575645864009857,0.00902829438037802,0.0,0.0678858757019043,0.003934948672162206,66.0,-0.2913782596588135,0.016889499974576005,0.0,-0.020651020109653473,0.0011970193109992755,0.0,0.06719505786895752,0.0038949059874895287,0.0,0.235105961561203,0.013627722728731377,0.0
2e4b8a77e311cc50,ddos_wisenet-camera_80,wisenet-camera,1,1,detected,0.9991589784622192,1.621246337890625e-05,0.07767628201103513,-0.17074987292289734,104,13.444008827209473,7.080064296722412,-6.3639445304870605,118,119,14.76522445678711,0.8558540310437737,234.0,-0.051658183336257935,0.0029943238976236387,67.33,-0.25814270973205566,0.014963028794810289,404.0,-0.9765744209289551,0.056606329095260845,3.27,-0.06446943432092667,0.0037369174714654628,19.0,0.20445579290390015,0.011851111037233106,9.8,0.09353825449943542,0.005421867605496603,0.0,-0.15575645864009857,0.00902829438037802,0.0,0.0678858757019043,0.003934948672162206,66.0,-0.2913782596588135,0.016889499974576005,0.0,-0.020651020109653473,0.0011970193109992755,0.0,0.06719505786895752,0.0038949059874895287,0.0,0.235105961561203,0.013627722728731377,0.0
5e50a29ff1921f94,ddos_wisenet-camera_80,wisenet-camera,1,1,detected,0.9991589784622192,1.621246337890625e-05,0.07767628201103513,-0.17074987292289734,104,13.444008827209473,7.080064296722412,-6.3639445304870605,118,119,14.76522445678711,0.8558540310437737,234.0,-0.051658183336257935,0.0029943238976236387,67.33,-0.25814270973205566,0.014963028794810289,404.0,-0.9765744209289551,0.056606329095260845,3.27,-0.06446943432092667,0.0037369174714654628,19.0,0.20445579290390015,0.011851111037233106,9.8,0.09353825449943542,0.005421867605496603,0.0,-0.15575645864009857,0.00902829438037802,0.0,0.0678858757019043,0.003934948672162206,66.0,-0.2913782596588135,0.016889499974576005,0.0,-0.020651020109653473,0.0011970193109992755,0.0,0.06719505786895752,0.0038949059874895287,0.0,0.235105961561203,0.013627722728731377,0.0
9e9e1be68e9bee85,ddos_wisenet-camera_80,wisenet-camera,1,1,detected,0.9991589784622192,1.621246337890625e-05,0.07767628201103513,-0.17074987292289734,104,13.444008827209473,7.080064296722412,-6.3639445304870605,118,119,14.76522445678711,0.8558540310437737,234.0,-0.051658183336257935,0.0029943238976236387,67.33,-0.25814270973205566,0.014963028794810289,404.0,-0.9765744209289551,0.056606329095260845,3.27,-0.06446943432092667,0.0037369174714654628,19.0,0.20445579290390015,0.011851111037233106,9.8,0.09353825449943542,0.005421867605496603,0.0,-0.15575645864009857,0.00902829438037802,0.0,0.0678858757019043,0.003934948672162206,66.0,-0.2913782596588135,0.016889499974576005,0.0,-0.020651020109653473,0.0011970193109992755,0.0,0.06719505786895752,0.0038949059874895287,0.0,0.235105961561203,0.013627722728731377,0.0
9a9f29c86ea15fbb,ddos_wisenet-camera_80,wisenet-camera,1,1,detected,0.9991589784622192,1.621246337890625e-05,0.07767628201103513,-0.17074987292289734,104,13.444008827209473,7.080064296722412,-6.3639445304870605,118,119,14.76522445678711,0.8558540310437737,234.0,-0.051658183336257935,0.0029943238976236387,67.33,-0.25814270973205566,0.014963028794810289,404.0,-0.9765744209289551,0.056606329095260845,3.27,-0.06446943432092667,0.0037369174714654628,19.0,0.20445579290390015,0.011851111037233106,9.8,0.09353825449943542,0.005421867605496603,0.0,-0.15575645864009857,0.00902829438037802,0.0,0.0678858757019043,0.003934948672162206,66.0,-0.2913782596588135,0.016889499974576005,0.0,-0.020651020109653473,0.0011970193109992755,0.0,0.06719505786895752,0.0038949059874895287,0.0,0.235105961561203,0.013627722728731377,0.0
95c1e2b16abdaf4c,ddos_wisenet-camera_80,wisenet-camera,1,1,detected,0.9991589784622192,1.621246337890625e-05,0.07767628201103513,-0.17074987292289734,104,13.444008827209473,7.080064296722412,-6.3639445304870605,118,119,14.76522445678711,0.8558540310437737,234.0,-0.051658183336257935,0.0029943238976236387,67.33,-0.25814270973205566,0.014963028794810289,404.0,-0.9765744209289551,0.056606329095260845,3.27,-0.06446943432092667,0.0037369174714654628,19.0,0.20445579290390015,0.011851111037233106,9.8,0.09353825449943542,0.005421867605496603,0.0,-0.15575645864009857,0.00902829438037802,0.0,0.0678858757019043,0.003934948672162206,66.0,-0.2913782596588135,0.016889499974576005,0.0,-0.020651020109653473,0.0011970193109992755,0.0,0.06719505786895752,0.0038949059874895287,0.0,0.235105961561203,0.013627722728731377,0.0
a904cd61cd7a0ba3,ddos_wisenet-camera_80,wisenet-camera,1,1,detected,0.9991589784622192,1.621246337890625e-05,0.07767628201103513,-0.17074987292289734,104,13.444008827209473,7.080064296722412,-6.3639445304870605,118,119,14.76522445678711,0.8558540310437737,234.0,-0.051658183336257935,0.0029943238976236387,67.33,-0.25814270973205566,0.014963028794810289,404.0,-0.9765744209289551,0.056606329095260845,3.27,-0.06446943432092667,0.0037369174714654628,19.0,0.20445579290390015,0.011851111037233106,9.8,0.09353825449943542,0.005421867605496603,0.0,-0.15575645864009857,0.00902829438037802,0.0,0.0678858757019043,0.003934948672162206,66.0,-0.2913782596588135,0.016889499974576005,0.0,-0.020651020109653473,0.0011970193109992755,0.0,0.06719505786895752,0.0038949059874895287,0.0,0.235105961561203,0.013627722728731377,0.0
89e676ada385aeb1,ddos_wisenet-camera_80,wisenet-camera,1,1,detected,0.9991589784622192,1.621246337890625e-05,0.07767628201103513,-0.17074987292289734,104,13.444008827209473,7.080064296722412,-6.3639445304870605,118,119,14.76522445678711,0.8558540310437737,234.0,-0.051658183336257935,0.0029943238976236387,67.33,-0.25814270973205566,0.014963028794810289,404.0,-0.9765744209289551,0.056606329095260845,3.27,-0.06446943432092667,0.0037369174714654628,19.0,0.20445579290390015,0.011851111037233106,9.8,0.09353825449943542,0.005421867605496603,0.0,-0.15575645864009857,0.00902829438037802,0.0,0.0678858757019043,0.003934948672162206,66.0,-0.2913782596588135,0.016889499974576005,0.0,-0.020651020109653473,0.0011970193109992755,0.0,0.06719505786895752,0.0038949059874895287,0.0,0.235105961561203,0.013627722728731377,0.0
66ba7d8738c10fe8,ddos_wisenet-camera_80,wisenet-camera,1,1,detected,0.9991589784622192,1.621246337890625e-05,0.07767628201103513,-0.17074987292289734,104,13.444008827209473,7.080064296722412,-6.3639445304870605,118,119,14.76522445678711,0.8558540310437737,234.0,-0.051658183336257935,0.0029943238976236387,67.33,-0.25814270973205566,0.014963028794810289,404.0,-0.9765744209289551,0.056606329095260845,3.27,-0.06446943432092667,0.0037369174714654628,19.0,0.20445579290390015,0.011851111037233106,9.8,0.09353825449943542,0.005421867605496603,0.0,-0.15575645864009857,0.00902829438037802,0.0,0.0678858757019043,0.003934948672162206,66.0,-0.2913782596588135,0.016889499974576005,0.0,-0.020651020109653473,0.0011970193109992755,0.0,0.06719505786895752,0.0038949059874895287,0.0,0.235105961561203,0.013627722728731377,0.0
aaa78fb9554a8703,ddos_wisenet-camera_80,wisenet-camera,1,1,detected,0.9991589784622192,1.621246337890625e-05,0.07767628201103513,-0.17074987292289734,104,13.444008827209473,7.080064296722412,-6.3639445304870605,118,119,14.76522445678711,0.8558540310437737,234.0,-0.051658183336257935,0.0029943238976236387,67.33,-0.25814270973205566,0.014963028794810289,404.0,-0.9765744209289551,0.056606329095260845,3.27,-0.06446943432092667,0.0037369174714654628,19.0,0.20445579290390015,0.011851111037233106,9.8,0.09353825449943542,0.005421867605496603,0.0,-0.15575645864009857,0.00902829438037802,0.0,0.0678858757019043,0.003934948672162206,66.0,-0.2913782596588135,0.016889499974576005,0.0,-0.020651020109653473,0.0011970193109992755,0.0,0.06719505786895752,0.0038949059874895287,0.0,0.235105961561203,0.013627722728731377,0.0
20c32ff4acf537fe,ddos_wisenet-camera_80,wisenet-camera,1,1,detected,0.9991589784622192,1.621246337890625e-05,0.07767628201103513,-0.17074987292289734,104,13.444008827209473,7.080064296722412,-6.3639445304870605,118,119,14.76522445678711,0.8558540310437737,234.0,-0.051658183336257935,0.0029943238976236387,67.33,-0.25814270973205566,0.014963028794810289,404.0,-0.9765744209289551,0.056606329095260845,3.27,-0.06446943432092667,0.0037369174714654628,19.0,0.20445579290390015,0.011851111037233106,9.8,0.09353825449943542,0.005421867605496603,0.0,-0.15575645864009857,0.00902829438037802,0.0,0.0678858757019043,0.003934948672162206,66.0,-0.2913782596588135,0.016889499974576005,0.0,-0.020651020109653473,0.0011970193109992755,0.0,0.06719505786895752,0.0038949059874895287,0.0,0.235105961561203,0.013627722728731377,0.0
70b115a21f04daf4,ddos_wisenet-camera_80,wisenet-camera,1,1,detected,0.9991589784622192,1.621246337890625e-05,0.07767628201103513,-0.17074987292289734,104,13.444008827209473,7.080064296722412,-6.3639445304870605,118,119,14.76522445678711,0.8558540310437737,234.0,-0.051658183336257935,0.0029943238976236387,67.33,-0.25814270973205566,0.014963028794810289,404.0,-0.9765744209289551,0.056606329095260845,3.27,-0.06446943432092667,0.0037369174714654628,19.0,0.20445579290390015,0.011851111037233106,9.8,0.09353825449943542,0.005421867605496603,0.0,-0.15575645864009857,0.00902829438037802,0.0,0.0678858757019043,0.003934948672162206,66.0,-0.2913782596588135,0.016889499974576005,0.0,-0.020651020109653473,0.0011970193109992755,0.0,0.06719505786895752,0.0038949059874895287,0.0,0.235105961561203,0.013627722728731377,0.0
9540718da6139bc9,ddos_wisenet-camera_80,wisenet-camera,1,1,detected,0.9991589784622192,1.621246337890625e-05,0.07767628201103513,-0.17074987292289734,104,13.444008827209473,7.080064296722412,-6.3639445304870605,118,119,14.76522445678711,0.8558540310437737,234.0,-0.051658183336257935,0.0029943238976236387,67.33,-0.25814270973205566,0.014963028794810289,404.0,-0.9765744209289551,0.056606329095260845,3.27,-0.06446943432092667,0.0037369174714654628,19.0,0.20445579290390015,0.011851111037233106,9.8,0.09353825449943542,0.005421867605496603,0.0,-0.15575645864009857,0.00902829438037802,0.0,0.0678858757019043,0.003934948672162206,66.0,-0.2913782596588135,0.016889499974576005,0.0,-0.020651020109653473,0.0011970193109992755,0.0,0.06719505786895752,0.0038949059874895287,0.0,0.235105961561203,0.013627722728731377,0.0
da74c2194901052d,ddos_wisenet-camera_80,wisenet-camera,1,1,detected,0.9991589784622192,1.621246337890625e-05,0.07767628201103513,-0.17074987292289734,104,13.444008827209473,7.080064296722412,-6.3639445304870605,118,119,14.76522445678711,0.8558540310437737,234.0,-0.051658183336257935,0.0029943238976236387,67.33,-0.25814270973205566,0.014963028794810289,404.0,-0.9765744209289551,0.056606329095260845,3.27,-0.06446943432092667,0.0037369174714654628,19.0,0.20445579290390015,0.011851111037233106,9.8,0.09353825449943542,0.005421867605496603,0.0,-0.15575645864009857,0.00902829438037802,0.0,0.0678858757019043,0.003934948672162206,66.0,-0.2913782596588135,0.016889499974576005,0.0,-0.020651020109653473,0.0011970193109992755,0.0,0.06719505786895752,0.0038949059874895287,0.0,0.235105961561203,0.013627722728731377,0.0
3d5c1bb55df91db5,ddos_wisenet-camera_80,wisenet-camera,1,1,detected,0.9991589784622192,1.621246337890625e-05,0.07767628201103513,-0.17074987292289734,104,13.444008827209473,7.080064296722412,-6.3639445304870605,118,119,14.76522445678711,0.8558540310437737,234.0,-0.051658183336257935,0.0029943238976236387,67.33,-0.25814270973205566,0.014963028794810289,404.0,-0.9765744209289551,0.056606329095260845,3.27,-0.06446943432092667,0.0037369174714654628,19.0,0.20445579290390015,0.011851111037233106,9.8,0.09353825449943542,0.005421867605496603,0.0,-0.15575645864009857,0.00902829438037802,0.0,0.0678858757019043,0.003934948672162206,66.0,-0.2913782596588135,0.016889499974576005,0.0,-0.020651020109653473,0.0011970193109992755,0.0,0.06719505786895752,0.0038949059874895287,0.0,0.235105961561203,0.013627722728731377,0.0
4accc8a2b616d9ec,ddos_wisenet-camera_80,wisenet-camera,1,1,detected,0.9991589784622192,1.621246337890625e-05,0.07767628201103513,-0.17074987292289734,104,13.444008827209473,7.080064296722412,-6.3639445304870605,118,119,14.76522445678711,0.8558540310437737,234.0,-0.051658183336257935,0.0029943238976236387,67.33,-0.25814270973205566,0.014963028794810289,404.0,-0.9765744209289551,0.056606329095260845,3.27,-0.06446943432092667,0.0037369174714654628,19.0,0.20445579290390015,0.011851111037233106,9.8,0.09353825449943542,0.005421867605496603,0.0,-0.15575645864009857,0.00902829438037802,0.0,0.0678858757019043,0.003934948672162206,66.0,-0.2913782596588135,0.016889499974576005,0.0,-0.020651020109653473,0.0011970193109992755,0.0,0.06719505786895752,0.0038949059874895287,0.0,0.235105961561203,0.013627722728731377,0.0
ddfe281cfb699c80,ddos_wisenet-camera_80,wisenet-camera,1,1,detected,0.9991589784622192,1.621246337890625e-05,0.07767628201103513,-0.17074987292289734,104,13.444008827209473,7.080064296722412,-6.3639445304870605,118,119,14.76522445678711,0.8558540310437737,234.0,-0.051658183336257935,0.0029943238976236387,67.33,-0.25814270973205566,0.014963028794810289,404.0,-0.9765744209289551,0.056606329095260845,3.27,-0.06446943432092667,0.0037369174714654628,19.0,0.20445579290390015,0.011851111037233106,9.8,0.09353825449943542,0.005421867605496603,0.0,-0.15575645864009857,0.00902829438037802,0.0,0.0678858757019043,0.003934948672162206,66.0,-0.2913782596588135,0.016889499974576005,0.0,-0.020651020109653473,0.0011970193109992755,0.0,0.06719505786895752,0.0038949059874895287,0.0,0.235105961561203,0.013627722728731377,0.0
acc5d2fc058a4e3a,ddos_wisenet-camera_80,wisenet-camera,1,1,detected,0.9991589784622192,1.621246337890625e-05,0.07767628201103513,-0.17074987292289734,104,13.444008827209473,7.080064296722412,-6.3639445304870605,118,119,14.76522445678711,0.8558540310437737,234.0,-0.051658183336257935,0.0029943238976236387,67.33,-0.25814270973205566,0.014963028794810289,404.0,-0.9765744209289551,0.056606329095260845,3.27,-0.06446943432092667,0.0037369174714654628,19.0,0.20445579290390015,0.011851111037233106,9.8,0.09353825449943542,0.005421867605496603,0.0,-0.15575645864009857,0.00902829438037802,0.0,0.0678858757019043,0.003934948672162206,66.0,-0.2913782596588135,0.016889499974576005,0.0,-0.020651020109653473,0.0011970193109992755,0.0,0.06719505786895752,0.0038949059874895287,0.0,0.235105961561203,0.013627722728731377,0.0
f4b8619ac77529e8,ddos_wisenet-camera_80,wisenet-camera,1,1,detected,0.9991589784622192,1.621246337890625e-05,0.07767628201103513,-0.17074987292289734,104,13.444008827209473,7.080064296722412,-6.3639445304870605,118,119,14.76522445678711,0.8558540310437737,234.0,-0.051658183336257935,0.0029943238976236387,67.33,-0.25814270973205566,0.014963028794810289,404.0,-0.9765744209289551,0.056606329095260845,3.27,-0.06446943432092667,0.0037369174714654628,19.0,0.20445579290390015,0.011851111037233106,9.8,0.09353825449943542,0.005421867605496603,0.0,-0.15575645864009857,0.00902829438037802,0.0,0.0678858757019043,0.003934948672162206,66.0,-0.2913782596588135,0.016889499974576005,0.0,-0.020651020109653473,0.0011970193109992755,0.0,0.06719505786895752,0.0038949059874895287,0.0,0.235105961561203,0.013627722728731377,0.0
e002deb239e5b6eb,ddos_wisenet-camera_80,wisenet-camera,1,1,detected,0.9991589784622192,1.621246337890625e-05,0.07767628201103513,-0.17074987292289734,104,13.444008827209473,7.080064296722412,-6.3639445304870605,118,119,14.76522445678711,0.8558540310437737,234.0,-0.051658183336257935,0.0029943238976236387,67.33,-0.25814270973205566,0.014963028794810289,404.0,-0.9765744209289551,0.056606329095260845,3.27,-0.06446943432092667,0.0037369174714654628,19.0,0.20445579290390015,0.011851111037233106,9.8,0.09353825449943542,0.005421867605496603,0.0,-0.15575645864009857,0.00902829438037802,0.0,0.0678858757019043,0.003934948672162206,66.0,-0.2913782596588135,0.016889499974576005,0.0,-0.020651020109653473,0.0011970193109992755,0.0,0.06719505786895752,0.0038949059874895287,0.0,0.235105961561203,0.013627722728731377,0.0
b05f0059af8882e2,ddos_wisenet-camera_80,wisenet-camera,1,1,detected,0.9991589784622192,1.621246337890625e-05,0.07767628201103513,-0.17074987292289734,104,13.444008827209473,7.080064296722412,-6.3639445304870605,118,119,14.76522445678711,0.8558540310437737,234.0,-0.051658183336257935,0.0029943238976236387,67.33,-0.25814270973205566,0.014963028794810289,404.0,-0.9765744209289551,0.056606329095260845,3.27,-0.06446943432092667,0.0037369174714654628,19.0,0.20445579290390015,0.011851111037233106,9.8,0.09353825449943542,0.005421867605496603,0.0,-0.15575645864009857,0.00902829438037802,0.0,0.0678858757019043,0.003934948672162206,66.0,-0.2913782596588135,0.016889499974576005,0.0,-0.020651020109653473,0.0011970193109992755,0.0,0.06719505786895752,0.0038949059874895287,0.0,0.235105961561203,0.013627722728731377,0.0
86c2193d52f149f2,ddos_wisenet-camera_80,wisenet-camera,1,1,detected,0.9991589784622192,1.621246337890625e-05,0.07767628201103513,-0.17074987292289734,104,13.444008827209473,7.080064296722412,-6.3639445304870605,118,119,14.76522445678711,0.8558540310437737,234.0,-0.051658183336257935,0.0029943238976236387,67.33,-0.25814270973205566,0.014963028794810289,404.0,-0.9765744209289551,0.056606329095260845,3.27,-0.06446943432092667,0.0037369174714654628,19.0,0.20445579290390015,0.011851111037233106,9.8,0.09353825449943542,0.005421867605496603,0.0,-0.15575645864009857,0.00902829438037802,0.0,0.0678858757019043,0.003934948672162206,66.0,-0.2913782596588135,0.016889499974576005,0.0,-0.020651020109653473,0.0011970193109992755,0.0,0.06719505786895752,0.0038949059874895287,0.0,0.235105961561203,0.013627722728731377,0.0
469f6439a49f3fd9,ddos_wisenet-camera_80,wisenet-camera,1,1,detected,0.9991589784622192,1.6689300537109375e-05,0.08077197207330239,0.03983273729681969,104,13.44397497177124,7.08003044128418,-6.3639445304870605,118,119,15.058838844299316,0.8488097863709201,234.0,-0.1536102294921875,0.008658427613694175,68.67,-0.16790896654129028,0.009464393336915754,206.0,-1.3644591569900513,0.07690940168305256,4.62,-0.04908151179552078,0.002766539171623379,0.0,0.1608949899673462,0.009069042007447618,0.0,0.09609614312648773,0.0054165761093287485,0.0,-0.11076008528470993,0.006243127063181875,0.0,0.02709517627954483,0.001527252600769365,66.0,-0.3065713346004486,0.017280266541145964,0.0,-0.016090765595436096,0.0009069755941227198,0.0,0.04212595149874687,0.0023744805467427682,0.0,0.1875898689031601,0.010573731361054954,0.0
b78664381f0e4dba,ddos_wisenet-camera_80,wisenet-camera,1,1,detected,0.9991589784622192,1.621246337890625e-05,0.07767628201103513,-0.17074987292289734,104,13.444008827209473,7.080064296722412,-6.3639445304870605,118,119,14.76522445678711,0.8558540310437737,234.0,-0.051658183336257935,0.0029943238976236387,67.33,-0.25814270973205566,0.014963028794810289,404.0,-0.9765744209289551,0.056606329095260845,3.27,-0.06446943432092667,0.0037369174714654628,19.0,0.20445579290390015,0.011851111037233106,9.8,0.09353825449943542,0.005421867605496603,0.0,-0.15575645864009857,0.00902829438037802,0.0,0.0678858757019043,0.003934948672162206,66.0,-0.2913782596588135,0.016889499974576005,0.0,-0.020651020109653473,0.0011970193109992755,0.0,0.06719505786895752,0.0038949059874895287,0.0,0.235105961561203,0.013627722728731377,0.0
5144f8c1022d8dba,ddos_wisenet-camera_80,wisenet-camera,1,1,detected,0.9991589784622192,1.621246337890625e-05,0.07767628201103513,-0.17074987292289734,104,13.444008827209473,7.080064296722412,-6.3639445304870605,118,119,14.76522445678711,0.8558540310437737,234.0,-0.051658183336257935,0.0029943238976236387,67.33,-0.25814270973205566,0.014963028794810289,404.0,-0.9765744209289551,0.056606329095260845,3.27,-0.06446943432092667,0.0037369174714654628,19.0,0.20445579290390015,0.011851111037233106,9.8,0.09353825449943542,0.005421867605496603,0.0,-0.15575645864009857,0.00902829438037802,0.0,0.0678858757019043,0.003934948672162206,66.0,-0.2913782596588135,0.016889499974576005,0.0,-0.020651020109653473,0.0011970193109992755,0.0,0.06719505786895752,0.0038949059874895287,0.0,0.235105961561203,0.013627722728731377,0.0
9ddc115f9296b281,ddos_wisenet-camera_80,wisenet-camera,1,1,detected,0.9991589784622192,1.621246337890625e-05,0.07767628201103513,-0.17074987292289734,104,13.444008827209473,7.080064296722412,-6.3639445304870605,118,119,14.76522445678711,0.8558540310437737,234.0,-0.051658183336257935,0.0029943238976236387,67.33,-0.25814270973205566,0.014963028794810289,404.0,-0.9765744209289551,0.056606329095260845,3.27,-0.06446943432092667,0.0037369174714654628,19.0,0.20445579290390015,0.011851111037233106,9.8,0.09353825449943542,0.005421867605496603,0.0,-0.15575645864009857,0.00902829438037802,0.0,0.0678858757019043,0.003934948672162206,66.0,-0.2913782596588135,0.016889499974576005,0.0,-0.020651020109653473,0.0011970193109992755,0.0,0.06719505786895752,0.0038949059874895287,0.0,0.235105961561203,0.013627722728731377,0.0
80b0d2c69f92416e,ddos_wisenet-camera_80,wisenet-camera,1,1,detected,0.9991589784622192,1.621246337890625e-05,0.07767628201103513,-0.17074987292289734,104,13.444008827209473,7.080064296722412,-6.3639445304870605,118,119,14.76522445678711,0.8558540310437737,234.0,-0.051658183336257935,0.0029943238976236387,67.33,-0.25814270973205566,0.014963028794810289,404.0,-0.9765744209289551,0.056606329095260845,3.27,-0.06446943432092667,0.0037369174714654628,19.0,0.20445579290390015,0.011851111037233106,9.8,0.09353825449943542,0.005421867605496603,0.0,-0.15575645864009857,0.00902829438037802,0.0,0.0678858757019043,0.003934948672162206,66.0,-0.2913782596588135,0.016889499974576005,0.0,-0.020651020109653473,0.0011970193109992755,0.0,0.06719505786895752,0.0038949059874895287,0.0,0.235105961561203,0.013627722728731377,0.0
d72cc574d47046ea,ddos_wisenet-camera_80,wisenet-camera,1,1,detected,0.9991589784622192,1.621246337890625e-05,0.07767628201103513,-0.17074987292289734,104,13.444008827209473,7.080064296722412,-6.3639445304870605,118,119,14.76522445678711,0.8558540310437737,234.0,-0.051658183336257935,0.0029943238976236387,67.33,-0.25814270973205566,0.014963028794810289,404.0,-0.9765744209289551,0.056606329095260845,3.27,-0.06446943432092667,0.0037369174714654628,19.0,0.20445579290390015,0.011851111037233106,9.8,0.09353825449943542,0.005421867605496603,0.0,-0.15575645864009857,0.00902829438037802,0.0,0.0678858757019043,0.003934948672162206,66.0,-0.2913782596588135,0.016889499974576005,0.0,-0.020651020109653473,0.0011970193109992755,0.0,0.06719505786895752,0.0038949059874895287,0.0,0.235105961561203,0.013627722728731377,0.0
bc7f81a6c68f8324,ddos_wisenet-camera_80,wisenet-camera,1,1,detected,0.9991589784622192,1.621246337890625e-05,0.07767628201103513,-0.17074987292289734,104,13.444008827209473,7.080064296722412,-6.3639445304870605,118,119,14.76522445678711,0.8558540310437737,234.0,-0.051658183336257935,0.0029943238976236387,67.33,-0.25814270973205566,0.014963028794810289,404.0,-0.9765744209289551,0.056606329095260845,3.27,-0.06446943432092667,0.0037369174714654628,19.0,0.20445579290390015,0.011851111037233106,9.8,0.09353825449943542,0.005421867605496603,0.0,-0.15575645864009857,0.00902829438037802,0.0,0.0678858757019043,0.003934948672162206,66.0,-0.2913782596588135,0.016889499974576005,0.0,-0.020651020109653473,0.0011970193109992755,0.0,0.06719505786895752,0.0038949059874895287,0.0,0.235105961561203,0.013627722728731377,0.0
74d0feb9888c73ec,ddos_wisenet-camera_80,wisenet-camera,1,1,detected,0.9991589784622192,1.621246337890625e-05,0.07767628201103513,-0.17074987292289734,104,13.444008827209473,7.080064296722412,-6.3639445304870605,118,119,14.76522445678711,0.8558540310437737,234.0,-0.051658183336257935,0.0029943238976236387,67.33,-0.25814270973205566,0.014963028794810289,404.0,-0.9765744209289551,0.056606329095260845,3.27,-0.06446943432092667,0.0037369174714654628,19.0,0.20445579290390015,0.011851111037233106,9.8,0.09353825449943542,0.005421867605496603,0.0,-0.15575645864009857,0.00902829438037802,0.0,0.0678858757019043,0.003934948672162206,66.0,-0.2913782596588135,0.016889499974576005,0.0,-0.020651020109653473,0.0011970193109992755,0.0,0.06719505786895752,0.0038949059874895287,0.0,0.235105961561203,0.013627722728731377,0.0
20972fbfc2d135d5,ddos_wisenet-camera_80,wisenet-camera,1,1,detected,0.9991589784622192,1.621246337890625e-05,0.07767628201103513,-0.17074987292289734,104,13.444008827209473,7.080064296722412,-6.3639445304870605,118,119,14.76522445678711,0.8558540310437737,234.0,-0.051658183336257935,0.0029943238976236387,67.33,-0.25814270973205566,0.014963028794810289,404.0,-0.9765744209289551,0.056606329095260845,3.27,-0.06446943432092667,0.0037369174714654628,19.0,0.20445579290390015,0.011851111037233106,9.8,0.09353825449943542,0.005421867605496603,0.0,-0.15575645864009857,0.00902829438037802,0.0,0.0678858757019043,0.003934948672162206,66.0,-0.2913782596588135,0.016889499974576005,0.0,-0.020651020109653473,0.0011970193109992755,0.0,0.06719505786895752,0.0038949059874895287,0.0,0.235105961561203,0.013627722728731377,0.0
7dae49f4b03ef406,ddos_wisenet-camera_80,wisenet-camera,1,1,detected,0.9991589784622192,1.621246337890625e-05,0.07767628201103513,-0.17074987292289734,104,13.444008827209473,7.080064296722412,-6.3639445304870605,118,119,14.76522445678711,0.8558540310437737,234.0,-0.051658183336257935,0.0029943238976236387,67.33,-0.25814270973205566,0.014963028794810289,404.0,-0.9765744209289551,0.056606329095260845,3.27,-0.06446943432092667,0.0037369174714654628,19.0,0.20445579290390015,0.011851111037233106,9.8,0.09353825449943542,0.005421867605496603,0.0,-0.15575645864009857,0.00902829438037802,0.0,0.0678858757019043,0.003934948672162206,66.0,-0.2913782596588135,0.016889499974576005,0.0,-0.020651020109653473,0.0011970193109992755,0.0,0.06719505786895752,0.0038949059874895287,0.0,0.235105961561203,0.013627722728731377,0.0
f9ae5f52b13b75a1,ddos_wisenet-camera_80,wisenet-camera,1,1,detected,0.9991589784622192,1.6689300537109375e-05,0.08077197207330239,0.03983273729681969,104,13.44397497177124,7.08003044128418,-6.3639445304870605,118,119,15.058838844299316,0.8488097863709201,234.0,-0.1536102294921875,0.008658427613694175,68.67,-0.16790896654129028,0.009464393336915754,206.0,-1.3644591569900513,0.07690940168305256,4.62,-0.04908151179552078,0.002766539171623379,0.0,0.1608949899673462,0.009069042007447618,0.0,0.09609614312648773,0.0054165761093287485,0.0,-0.11076008528470993,0.006243127063181875,0.0,0.02709517627954483,0.001527252600769365,66.0,-0.3065713346004486,0.017280266541145964,0.0,-0.016090765595436096,0.0009069755941227198,0.0,0.04212595149874687,0.0023744805467427682,0.0,0.1875898689031601,0.010573731361054954,0.0
2f669d07aee7ee39,ddos_wisenet-camera_80,wisenet-camera,1,1,detected,0.9991589784622192,1.621246337890625e-05,0.07767628201103513,-0.17074987292289734,104,13.444008827209473,7.080064296722412,-6.3639445304870605,118,119,14.76522445678711,0.8558540310437737,234.0,-0.051658183336257935,0.0029943238976236387,67.33,-0.25814270973205566,0.014963028794810289,404.0,-0.9765744209289551,0.056606329095260845,3.27,-0.06446943432092667,0.0037369174714654628,19.0,0.20445579290390015,0.011851111037233106,9.8,0.09353825449943542,0.005421867605496603,0.0,-0.15575645864009857,0.00902829438037802,0.0,0.0678858757019043,0.003934948672162206,66.0,-0.2913782596588135,0.016889499974576005,0.0,-0.020651020109653473,0.0011970193109992755,0.0,0.06719505786895752,0.0038949059874895287,0.0,0.235105961561203,0.013627722728731377,0.0
b4d5e58041425ef5,ddos_wisenet-camera_80,wisenet-camera,1,1,detected,0.9991589784622192,1.621246337890625e-05,0.07767628201103513,-0.17074987292289734,104,13.444008827209473,7.080064296722412,-6.3639445304870605,118,119,14.76522445678711,0.8558540310437737,234.0,-0.051658183336257935,0.0029943238976236387,67.33,-0.25814270973205566,0.014963028794810289,404.0,-0.9765744209289551,0.056606329095260845,3.27,-0.06446943432092667,0.0037369174714654628,19.0,0.20445579290390015,0.011851111037233106,9.8,0.09353825449943542,0.005421867605496603,0.0,-0.15575645864009857,0.00902829438037802,0.0,0.0678858757019043,0.003934948672162206,66.0,-0.2913782596588135,0.016889499974576005,0.0,-0.020651020109653473,0.0011970193109992755,0.0,0.06719505786895752,0.0038949059874895287,0.0,0.235105961561203,0.013627722728731377,0.0
8d28af18211dcc24,ddos_wisenet-camera_80,wisenet-camera,1,1,detected,0.9991589784622192,1.621246337890625e-05,0.07767628201103513,-0.17074987292289734,104,13.444008827209473,7.080064296722412,-6.3639445304870605,118,119,14.76522445678711,0.8558540310437737,234.0,-0.051658183336257935,0.0029943238976236387,67.33,-0.25814270973205566,0.014963028794810289,404.0,-0.9765744209289551,0.056606329095260845,3.27,-0.06446943432092667,0.0037369174714654628,19.0,0.20445579290390015,0.011851111037233106,9.8,0.09353825449943542,0.005421867605496603,0.0,-0.15575645864009857,0.00902829438037802,0.0,0.0678858757019043,0.003934948672162206,66.0,-0.2913782596588135,0.016889499974576005,0.0,-0.020651020109653473,0.0011970193109992755,0.0,0.06719505786895752,0.0038949059874895287,0.0,0.235105961561203,0.013627722728731377,0.0
07d882bd5d0cd79f,ddos_wisenet-camera_80,wisenet-camera,1,1,detected,0.9991589784622192,1.621246337890625e-05,0.07767628201103513,-0.17074987292289734,104,13.444008827209473,7.080064296722412,-6.3639445304870605,118,119,14.76522445678711,0.8558540310437737,234.0,-0.051658183336257935,0.0029943238976236387,67.33,-0.25814270973205566,0.014963028794810289,404.0,-0.9765744209289551,0.056606329095260845,3.27,-0.06446943432092667,0.0037369174714654628,19.0,0.20445579290390015,0.011851111037233106,9.8,0.09353825449943542,0.005421867605496603,0.0,-0.15575645864009857,0.00902829438037802,0.0,0.0678858757019043,0.003934948672162206,66.0,-0.2913782596588135,0.016889499974576005,0.0,-0.020651020109653473,0.0011970193109992755,0.0,0.06719505786895752,0.0038949059874895287,0.0,0.235105961561203,0.013627722728731377,0.0
d61548dcb065b842,ddos_wisenet-camera_80,wisenet-camera,1,1,detected,0.9991589784622192,1.621246337890625e-05,0.07767628201103513,-0.17074987292289734,104,13.444008827209473,7.080064296722412,-6.3639445304870605,118,119,14.76522445678711,0.8558540310437737,234.0,-0.051658183336257935,0.0029943238976236387,67.33,-0.25814270973205566,0.014963028794810289,404.0,-0.9765744209289551,0.056606329095260845,3.27,-0.06446943432092667,0.0037369174714654628,19.0,0.20445579290390015,0.011851111037233106,9.8,0.09353825449943542,0.005421867605496603,0.0,-0.15575645864009857,0.00902829438037802,0.0,0.0678858757019043,0.003934948672162206,66.0,-0.2913782596588135,0.016889499974576005,0.0,-0.020651020109653473,0.0011970193109992755,0.0,0.06719505786895752,0.0038949059874895287,0.0,0.235105961561203,0.013627722728731377,0.0
5b328ebb0400ef0f,ddos_wisenet-camera_80,wisenet-camera,1,1,detected,0.9991589784622192,1.6689300537109375e-05,0.08077197207330239,0.03983273729681969,104,13.44397497177124,7.08003044128418,-6.3639445304870605,118,119,15.058838844299316,0.8488097863709201,234.0,-0.1536102294921875,0.008658427613694175,68.67,-0.16790896654129028,0.009464393336915754,206.0,-1.3644591569900513,0.07690940168305256,4.62,-0.04908151179552078,0.002766539171623379,0.0,0.1608949899673462,0.009069042007447618,0.0,0.09609614312648773,0.0054165761093287485,0.0,-0.11076008528470993,0.006243127063181875,0.0,0.02709517627954483,0.001527252600769365,66.0,-0.3065713346004486,0.017280266541145964,0.0,-0.016090765595436096,0.0009069755941227198,0.0,0.04212595149874687,0.0023744805467427682,0.0,0.1875898689031601,0.010573731361054954,0.0
c858a2973350efee,ddos_wisenet-camera_80,wisenet-camera,1,1,detected,0.9991589784622192,1.621246337890625e-05,0.07767628201103513,-0.17074987292289734,104,13.444008827209473,7.080064296722412,-6.3639445304870605,118,119,14.76522445678711,0.8558540310437737,234.0,-0.051658183336257935,0.0029943238976236387,67.33,-0.25814270973205566,0.014963028794810289,404.0,-0.9765744209289551,0.056606329095260845,3.27,-0.06446943432092667,0.0037369174714654628,19.0,0.20445579290390015,0.011851111037233106,9.8,0.09353825449943542,0.005421867605496603,0.0,-0.15575645864009857,0.00902829438037802,0.0,0.0678858757019043,0.003934948672162206,66.0,-0.2913782596588135,0.016889499974576005,0.0,-0.020651020109653473,0.0011970193109992755,0.0,0.06719505786895752,0.0038949059874895287,0.0,0.235105961561203,0.013627722728731377,0.0
3bd2fe3602ee1b93,ddos_wisenet-camera_80,wisenet-camera,1,1,detected,0.9991589784622192,1.621246337890625e-05,0.07767628201103513,-0.17074987292289734,104,13.444008827209473,7.080064296722412,-6.3639445304870605,118,119,14.76522445678711,0.8558540310437737,234.0,-0.051658183336257935,0.0029943238976236387,67.33,-0.25814270973205566,0.014963028794810289,404.0,-0.9765744209289551,0.056606329095260845,3.27,-0.06446943432092667,0.0037369174714654628,19.0,0.20445579290390015,0.011851111037233106,9.8,0.09353825449943542,0.005421867605496603,0.0,-0.15575645864009857,0.00902829438037802,0.0,0.0678858757019043,0.003934948672162206,66.0,-0.2913782596588135,0.016889499974576005,0.0,-0.020651020109653473,0.0011970193109992755,0.0,0.06719505786895752,0.0038949059874895287,0.0,0.235105961561203,0.013627722728731377,0.0
ee8daf86caf91dfb,ddos_wisenet-camera_80,wisenet-camera,1,1,detected,0.9991589784622192,1.621246337890625e-05,0.07767628201103513,-0.17074987292289734,104,13.444008827209473,7.080064296722412,-6.3639445304870605,118,119,14.76522445678711,0.8558540310437737,234.0,-0.051658183336257935,0.0029943238976236387,67.33,-0.25814270973205566,0.014963028794810289,404.0,-0.9765744209289551,0.056606329095260845,3.27,-0.06446943432092667,0.0037369174714654628,19.0,0.20445579290390015,0.011851111037233106,9.8,0.09353825449943542,0.005421867605496603,0.0,-0.15575645864009857,0.00902829438037802,0.0,0.0678858757019043,0.003934948672162206,66.0,-0.2913782596588135,0.016889499974576005,0.0,-0.020651020109653473,0.0011970193109992755,0.0,0.06719505786895752,0.0038949059874895287,0.0,0.235105961561203,0.013627722728731377,0.0
1837468da68d7f51,ddos_wisenet-camera_80,wisenet-camera,1,1,detected,0.9991589784622192,1.621246337890625e-05,0.07767628201103513,-0.17074987292289734,104,13.444008827209473,7.080064296722412,-6.3639445304870605,118,119,14.76522445678711,0.8558540310437737,234.0,-0.051658183336257935,0.0029943238976236387,67.33,-0.25814270973205566,0.014963028794810289,404.0,-0.9765744209289551,0.056606329095260845,3.27,-0.06446943432092667,0.0037369174714654628,19.0,0.20445579290390015,0.011851111037233106,9.8,0.09353825449943542,0.005421867605496603,0.0,-0.15575645864009857,0.00902829438037802,0.0,0.0678858757019043,0.003934948672162206,66.0,-0.2913782596588135,0.016889499974576005,0.0,-0.020651020109653473,0.0011970193109992755,0.0,0.06719505786895752,0.0038949059874895287,0.0,0.235105961561203,0.013627722728731377,0.0
47ebd792464383a0,ddos_wisenet-camera_80,wisenet-camera,1,1,detected,0.9991589784622192,1.621246337890625e-05,0.07767628201103513,-0.17074987292289734,104,13.444008827209473,7.080064296722412,-6.3639445304870605,118,119,14.76522445678711,0.8558540310437737,234.0,-0.051658183336257935,0.0029943238976236387,67.33,-0.25814270973205566,0.014963028794810289,404.0,-0.9765744209289551,0.056606329095260845,3.27,-0.06446943432092667,0.0037369174714654628,19.0,0.20445579290390015,0.011851111037233106,9.8,0.09353825449943542,0.005421867605496603,0.0,-0.15575645864009857,0.00902829438037802,0.0,0.0678858757019043,0.003934948672162206,66.0,-0.2913782596588135,0.016889499974576005,0.0,-0.020651020109653473,0.0011970193109992755,0.0,0.06719505786895752,0.0038949059874895287,0.0,0.235105961561203,0.013627722728731377,0.0
751d3f1458539dfc,ddos_wisenet-camera_80,wisenet-camera,1,1,detected,0.9991589784622192,1.621246337890625e-05,0.07767628201103513,-0.17074987292289734,104,13.444008827209473,7.080064296722412,-6.3639445304870605,118,119,14.76522445678711,0.8558540310437737,234.0,-0.051658183336257935,0.0029943238976236387,67.33,-0.25814270973205566,0.014963028794810289,404.0,-0.9765744209289551,0.056606329095260845,3.27,-0.06446943432092667,0.0037369174714654628,19.0,0.20445579290390015,0.011851111037233106,9.8,0.09353825449943542,0.005421867605496603,0.0,-0.15575645864009857,0.00902829438037802,0.0,0.0678858757019043,0.003934948672162206,66.0,-0.2913782596588135,0.016889499974576005,0.0,-0.020651020109653473,0.0011970193109992755,0.0,0.06719505786895752,0.0038949059874895287,0.0,0.235105961561203,0.013627722728731377,0.0
bbfce6ca9bca9261,ddos_wisenet-camera_80,wisenet-camera,1,1,detected,0.9991589784622192,1.621246337890625e-05,0.07767628201103513,-0.17074987292289734,104,13.444008827209473,7.080064296722412,-6.3639445304870605,118,119,14.76522445678711,0.8558540310437737,234.0,-0.051658183336257935,0.0029943238976236387,67.33,-0.25814270973205566,0.014963028794810289,404.0,-0.9765744209289551,0.056606329095260845,3.27,-0.06446943432092667,0.0037369174714654628,19.0,0.20445579290390015,0.011851111037233106,9.8,0.09353825449943542,0.005421867605496603,0.0,-0.15575645864009857,0.00902829438037802,0.0,0.0678858757019043,0.003934948672162206,66.0,-0.2913782596588135,0.016889499974576005,0.0,-0.020651020109653473,0.0011970193109992755,0.0,0.06719505786895752,0.0038949059874895287,0.0,0.235105961561203,0.013627722728731377,0.0
383be0a23d667f2b,ddos_wisenet-camera_80,wisenet-camera,1,1,detected,0.9991589784622192,1.621246337890625e-05,0.07767628201103513,-0.17074987292289734,104,13.444008827209473,7.080064296722412,-6.3639445304870605,118,119,14.76522445678711,0.8558540310437737,234.0,-0.051658183336257935,0.0029943238976236387,67.33,-0.25814270973205566,0.014963028794810289,404.0,-0.9765744209289551,0.056606329095260845,3.27,-0.06446943432092667,0.0037369174714654628,19.0,0.20445579290390015,0.011851111037233106,9.8,0.09353825449943542,0.005421867605496603,0.0,-0.15575645864009857,0.00902829438037802,0.0,0.0678858757019043,0.003934948672162206,66.0,-0.2913782596588135,0.016889499974576005,0.0,-0.020651020109653473,0.0011970193109992755,0.0,0.06719505786895752,0.0038949059874895287,0.0,0.235105961561203,0.013627722728731377,0.0
ba330df1bddc6480,ddos_wisenet-camera_80,wisenet-camera,1,1,detected,0.9985389709472656,6.628036499023438e-05,0.09840804091752438,-0.909102026373148,100,12.887625217437744,6.527126789093018,-6.360498428344727,114,119,5.405022621154785,0.38519216865314604,74.0,0.5296449065208435,0.03774546092746391,0.0,0.11290708184242249,0.008046390692420287,0.0,0.8389725685119629,0.059789881700176614,0.0,0.5644823312759399,0.04022817083124585,2.1,0.30692362785339355,0.021873095842563018,0.0,0.029076430946588516,0.0020721492356339096,0.0,0.567914605140686,0.04047277388030591,1.0,2.123121738433838,0.15130554006215097,74.0,2.9194095134735107,0.20805346443512768,0.0,0.5168629884719849,0.036834549895654996,1.0,-0.1095154657959938,0.007804685147091125,0.0,-0.008161984384059906,0.0005816686970197074,0.0
e7b2a8213d7573db,ddos_wisenet-camera_80,wisenet-camera,1,1,detected,0.9991589784622192,1.621246337890625e-05,0.07767628201103513,-0.17074987292289734,104,13.444008827209473,7.080064296722412,-6.3639445304870605,118,119,14.76522445678711,0.8558540310437737,234.0,-0.051658183336257935,0.0029943238976236387,67.33,-0.25814270973205566,0.014963028794810289,404.0,-0.9765744209289551,0.056606329095260845,3.27,-0.06446943432092667,0.0037369174714654628,19.0,0.20445579290390015,0.011851111037233106,9.8,0.09353825449943542,0.005421867605496603,0.0,-0.15575645864009857,0.00902829438037802,0.0,0.0678858757019043,0.003934948672162206,66.0,-0.2913782596588135,0.016889499974576005,0.0,-0.020651020109653473,0.0011970193109992755,0.0,0.06719505786895752,0.0038949059874895287,0.0,0.235105961561203,0.013627722728731377,0.0
4b4be9b6a5690b34,ddos_wisenet-camera_80,wisenet-camera,1,1,detected,0.9991589784622192,1.621246337890625e-05,0.07767628201103513,-0.17074987292289734,104,13.444008827209473,7.080064296722412,-6.3639445304870605,118,119,14.76522445678711,0.8558540310437737,234.0,-0.051658183336257935,0.0029943238976236387,67.33,-0.25814270973205566,0.014963028794810289,404.0,-0.9765744209289551,0.056606329095260845,3.27,-0.06446943432092667,0.0037369174714654628,19.0,0.20445579290390015,0.011851111037233106,9.8,0.09353825449943542,0.005421867605496603,0.0,-0.15575645864009857,0.00902829438037802,0.0,0.0678858757019043,0.003934948672162206,66.0,-0.2913782596588135,0.016889499974576005,0.0,-0.020651020109653473,0.0011970193109992755,0.0,0.06719505786895752,0.0038949059874895287,0.0,0.235105961561203,0.013627722728731377,0.0
a915a92c3817a71a,ddos_wisenet-camera_80,wisenet-camera,1,1,detected,0.9991589784622192,1.621246337890625e-05,0.07767628201103513,-0.17074987292289734,104,13.444008827209473,7.080064296722412,-6.3639445304870605,118,119,14.76522445678711,0.8558540310437737,234.0,-0.051658183336257935,0.0029943238976236387,67.33,-0.25814270973205566,0.014963028794810289,404.0,-0.9765744209289551,0.056606329095260845,3.27,-0.06446943432092667,0.0037369174714654628,19.0,0.20445579290390015,0.011851111037233106,9.8,0.09353825449943542,0.005421867605496603,0.0,-0.15575645864009857,0.00902829438037802,0.0,0.0678858757019043,0.003934948672162206,66.0,-0.2913782596588135,0.016889499974576005,0.0,-0.020651020109653473,0.0011970193109992755,0.0,0.06719505786895752,0.0038949059874895287,0.0,0.235105961561203,0.013627722728731377,0.0
6d32124731b31d35,ddos_wisenet-camera_80,wisenet-camera,1,1,detected,0.9991589784622192,1.621246337890625e-05,0.07767628201103513,-0.17074987292289734,104,13.444008827209473,7.080064296722412,-6.3639445304870605,118,119,14.76522445678711,0.8558540310437737,234.0,-0.051658183336257935,0.0029943238976236387,67.33,-0.25814270973205566,0.014963028794810289,404.0,-0.9765744209289551,0.056606329095260845,3.27,-0.06446943432092667,0.0037369174714654628,19.0,0.20445579290390015,0.011851111037233106,9.8,0.09353825449943542,0.005421867605496603,0.0,-0.15575645864009857,0.00902829438037802,0.0,0.0678858757019043,0.003934948672162206,66.0,-0.2913782596588135,0.016889499974576005,0.0,-0.020651020109653473,0.0011970193109992755,0.0,0.06719505786895752,0.0038949059874895287,0.0,0.235105961561203,0.013627722728731377,0.0
07fe659ec2ef9304,ddos_wisenet-camera_80,wisenet-camera,1,1,detected,0.9991589784622192,1.621246337890625e-05,0.07767628201103513,-0.17074987292289734,104,13.444008827209473,7.080064296722412,-6.3639445304870605,118,119,14.76522445678711,0.8558540310437737,234.0,-0.051658183336257935,0.0029943238976236387,67.33,-0.25814270973205566,0.014963028794810289,404.0,-0.9765744209289551,0.056606329095260845,3.27,-0.06446943432092667,0.0037369174714654628,19.0,0.20445579290390015,0.011851111037233106,9.8,0.09353825449943542,0.005421867605496603,0.0,-0.15575645864009857,0.00902829438037802,0.0,0.0678858757019043,0.003934948672162206,66.0,-0.2913782596588135,0.016889499974576005,0.0,-0.020651020109653473,0.0011970193109992755,0.0,0.06719505786895752,0.0038949059874895287,0.0,0.235105961561203,0.013627722728731377,0.0
d81fec76e84a44a8,ddos_wisenet-camera_80,wisenet-camera,1,1,detected,0.9991589784622192,1.621246337890625e-05,0.07767628201103513,-0.17074987292289734,104,13.444008827209473,7.080064296722412,-6.3639445304870605,118,119,14.76522445678711,0.8558540310437737,234.0,-0.051658183336257935,0.0029943238976236387,67.33,-0.25814270973205566,0.014963028794810289,404.0,-0.9765744209289551,0.056606329095260845,3.27,-0.06446943432092667,0.0037369174714654628,19.0,0.20445579290390015,0.011851111037233106,9.8,0.09353825449943542,0.005421867605496603,0.0,-0.15575645864009857,0.00902829438037802,0.0,0.0678858757019043,0.003934948672162206,66.0,-0.2913782596588135,0.016889499974576005,0.0,-0.020651020109653473,0.0011970193109992755,0.0,0.06719505786895752,0.0038949059874895287,0.0,0.235105961561203,0.013627722728731377,0.0
882b983e5ad3590e,ddos_wisenet-camera_80,wisenet-camera,1,1,detected,0.9991589784622192,1.621246337890625e-05,0.07767628201103513,-0.17074987292289734,104,13.444008827209473,7.080064296722412,-6.3639445304870605,118,119,14.76522445678711,0.8558540310437737,234.0,-0.051658183336257935,0.0029943238976236387,67.33,-0.25814270973205566,0.014963028794810289,404.0,-0.9765744209289551,0.056606329095260845,3.27,-0.06446943432092667,0.0037369174714654628,19.0,0.20445579290390015,0.011851111037233106,9.8,0.09353825449943542,0.005421867605496603,0.0,-0.15575645864009857,0.00902829438037802,0.0,0.0678858757019043,0.003934948672162206,66.0,-0.2913782596588135,0.016889499974576005,0.0,-0.020651020109653473,0.0011970193109992755,0.0,0.06719505786895752,0.0038949059874895287,0.0,0.235105961561203,0.013627722728731377,0.0
2b1c25cd45a02434,ddos_wisenet-camera_80,wisenet-camera,1,1,detected,0.9991589784622192,1.621246337890625e-05,0.07767628201103513,-0.17074987292289734,104,13.444008827209473,7.080064296722412,-6.3639445304870605,118,119,14.76522445678711,0.8558540310437737,234.0,-0.051658183336257935,0.0029943238976236387,67.33,-0.25814270973205566,0.014963028794810289,404.0,-0.9765744209289551,0.056606329095260845,3.27,-0.06446943432092667,0.0037369174714654628,19.0,0.20445579290390015,0.011851111037233106,9.8,0.09353825449943542,0.005421867605496603,0.0,-0.15575645864009857,0.00902829438037802,0.0,0.0678858757019043,0.003934948672162206,66.0,-0.2913782596588135,0.016889499974576005,0.0,-0.020651020109653473,0.0011970193109992755,0.0,0.06719505786895752,0.0038949059874895287,0.0,0.235105961561203,0.013627722728731377,0.0
5af0c022e40cb805,ddos_wisenet-camera_80,wisenet-camera,1,1,detected,0.9991589784622192,1.621246337890625e-05,0.07767628201103513,-0.17074987292289734,104,13.444008827209473,7.080064296722412,-6.3639445304870605,118,119,14.76522445678711,0.8558540310437737,234.0,-0.051658183336257935,0.0029943238976236387,67.33,-0.25814270973205566,0.014963028794810289,404.0,-0.9765744209289551,0.056606329095260845,3.27,-0.06446943432092667,0.0037369174714654628,19.0,0.20445579290390015,0.011851111037233106,9.8,0.09353825449943542,0.005421867605496603,0.0,-0.15575645864009857,0.00902829438037802,0.0,0.0678858757019043,0.003934948672162206,66.0,-0.2913782596588135,0.016889499974576005,0.0,-0.020651020109653473,0.0011970193109992755,0.0,0.06719505786895752,0.0038949059874895287,0.0,0.235105961561203,0.013627722728731377,0.0
ff5198ffaec87229,ddos_wisenet-camera_80,wisenet-camera,1,1,detected,0.9991589784622192,1.621246337890625e-05,0.07767628201103513,-0.17074987292289734,104,13.444008827209473,7.080064296722412,-6.3639445304870605,118,119,14.76522445678711,0.8558540310437737,234.0,-0.051658183336257935,0.0029943238976236387,67.33,-0.25814270973205566,0.014963028794810289,404.0,-0.9765744209289551,0.056606329095260845,3.27,-0.06446943432092667,0.0037369174714654628,19.0,0.20445579290390015,0.011851111037233106,9.8,0.09353825449943542,0.005421867605496603,0.0,-0.15575645864009857,0.00902829438037802,0.0,0.0678858757019043,0.003934948672162206,66.0,-0.2913782596588135,0.016889499974576005,0.0,-0.020651020109653473,0.0011970193109992755,0.0,0.06719505786895752,0.0038949059874895287,0.0,0.235105961561203,0.013627722728731377,0.0
5e498c19d7511974,ddos_wisenet-camera_80,wisenet-camera,1,0,missed,0.003294330323114991,3.0994415283203125e-06,0.2665165859166463,-0.9632684532552958,101,0.6480746269226074,-5.712250232696533,-6.360324859619141,115,119,0.5848570466041565,0.2823291479691399,254.0,0.21197333931922913,0.1023262908939123,74.0,-0.06959713995456696,0.03359675896623151,444.0,0.008510489016771317,0.004108284454905451,0.0,0.05395542085170746,0.026046002327965577,12.9,0.11872095614671707,0.05731039164117347,6.1,0.04117729887366295,0.01987759534432061,0.0,0.1409103274345398,0.06802190879914656,0.0,-0.1605045050382614,0.07748064320293824,66.0,0.5051818490028381,0.2438673891792558,1.0,0.11334623396396637,0.054715841839238916,0.0,0.006744148209691048,0.0032556154172634737,0.0,0.05606451630592346,0.027064129964508202,0.0
39065ea8b458dc9d,ddos_wisenet-camera_80,wisenet-camera,1,1,detected,0.9991589784622192,1.621246337890625e-05,0.07767628201103513,-0.17074987292289734,104,13.444008827209473,7.080064296722412,-6.3639445304870605,118,119,14.76522445678711,0.8558540310437737,234.0,-0.051658183336257935,0.0029943238976236387,67.33,-0.25814270973205566,0.014963028794810289,404.0,-0.9765744209289551,0.056606329095260845,3.27,-0.06446943432092667,0.0037369174714654628,19.0,0.20445579290390015,0.011851111037233106,9.8,0.09353825449943542,0.005421867605496603,0.0,-0.15575645864009857,0.00902829438037802,0.0,0.0678858757019043,0.003934948672162206,66.0,-0.2913782596588135,0.016889499974576005,0.0,-0.020651020109653473,0.0011970193109992755,0.0,0.06719505786895752,0.0038949059874895287,0.0,0.235105961561203,0.013627722728731377,0.0
630e62c35a40d64d,ddos_wisenet-camera_80,wisenet-camera,1,1,detected,0.9991589784622192,1.621246337890625e-05,0.07767628201103513,-0.17074987292289734,104,13.444008827209473,7.080064296722412,-6.3639445304870605,118,119,14.76522445678711,0.8558540310437737,234.0,-0.051658183336257935,0.0029943238976236387,67.33,-0.25814270973205566,0.014963028794810289,404.0,-0.9765744209289551,0.056606329095260845,3.27,-0.06446943432092667,0.0037369174714654628,19.0,0.20445579290390015,0.011851111037233106,9.8,0.09353825449943542,0.005421867605496603,0.0,-0.15575645864009857,0.00902829438037802,0.0,0.0678858757019043,0.003934948672162206,66.0,-0.2913782596588135,0.016889499974576005,0.0,-0.020651020109653473,0.0011970193109992755,0.0,0.06719505786895752,0.0038949059874895287,0.0,0.235105961561203,0.013627722728731377,0.0
96b1aff0ba565de6,ddos_wisenet-camera_80,wisenet-camera,1,1,detected,0.9991589784622192,1.621246337890625e-05,0.07767628201103513,-0.17074987292289734,104,13.444008827209473,7.080064296722412,-6.3639445304870605,118,119,14.76522445678711,0.8558540310437737,234.0,-0.051658183336257935,0.0029943238976236387,67.33,-0.25814270973205566,0.014963028794810289,404.0,-0.9765744209289551,0.056606329095260845,3.27,-0.06446943432092667,0.0037369174714654628,19.0,0.20445579290390015,0.011851111037233106,9.8,0.09353825449943542,0.005421867605496603,0.0,-0.15575645864009857,0.00902829438037802,0.0,0.0678858757019043,0.003934948672162206,66.0,-0.2913782596588135,0.016889499974576005,0.0,-0.020651020109653473,0.0011970193109992755,0.0,0.06719505786895752,0.0038949059874895287,0.0,0.235105961561203,0.013627722728731377,0.0
b2ac923c7073bf42,ddos_wisenet-camera_80,wisenet-camera,1,1,detected,0.9991589784622192,1.621246337890625e-05,0.07767628201103513,-0.17074987292289734,104,13.444008827209473,7.080064296722412,-6.3639445304870605,118,119,14.76522445678711,0.8558540310437737,234.0,-0.051658183336257935,0.0029943238976236387,67.33,-0.25814270973205566,0.014963028794810289,404.0,-0.9765744209289551,0.056606329095260845,3.27,-0.06446943432092667,0.0037369174714654628,19.0,0.20445579290390015,0.011851111037233106,9.8,0.09353825449943542,0.005421867605496603,0.0,-0.15575645864009857,0.00902829438037802,0.0,0.0678858757019043,0.003934948672162206,66.0,-0.2913782596588135,0.016889499974576005,0.0,-0.020651020109653473,0.0011970193109992755,0.0,0.06719505786895752,0.0038949059874895287,0.0,0.235105961561203,0.013627722728731377,0.0
76d333e5a0fe67f8,ddos_wisenet-camera_80,wisenet-camera,1,1,detected,0.9991589784622192,1.6689300537109375e-05,0.08077197207330239,0.03983273729681969,104,13.44397497177124,7.08003044128418,-6.3639445304870605,118,119,15.058838844299316,0.8488097863709201,234.0,-0.1536102294921875,0.008658427613694175,68.67,-0.16790896654129028,0.009464393336915754,206.0,-1.3644591569900513,0.07690940168305256,4.62,-0.04908151179552078,0.002766539171623379,0.0,0.1608949899673462,0.009069042007447618,0.0,0.09609614312648773,0.0054165761093287485,0.0,-0.11076008528470993,0.006243127063181875,0.0,0.02709517627954483,0.001527252600769365,66.0,-0.3065713346004486,0.017280266541145964,0.0,-0.016090765595436096,0.0009069755941227198,0.0,0.04212595149874687,0.0023744805467427682,0.0,0.1875898689031601,0.010573731361054954,0.0
80eb78ad08bf2263,ddos_wisenet-camera_80,wisenet-camera,1,1,detected,0.9991589784622192,1.621246337890625e-05,0.07767628201103513,-0.17074987292289734,104,13.444008827209473,7.080064296722412,-6.3639445304870605,118,119,14.76522445678711,0.8558540310437737,234.0,-0.051658183336257935,0.0029943238976236387,67.33,-0.25814270973205566,0.014963028794810289,404.0,-0.9765744209289551,0.056606329095260845,3.27,-0.06446943432092667,0.0037369174714654628,19.0,0.20445579290390015,0.011851111037233106,9.8,0.09353825449943542,0.005421867605496603,0.0,-0.15575645864009857,0.00902829438037802,0.0,0.0678858757019043,0.003934948672162206,66.0,-0.2913782596588135,0.016889499974576005,0.0,-0.020651020109653473,0.0011970193109992755,0.0,0.06719505786895752,0.0038949059874895287,0.0,0.235105961561203,0.013627722728731377,0.0
2847eb6913aa49a6,ddos_wisenet-camera_80,wisenet-camera,1,1,detected,0.9991589784622192,1.621246337890625e-05,0.07767628201103513,-0.17074987292289734,104,13.444008827209473,7.080064296722412,-6.3639445304870605,118,119,14.76522445678711,0.8558540310437737,234.0,-0.051658183336257935,0.0029943238976236387,67.33,-0.25814270973205566,0.014963028794810289,404.0,-0.9765744209289551,0.056606329095260845,3.27,-0.06446943432092667,0.0037369174714654628,19.0,0.20445579290390015,0.011851111037233106,9.8,0.09353825449943542,0.005421867605496603,0.0,-0.15575645864009857,0.00902829438037802,0.0,0.0678858757019043,0.003934948672162206,66.0,-0.2913782596588135,0.016889499974576005,0.0,-0.020651020109653473,0.0011970193109992755,0.0,0.06719505786895752,0.0038949059874895287,0.0,0.235105961561203,0.013627722728731377,0.0
0ab6fc3f70774166,ddos_wisenet-camera_80,wisenet-camera,1,1,detected,0.9991589784622192,1.621246337890625e-05,0.07767628201103513,-0.17074987292289734,104,13.444008827209473,7.080064296722412,-6.3639445304870605,118,119,14.76522445678711,0.8558540310437737,234.0,-0.051658183336257935,0.0029943238976236387,67.33,-0.25814270973205566,0.014963028794810289,404.0,-0.9765744209289551,0.056606329095260845,3.27,-0.06446943432092667,0.0037369174714654628,19.0,0.20445579290390015,0.011851111037233106,9.8,0.09353825449943542,0.005421867605496603,0.0,-0.15575645864009857,0.00902829438037802,0.0,0.0678858757019043,0.003934948672162206,66.0,-0.2913782596588135,0.016889499974576005,0.0,-0.020651020109653473,0.0011970193109992755,0.0,0.06719505786895752,0.0038949059874895287,0.0,0.235105961561203,0.013627722728731377,0.0
26ba3592dfa13f64,ddos_wisenet-camera_80,wisenet-camera,1,1,detected,0.9991589784622192,1.621246337890625e-05,0.07767628201103513,-0.17074987292289734,104,13.444008827209473,7.080064296722412,-6.3639445304870605,118,119,14.76522445678711,0.8558540310437737,234.0,-0.051658183336257935,0.0029943238976236387,67.33,-0.25814270973205566,0.014963028794810289,404.0,-0.9765744209289551,0.056606329095260845,3.27,-0.06446943432092667,0.0037369174714654628,19.0,0.20445579290390015,0.011851111037233106,9.8,0.09353825449943542,0.005421867605496603,0.0,-0.15575645864009857,0.00902829438037802,0.0,0.0678858757019043,0.003934948672162206,66.0,-0.2913782596588135,0.016889499974576005,0.0,-0.020651020109653473,0.0011970193109992755,0.0,0.06719505786895752,0.0038949059874895287,0.0,0.235105961561203,0.013627722728731377,0.0
4ffe196eaa8040b1,ddos_wisenet-camera_80,wisenet-camera,1,1,detected,0.9991589784622192,1.621246337890625e-05,0.07767628201103513,-0.17074987292289734,104,13.444008827209473,7.080064296722412,-6.3639445304870605,118,119,14.76522445678711,0.8558540310437737,234.0,-0.051658183336257935,0.0029943238976236387,67.33,-0.25814270973205566,0.014963028794810289,404.0,-0.9765744209289551,0.056606329095260845,3.27,-0.06446943432092667,0.0037369174714654628,19.0,0.20445579290390015,0.011851111037233106,9.8,0.09353825449943542,0.005421867605496603,0.0,-0.15575645864009857,0.00902829438037802,0.0,0.0678858757019043,0.003934948672162206,66.0,-0.2913782596588135,0.016889499974576005,0.0,-0.020651020109653473,0.0011970193109992755,0.0,0.06719505786895752,0.0038949059874895287,0.0,0.235105961561203,0.013627722728731377,0.0
46ae528132f3172b,ddos_wisenet-camera_80,wisenet-camera,1,1,detected,0.9991589784622192,1.621246337890625e-05,0.07767628201103513,-0.17074987292289734,104,13.444008827209473,7.080064296722412,-6.3639445304870605,118,119,14.76522445678711,0.8558540310437737,234.0,-0.051658183336257935,0.0029943238976236387,67.33,-0.25814270973205566,0.014963028794810289,404.0,-0.9765744209289551,0.056606329095260845,3.27,-0.06446943432092667,0.0037369174714654628,19.0,0.20445579290390015,0.011851111037233106,9.8,0.09353825449943542,0.005421867605496603,0.0,-0.15575645864009857,0.00902829438037802,0.0,0.0678858757019043,0.003934948672162206,66.0,-0.2913782596588135,0.016889499974576005,0.0,-0.020651020109653473,0.0011970193109992755,0.0,0.06719505786895752,0.0038949059874895287,0.0,0.235105961561203,0.013627722728731377,0.0
ee3a7cb4f871dcbb,ddos_wisenet-camera_80,wisenet-camera,1,1,detected,0.9991589784622192,1.621246337890625e-05,0.07767628201103513,-0.17074987292289734,104,13.444008827209473,7.080064296722412,-6.3639445304870605,118,119,14.76522445678711,0.8558540310437737,234.0,-0.051658183336257935,0.0029943238976236387,67.33,-0.25814270973205566,0.014963028794810289,404.0,-0.9765744209289551,0.056606329095260845,3.27,-0.06446943432092667,0.0037369174714654628,19.0,0.20445579290390015,0.011851111037233106,9.8,0.09353825449943542,0.005421867605496603,0.0,-0.15575645864009857,0.00902829438037802,0.0,0.0678858757019043,0.003934948672162206,66.0,-0.2913782596588135,0.016889499974576005,0.0,-0.020651020109653473,0.0011970193109992755,0.0,0.06719505786895752,0.0038949059874895287,0.0,0.235105961561203,0.013627722728731377,0.0
cb9db913a70ac3d6,ddos_wisenet-camera_80,wisenet-camera,1,1,detected,0.9991589784622192,1.621246337890625e-05,0.07767628201103513,-0.17074987292289734,104,13.444008827209473,7.080064296722412,-6.3639445304870605,118,119,14.76522445678711,0.8558540310437737,234.0,-0.051658183336257935,0.0029943238976236387,67.33,-0.25814270973205566,0.014963028794810289,404.0,-0.9765744209289551,0.056606329095260845,3.27,-0.06446943432092667,0.0037369174714654628,19.0,0.20445579290390015,0.011851111037233106,9.8,0.09353825449943542,0.005421867605496603,0.0,-0.15575645864009857,0.00902829438037802,0.0,0.0678858757019043,0.003934948672162206,66.0,-0.2913782596588135,0.016889499974576005,0.0,-0.020651020109653473,0.0011970193109992755,0.0,0.06719505786895752,0.0038949059874895287,0.0,0.235105961561203,0.013627722728731377,0.0
5f70c245177b200d,ddos_wisenet-camera_80,wisenet-camera,1,1,detected,0.9991589784622192,1.621246337890625e-05,0.07767628201103513,-0.17074987292289734,104,13.444008827209473,7.080064296722412,-6.3639445304870605,118,119,14.76522445678711,0.8558540310437737,234.0,-0.051658183336257935,0.0029943238976236387,67.33,-0.25814270973205566,0.014963028794810289,404.0,-0.9765744209289551,0.056606329095260845,3.27,-0.06446943432092667,0.0037369174714654628,19.0,0.20445579290390015,0.011851111037233106,9.8,0.09353825449943542,0.005421867605496603,0.0,-0.15575645864009857,0.00902829438037802,0.0,0.0678858757019043,0.003934948672162206,66.0,-0.2913782596588135,0.016889499974576005,0.0,-0.020651020109653473,0.0011970193109992755,0.0,0.06719505786895752,0.0038949059874895287,0.0,0.235105961561203,0.013627722728731377,0.0
921317ec485a734c,ddos_wisenet-camera_80,wisenet-camera,1,1,detected,0.9991589784622192,1.621246337890625e-05,0.07767628201103513,-0.17074987292289734,104,13.444008827209473,7.080064296722412,-6.3639445304870605,118,119,14.76522445678711,0.8558540310437737,234.0,-0.051658183336257935,0.0029943238976236387,67.33,-0.25814270973205566,0.014963028794810289,404.0,-0.9765744209289551,0.056606329095260845,3.27,-0.06446943432092667,0.0037369174714654628,19.0,0.20445579290390015,0.011851111037233106,9.8,0.09353825449943542,0.005421867605496603,0.0,-0.15575645864009857,0.00902829438037802,0.0,0.0678858757019043,0.003934948672162206,66.0,-0.2913782596588135,0.016889499974576005,0.0,-0.020651020109653473,0.0011970193109992755,0.0,0.06719505786895752,0.0038949059874895287,0.0,0.235105961561203,0.013627722728731377,0.0
f7be267a697760c9,ddos_wisenet-camera_80,wisenet-camera,1,1,detected,0.9991589784622192,1.621246337890625e-05,0.07767628201103513,-0.17074987292289734,104,13.444008827209473,7.080064296722412,-6.3639445304870605,118,119,14.76522445678711,0.8558540310437737,234.0,-0.051658183336257935,0.0029943238976236387,67.33,-0.25814270973205566,0.014963028794810289,404.0,-0.9765744209289551,0.056606329095260845,3.27,-0.06446943432092667,0.0037369174714654628,19.0,0.20445579290390015,0.011851111037233106,9.8,0.09353825449943542,0.005421867605496603,0.0,-0.15575645864009857,0.00902829438037802,0.0,0.0678858757019043,0.003934948672162206,66.0,-0.2913782596588135,0.016889499974576005,0.0,-0.020651020109653473,0.0011970193109992755,0.0,0.06719505786895752,0.0038949059874895287,0.0,0.235105961561203,0.013627722728731377,0.0
1bb2d19102ccf1db,ddos_wisenet-camera_80,wisenet-camera,1,1,detected,0.9991589784622192,1.621246337890625e-05,0.07767628201103513,-0.17074987292289734,104,13.444008827209473,7.080064296722412,-6.3639445304870605,118,119,14.76522445678711,0.8558540310437737,234.0,-0.051658183336257935,0.0029943238976236387,67.33,-0.25814270973205566,0.014963028794810289,404.0,-0.9765744209289551,0.056606329095260845,3.27,-0.06446943432092667,0.0037369174714654628,19.0,0.20445579290390015,0.011851111037233106,9.8,0.09353825449943542,0.005421867605496603,0.0,-0.15575645864009857,0.00902829438037802,0.0,0.0678858757019043,0.003934948672162206,66.0,-0.2913782596588135,0.016889499974576005,0.0,-0.020651020109653473,0.0011970193109992755,0.0,0.06719505786895752,0.0038949059874895287,0.0,0.235105961561203,0.013627722728731377,0.0
792b652c4afe4633,ddos_wisenet-camera_80,wisenet-camera,1,1,detected,0.9991589784622192,1.621246337890625e-05,0.07767628201103513,-0.17074987292289734,104,13.444008827209473,7.080064296722412,-6.3639445304870605,118,119,14.76522445678711,0.8558540310437737,234.0,-0.051658183336257935,0.0029943238976236387,67.33,-0.25814270973205566,0.014963028794810289,404.0,-0.9765744209289551,0.056606329095260845,3.27,-0.06446943432092667,0.0037369174714654628,19.0,0.20445579290390015,0.011851111037233106,9.8,0.09353825449943542,0.005421867605496603,0.0,-0.15575645864009857,0.00902829438037802,0.0,0.0678858757019043,0.003934948672162206,66.0,-0.2913782596588135,0.016889499974576005,0.0,-0.020651020109653473,0.0011970193109992755,0.0,0.06719505786895752,0.0038949059874895287,0.0,0.235105961561203,0.013627722728731377,0.0
fec310ca91fdc605,ddos_wisenet-camera_80,wisenet-camera,1,1,detected,0.9991589784622192,1.621246337890625e-05,0.07767628201103513,-0.17074987292289734,104,13.444008827209473,7.080064296722412,-6.3639445304870605,118,119,14.76522445678711,0.8558540310437737,234.0,-0.051658183336257935,0.0029943238976236387,67.33,-0.25814270973205566,0.014963028794810289,404.0,-0.9765744209289551,0.056606329095260845,3.27,-0.06446943432092667,0.0037369174714654628,19.0,0.20445579290390015,0.011851111037233106,9.8,0.09353825449943542,0.005421867605496603,0.0,-0.15575645864009857,0.00902829438037802,0.0,0.0678858757019043,0.003934948672162206,66.0,-0.2913782596588135,0.016889499974576005,0.0,-0.020651020109653473,0.0011970193109992755,0.0,0.06719505786895752,0.0038949059874895287,0.0,0.235105961561203,0.013627722728731377,0.0
69422cdb06d6e19c,ddos_wisenet-camera_80,wisenet-camera,1,1,detected,0.9991589784622192,1.621246337890625e-05,0.07767628201103513,-0.17074987292289734,104,13.444008827209473,7.080064296722412,-6.3639445304870605,118,119,14.76522445678711,0.8558540310437737,234.0,-0.051658183336257935,0.0029943238976236387,67.33,-0.25814270973205566,0.014963028794810289,404.0,-0.9765744209289551,0.056606329095260845,3.27,-0.06446943432092667,0.0037369174714654628,19.0,0.20445579290390015,0.011851111037233106,9.8,0.09353825449943542,0.005421867605496603,0.0,-0.15575645864009857,0.00902829438037802,0.0,0.0678858757019043,0.003934948672162206,66.0,-0.2913782596588135,0.016889499974576005,0.0,-0.020651020109653473,0.0011970193109992755,0.0,0.06719505786895752,0.0038949059874895287,0.0,0.235105961561203,0.013627722728731377,0.0
7d8512373bb2b9db,ddos_wisenet-camera_80,wisenet-camera,1,1,detected,0.9986949563026428,9.5367431640625e-06,0.07056570306472444,-0.6717283427715302,101,13.000478744506836,6.640153884887695,-6.360324859619141,115,119,7.372488975524902,0.46443752599310734,255.0,1.086716651916504,0.06845883323083296,74.0,-0.49741771817207336,0.031335340775674264,444.0,0.5375317335128784,0.03386236443137347,0.0,0.7486364841461182,0.04716112532948837,13.1,0.41920939087867737,0.026408526756584064,6.1,0.6570374965667725,0.04139075289270954,0.0,0.8495685458183289,0.05351944436828866,0.0,-0.6034822463989258,0.03801698482408713,66.0,1.6633317470550537,0.10478329422704102,1.0,0.573955774307251,0.03615693434519365,0.0,0.4055939018726349,0.02555080502242542,0.0,0.4590458869934082,0.028918067803194086,0.0
a23f16be6d56dfaf,ddos_wisenet-camera_80,wisenet-camera,1,1,detected,0.9991589784622192,1.621246337890625e-05,0.07767628201103513,-0.17074987292289734,104,13.444008827209473,7.080064296722412,-6.3639445304870605,118,119,14.76522445678711,0.8558540310437737,234.0,-0.051658183336257935,0.0029943238976236387,67.33,-0.25814270973205566,0.014963028794810289,404.0,-0.9765744209289551,0.056606329095260845,3.27,-0.06446943432092667,0.0037369174714654628,19.0,0.20445579290390015,0.011851111037233106,9.8,0.09353825449943542,0.005421867605496603,0.0,-0.15575645864009857,0.00902829438037802,0.0,0.0678858757019043,0.003934948672162206,66.0,-0.2913782596588135,0.016889499974576005,0.0,-0.020651020109653473,0.0011970193109992755,0.0,0.06719505786895752,0.0038949059874895287,0.0,0.235105961561203,0.013627722728731377,0.0
67eb54d9dc23c0d9,ddos_wisenet-camera_80,wisenet-camera,1,1,detected,0.9991589784622192,1.6689300537109375e-05,0.08077197207330239,0.03983273729681969,104,13.44397497177124,7.08003044128418,-6.3639445304870605,118,119,15.058838844299316,0.8488097863709201,234.0,-0.1536102294921875,0.008658427613694175,68.67,-0.16790896654129028,0.009464393336915754,206.0,-1.3644591569900513,0.07690940168305256,4.62,-0.04908151179552078,0.002766539171623379,0.0,0.1608949899673462,0.009069042007447618,0.0,0.09609614312648773,0.0054165761093287485,0.0,-0.11076008528470993,0.006243127063181875,0.0,0.02709517627954483,0.001527252600769365,66.0,-0.3065713346004486,0.017280266541145964,0.0,-0.016090765595436096,0.0009069755941227198,0.0,0.04212595149874687,0.0023744805467427682,0.0,0.1875898689031601,0.010573731361054954,0.0
dafb0379aa1ff72a,ddos_wisenet-camera_80,wisenet-camera,1,1,detected,0.9991589784622192,1.621246337890625e-05,0.07767628201103513,-0.17074987292289734,104,13.444008827209473,7.080064296722412,-6.3639445304870605,118,119,14.76522445678711,0.8558540310437737,234.0,-0.051658183336257935,0.0029943238976236387,67.33,-0.25814270973205566,0.014963028794810289,404.0,-0.9765744209289551,0.056606329095260845,3.27,-0.06446943432092667,0.0037369174714654628,19.0,0.20445579290390015,0.011851111037233106,9.8,0.09353825449943542,0.005421867605496603,0.0,-0.15575645864009857,0.00902829438037802,0.0,0.0678858757019043,0.003934948672162206,66.0,-0.2913782596588135,0.016889499974576005,0.0,-0.020651020109653473,0.0011970193109992755,0.0,0.06719505786895752,0.0038949059874895287,0.0,0.235105961561203,0.013627722728731377,0.0
459bc8544cd9b4c5,ddos_wisenet-camera_80,wisenet-camera,1,1,detected,0.9991589784622192,1.621246337890625e-05,0.07767628201103513,-0.17074987292289734,104,13.444008827209473,7.080064296722412,-6.3639445304870605,118,119,14.76522445678711,0.8558540310437737,234.0,-0.051658183336257935,0.0029943238976236387,67.33,-0.25814270973205566,0.014963028794810289,404.0,-0.9765744209289551,0.056606329095260845,3.27,-0.06446943432092667,0.0037369174714654628,19.0,0.20445579290390015,0.011851111037233106,9.8,0.09353825449943542,0.005421867605496603,0.0,-0.15575645864009857,0.00902829438037802,0.0,0.0678858757019043,0.003934948672162206,66.0,-0.2913782596588135,0.016889499974576005,0.0,-0.020651020109653473,0.0011970193109992755,0.0,0.06719505786895752,0.0038949059874895287,0.0,0.235105961561203,0.013627722728731377,0.0
65e65ef470dec31c,ddos_wisenet-camera_80,wisenet-camera,1,1,detected,0.9991589784622192,1.621246337890625e-05,0.07767628201103513,-0.17074987292289734,104,13.444008827209473,7.080064296722412,-6.3639445304870605,118,119,14.76522445678711,0.8558540310437737,234.0,-0.051658183336257935,0.0029943238976236387,67.33,-0.25814270973205566,0.014963028794810289,404.0,-0.9765744209289551,0.056606329095260845,3.27,-0.06446943432092667,0.0037369174714654628,19.0,0.20445579290390015,0.011851111037233106,9.8,0.09353825449943542,0.005421867605496603,0.0,-0.15575645864009857,0.00902829438037802,0.0,0.0678858757019043,0.003934948672162206,66.0,-0.2913782596588135,0.016889499974576005,0.0,-0.020651020109653473,0.0011970193109992755,0.0,0.06719505786895752,0.0038949059874895287,0.0,0.235105961561203,0.013627722728731377,0.0
f8f71712398808a7,ddos_wisenet-camera_80,wisenet-camera,1,1,detected,0.9991589784622192,1.621246337890625e-05,0.07767628201103513,-0.17074987292289734,104,13.444008827209473,7.080064296722412,-6.3639445304870605,118,119,14.76522445678711,0.8558540310437737,234.0,-0.051658183336257935,0.0029943238976236387,67.33,-0.25814270973205566,0.014963028794810289,404.0,-0.9765744209289551,0.056606329095260845,3.27,-0.06446943432092667,0.0037369174714654628,19.0,0.20445579290390015,0.011851111037233106,9.8,0.09353825449943542,0.005421867605496603,0.0,-0.15575645864009857,0.00902829438037802,0.0,0.0678858757019043,0.003934948672162206,66.0,-0.2913782596588135,0.016889499974576005,0.0,-0.020651020109653473,0.0011970193109992755,0.0,0.06719505786895752,0.0038949059874895287,0.0,0.235105961561203,0.013627722728731377,0.0
f34d7687ff7609eb,ddos_wisenet-camera_80,wisenet-camera,1,1,detected,0.9991589784622192,1.621246337890625e-05,0.07767628201103513,-0.17074987292289734,104,13.444008827209473,7.080064296722412,-6.3639445304870605,118,119,14.76522445678711,0.8558540310437737,234.0,-0.051658183336257935,0.0029943238976236387,67.33,-0.25814270973205566,0.014963028794810289,404.0,-0.9765744209289551,0.056606329095260845,3.27,-0.06446943432092667,0.0037369174714654628,19.0,0.20445579290390015,0.011851111037233106,9.8,0.09353825449943542,0.005421867605496603,0.0,-0.15575645864009857,0.00902829438037802,0.0,0.0678858757019043,0.003934948672162206,66.0,-0.2913782596588135,0.016889499974576005,0.0,-0.020651020109653473,0.0011970193109992755,0.0,0.06719505786895752,0.0038949059874895287,0.0,0.235105961561203,0.013627722728731377,0.0
90ea41742790b8e9,ddos_wisenet-camera_80,wisenet-camera,1,1,detected,0.9991589784622192,1.621246337890625e-05,0.07767628201103513,-0.17074987292289734,104,13.444008827209473,7.080064296722412,-6.3639445304870605,118,119,14.76522445678711,0.8558540310437737,234.0,-0.051658183336257935,0.0029943238976236387,67.33,-0.25814270973205566,0.014963028794810289,404.0,-0.9765744209289551,0.056606329095260845,3.27,-0.06446943432092667,0.0037369174714654628,19.0,0.20445579290390015,0.011851111037233106,9.8,0.09353825449943542,0.005421867605496603,0.0,-0.15575645864009857,0.00902829438037802,0.0,0.0678858757019043,0.003934948672162206,66.0,-0.2913782596588135,0.016889499974576005,0.0,-0.020651020109653473,0.0011970193109992755,0.0,0.06719505786895752,0.0038949059874895287,0.0,0.235105961561203,0.013627722728731377,0.0
dcf874c4ed8e1dd4,ddos_wisenet-camera_80,wisenet-camera,1,1,detected,0.9991589784622192,1.621246337890625e-05,0.07767628201103513,-0.17074987292289734,104,13.444008827209473,7.080064296722412,-6.3639445304870605,118,119,14.76522445678711,0.8558540310437737,234.0,-0.051658183336257935,0.0029943238976236387,67.33,-0.25814270973205566,0.014963028794810289,404.0,-0.9765744209289551,0.056606329095260845,3.27,-0.06446943432092667,0.0037369174714654628,19.0,0.20445579290390015,0.011851111037233106,9.8,0.09353825449943542,0.005421867605496603,0.0,-0.15575645864009857,0.00902829438037802,0.0,0.0678858757019043,0.003934948672162206,66.0,-0.2913782596588135,0.016889499974576005,0.0,-0.020651020109653473,0.0011970193109992755,0.0,0.06719505786895752,0.0038949059874895287,0.0,0.235105961561203,0.013627722728731377,0.0
c208893c14fd842a,ddos_wisenet-camera_80,wisenet-camera,1,1,detected,0.9991589784622192,1.621246337890625e-05,0.07767628201103513,-0.17074987292289734,104,13.444008827209473,7.080064296722412,-6.3639445304870605,118,119,14.76522445678711,0.8558540310437737,234.0,-0.051658183336257935,0.0029943238976236387,67.33,-0.25814270973205566,0.014963028794810289,404.0,-0.9765744209289551,0.056606329095260845,3.27,-0.06446943432092667,0.0037369174714654628,19.0,0.20445579290390015,0.011851111037233106,9.8,0.09353825449943542,0.005421867605496603,0.0,-0.15575645864009857,0.00902829438037802,0.0,0.0678858757019043,0.003934948672162206,66.0,-0.2913782596588135,0.016889499974576005,0.0,-0.020651020109653473,0.0011970193109992755,0.0,0.06719505786895752,0.0038949059874895287,0.0,0.235105961561203,0.013627722728731377,0.0
67e1dc7fb2f9b918,ddos_wisenet-camera_80,wisenet-camera,1,1,detected,0.9991589784622192,1.621246337890625e-05,0.07767628201103513,-0.17074987292289734,104,13.444008827209473,7.080064296722412,-6.3639445304870605,118,119,14.76522445678711,0.8558540310437737,234.0,-0.051658183336257935,0.0029943238976236387,67.33,-0.25814270973205566,0.014963028794810289,404.0,-0.9765744209289551,0.056606329095260845,3.27,-0.06446943432092667,0.0037369174714654628,19.0,0.20445579290390015,0.011851111037233106,9.8,0.09353825449943542,0.005421867605496603,0.0,-0.15575645864009857,0.00902829438037802,0.0,0.0678858757019043,0.003934948672162206,66.0,-0.2913782596588135,0.016889499974576005,0.0,-0.020651020109653473,0.0011970193109992755,0.0,0.06719505786895752,0.0038949059874895287,0.0,0.235105961561203,0.013627722728731377,0.0
70dd1190e2f25819,ddos_wisenet-camera_80,wisenet-camera,1,1,detected,0.9991589784622192,1.621246337890625e-05,0.07767628201103513,-0.17074987292289734,104,13.444008827209473,7.080064296722412,-6.3639445304870605,118,119,14.76522445678711,0.8558540310437737,234.0,-0.051658183336257935,0.0029943238976236387,67.33,-0.25814270973205566,0.014963028794810289,404.0,-0.9765744209289551,0.056606329095260845,3.27,-0.06446943432092667,0.0037369174714654628,19.0,0.20445579290390015,0.011851111037233106,9.8,0.09353825449943542,0.005421867605496603,0.0,-0.15575645864009857,0.00902829438037802,0.0,0.0678858757019043,0.003934948672162206,66.0,-0.2913782596588135,0.016889499974576005,0.0,-0.020651020109653473,0.0011970193109992755,0.0,0.06719505786895752,0.0038949059874895287,0.0,0.235105961561203,0.013627722728731377,0.0
0cb4ee6d4d21bbed,ddos_wisenet-camera_80,wisenet-camera,1,1,detected,0.9991589784622192,1.621246337890625e-05,0.07767628201103513,-0.17074987292289734,104,13.444008827209473,7.080064296722412,-6.3639445304870605,118,119,14.76522445678711,0.8558540310437737,234.0,-0.051658183336257935,0.0029943238976236387,67.33,-0.25814270973205566,0.014963028794810289,404.0,-0.9765744209289551,0.056606329095260845,3.27,-0.06446943432092667,0.0037369174714654628,19.0,0.20445579290390015,0.011851111037233106,9.8,0.09353825449943542,0.005421867605496603,0.0,-0.15575645864009857,0.00902829438037802,0.0,0.0678858757019043,0.003934948672162206,66.0,-0.2913782596588135,0.016889499974576005,0.0,-0.020651020109653473,0.0011970193109992755,0.0,0.06719505786895752,0.0038949059874895287,0.0,0.235105961561203,0.013627722728731377,0.0
4c8d88cabd3fccec,ddos_wisenet-camera_80,wisenet-camera,1,1,detected,0.9991589784622192,1.621246337890625e-05,0.07767628201103513,-0.17074987292289734,104,13.444008827209473,7.080064296722412,-6.3639445304870605,118,119,14.76522445678711,0.8558540310437737,234.0,-0.051658183336257935,0.0029943238976236387,67.33,-0.25814270973205566,0.014963028794810289,404.0,-0.9765744209289551,0.056606329095260845,3.27,-0.06446943432092667,0.0037369174714654628,19.0,0.20445579290390015,0.011851111037233106,9.8,0.09353825449943542,0.005421867605496603,0.0,-0.15575645864009857,0.00902829438037802,0.0,0.0678858757019043,0.003934948672162206,66.0,-0.2913782596588135,0.016889499974576005,0.0,-0.020651020109653473,0.0011970193109992755,0.0,0.06719505786895752,0.0038949059874895287,0.0,0.235105961561203,0.013627722728731377,0.0
ead8f81ca49f6afc,ddos_wisenet-camera_80,wisenet-camera,1,1,detected,0.9991589784622192,1.621246337890625e-05,0.07767628201103513,-0.17074987292289734,104,13.444008827209473,7.080064296722412,-6.3639445304870605,118,119,14.76522445678711,0.8558540310437737,234.0,-0.051658183336257935,0.0029943238976236387,67.33,-0.25814270973205566,0.014963028794810289,404.0,-0.9765744209289551,0.056606329095260845,3.27,-0.06446943432092667,0.0037369174714654628,19.0,0.20445579290390015,0.011851111037233106,9.8,0.09353825449943542,0.005421867605496603,0.0,-0.15575645864009857,0.00902829438037802,0.0,0.0678858757019043,0.003934948672162206,66.0,-0.2913782596588135,0.016889499974576005,0.0,-0.020651020109653473,0.0011970193109992755,0.0,0.06719505786895752,0.0038949059874895287,0.0,0.235105961561203,0.013627722728731377,0.0
2c2c62707f9bf473,ddos_wisenet-camera_80,wisenet-camera,1,1,detected,0.9991589784622192,1.621246337890625e-05,0.07767628201103513,-0.17074987292289734,104,13.444008827209473,7.080064296722412,-6.3639445304870605,118,119,14.76522445678711,0.8558540310437737,234.0,-0.051658183336257935,0.0029943238976236387,67.33,-0.25814270973205566,0.014963028794810289,404.0,-0.9765744209289551,0.056606329095260845,3.27,-0.06446943432092667,0.0037369174714654628,19.0,0.20445579290390015,0.011851111037233106,9.8,0.09353825449943542,0.005421867605496603,0.0,-0.15575645864009857,0.00902829438037802,0.0,0.0678858757019043,0.003934948672162206,66.0,-0.2913782596588135,0.016889499974576005,0.0,-0.020651020109653473,0.0011970193109992755,0.0,0.06719505786895752,0.0038949059874895287,0.0,0.235105961561203,0.013627722728731377,0.0
84be29319b52c876,ddos_wisenet-camera_80,wisenet-camera,1,1,detected,0.9991589784622192,1.621246337890625e-05,0.07767628201103513,-0.17074987292289734,104,13.444008827209473,7.080064296722412,-6.3639445304870605,118,119,14.76522445678711,0.8558540310437737,234.0,-0.051658183336257935,0.0029943238976236387,67.33,-0.25814270973205566,0.014963028794810289,404.0,-0.9765744209289551,0.056606329095260845,3.27,-0.06446943432092667,0.0037369174714654628,19.0,0.20445579290390015,0.011851111037233106,9.8,0.09353825449943542,0.005421867605496603,0.0,-0.15575645864009857,0.00902829438037802,0.0,0.0678858757019043,0.003934948672162206,66.0,-0.2913782596588135,0.016889499974576005,0.0,-0.020651020109653473,0.0011970193109992755,0.0,0.06719505786895752,0.0038949059874895287,0.0,0.235105961561203,0.013627722728731377,0.0
cddaf96b86b718d8,ddos_wisenet-camera_80,wisenet-camera,1,1,detected,0.9991589784622192,1.621246337890625e-05,0.07767628201103513,-0.17074987292289734,104,13.444008827209473,7.080064296722412,-6.3639445304870605,118,119,14.76522445678711,0.8558540310437737,234.0,-0.051658183336257935,0.0029943238976236387,67.33,-0.25814270973205566,0.014963028794810289,404.0,-0.9765744209289551,0.056606329095260845,3.27,-0.06446943432092667,0.0037369174714654628,19.0,0.20445579290390015,0.011851111037233106,9.8,0.09353825449943542,0.005421867605496603,0.0,-0.15575645864009857,0.00902829438037802,0.0,0.0678858757019043,0.003934948672162206,66.0,-0.2913782596588135,0.016889499974576005,0.0,-0.020651020109653473,0.0011970193109992755,0.0,0.06719505786895752,0.0038949059874895287,0.0,0.235105961561203,0.013627722728731377,0.0
5c6d978dc553f0f4,ddos_wisenet-camera_80,wisenet-camera,1,1,detected,0.9991589784622192,1.621246337890625e-05,0.07767628201103513,-0.17074987292289734,104,13.444008827209473,7.080064296722412,-6.3639445304870605,118,119,14.76522445678711,0.8558540310437737,234.0,-0.051658183336257935,0.0029943238976236387,67.33,-0.25814270973205566,0.014963028794810289,404.0,-0.9765744209289551,0.056606329095260845,3.27,-0.06446943432092667,0.0037369174714654628,19.0,0.20445579290390015,0.011851111037233106,9.8,0.09353825449943542,0.005421867605496603,0.0,-0.15575645864009857,0.00902829438037802,0.0,0.0678858757019043,0.003934948672162206,66.0,-0.2913782596588135,0.016889499974576005,0.0,-0.020651020109653473,0.0011970193109992755,0.0,0.06719505786895752,0.0038949059874895287,0.0,0.235105961561203,0.013627722728731377,0.0
688128679a73242d,ddos_wisenet-camera_80,wisenet-camera,1,1,detected,0.9991589784622192,1.621246337890625e-05,0.07767628201103513,-0.17074987292289734,104,13.444008827209473,7.080064296722412,-6.3639445304870605,118,119,14.76522445678711,0.8558540310437737,234.0,-0.051658183336257935,0.0029943238976236387,67.33,-0.25814270973205566,0.014963028794810289,404.0,-0.9765744209289551,0.056606329095260845,3.27,-0.06446943432092667,0.0037369174714654628,19.0,0.20445579290390015,0.011851111037233106,9.8,0.09353825449943542,0.005421867605496603,0.0,-0.15575645864009857,0.00902829438037802,0.0,0.0678858757019043,0.003934948672162206,66.0,-0.2913782596588135,0.016889499974576005,0.0,-0.020651020109653473,0.0011970193109992755,0.0,0.06719505786895752,0.0038949059874895287,0.0,0.235105961561203,0.013627722728731377,0.0
9116170b89ae00aa,ddos_wisenet-camera_80,wisenet-camera,1,1,detected,0.9991589784622192,1.621246337890625e-05,0.07767628201103513,-0.17074987292289734,104,13.444008827209473,7.080064296722412,-6.3639445304870605,118,119,14.76522445678711,0.8558540310437737,234.0,-0.051658183336257935,0.0029943238976236387,67.33,-0.25814270973205566,0.014963028794810289,404.0,-0.9765744209289551,0.056606329095260845,3.27,-0.06446943432092667,0.0037369174714654628,19.0,0.20445579290390015,0.011851111037233106,9.8,0.09353825449943542,0.005421867605496603,0.0,-0.15575645864009857,0.00902829438037802,0.0,0.0678858757019043,0.003934948672162206,66.0,-0.2913782596588135,0.016889499974576005,0.0,-0.020651020109653473,0.0011970193109992755,0.0,0.06719505786895752,0.0038949059874895287,0.0,0.235105961561203,0.013627722728731377,0.0
a0eb78936a9cf6d0,ddos_wisenet-camera_80,wisenet-camera,1,1,detected,0.9991589784622192,1.621246337890625e-05,0.07767628201103513,-0.17074987292289734,104,13.444008827209473,7.080064296722412,-6.3639445304870605,118,119,14.76522445678711,0.8558540310437737,234.0,-0.051658183336257935,0.0029943238976236387,67.33,-0.25814270973205566,0.014963028794810289,404.0,-0.9765744209289551,0.056606329095260845,3.27,-0.06446943432092667,0.0037369174714654628,19.0,0.20445579290390015,0.011851111037233106,9.8,0.09353825449943542,0.005421867605496603,0.0,-0.15575645864009857,0.00902829438037802,0.0,0.0678858757019043,0.003934948672162206,66.0,-0.2913782596588135,0.016889499974576005,0.0,-0.020651020109653473,0.0011970193109992755,0.0,0.06719505786895752,0.0038949059874895287,0.0,0.235105961561203,0.013627722728731377,0.0
77581585adda62d2,ddos_wisenet-camera_80,wisenet-camera,1,1,detected,0.9991589784622192,1.621246337890625e-05,0.07767628201103513,-0.17074987292289734,104,13.444008827209473,7.080064296722412,-6.3639445304870605,118,119,14.76522445678711,0.8558540310437737,234.0,-0.051658183336257935,0.0029943238976236387,67.33,-0.25814270973205566,0.014963028794810289,404.0,-0.9765744209289551,0.056606329095260845,3.27,-0.06446943432092667,0.0037369174714654628,19.0,0.20445579290390015,0.011851111037233106,9.8,0.09353825449943542,0.005421867605496603,0.0,-0.15575645864009857,0.00902829438037802,0.0,0.0678858757019043,0.003934948672162206,66.0,-0.2913782596588135,0.016889499974576005,0.0,-0.020651020109653473,0.0011970193109992755,0.0,0.06719505786895752,0.0038949059874895287,0.0,0.235105961561203,0.013627722728731377,0.0
27339ef08f101dad,ddos_wisenet-camera_80,wisenet-camera,1,1,detected,0.9991589784622192,1.621246337890625e-05,0.07767628201103513,-0.17074987292289734,104,13.444008827209473,7.080064296722412,-6.3639445304870605,118,119,14.76522445678711,0.8558540310437737,234.0,-0.051658183336257935,0.0029943238976236387,67.33,-0.25814270973205566,0.014963028794810289,404.0,-0.9765744209289551,0.056606329095260845,3.27,-0.06446943432092667,0.0037369174714654628,19.0,0.20445579290390015,0.011851111037233106,9.8,0.09353825449943542,0.005421867605496603,0.0,-0.15575645864009857,0.00902829438037802,0.0,0.0678858757019043,0.003934948672162206,66.0,-0.2913782596588135,0.016889499974576005,0.0,-0.020651020109653473,0.0011970193109992755,0.0,0.06719505786895752,0.0038949059874895287,0.0,0.235105961561203,0.013627722728731377,0.0
676a0290306d7418,ddos_wisenet-camera_80,wisenet-camera,1,1,detected,0.9991589784622192,1.621246337890625e-05,0.07767628201103513,-0.17074987292289734,104,13.444008827209473,7.080064296722412,-6.3639445304870605,118,119,14.76522445678711,0.8558540310437737,234.0,-0.051658183336257935,0.0029943238976236387,67.33,-0.25814270973205566,0.014963028794810289,404.0,-0.9765744209289551,0.056606329095260845,3.27,-0.06446943432092667,0.0037369174714654628,19.0,0.20445579290390015,0.011851111037233106,9.8,0.09353825449943542,0.005421867605496603,0.0,-0.15575645864009857,0.00902829438037802,0.0,0.0678858757019043,0.003934948672162206,66.0,-0.2913782596588135,0.016889499974576005,0.0,-0.020651020109653473,0.0011970193109992755,0.0,0.06719505786895752,0.0038949059874895287,0.0,0.235105961561203,0.013627722728731377,0.0
5e00df7f5b600dd1,ddos_wisenet-camera_80,wisenet-camera,1,1,detected,0.9991589784622192,1.621246337890625e-05,0.07767628201103513,-0.17074987292289734,104,13.444008827209473,7.080064296722412,-6.3639445304870605,118,119,14.76522445678711,0.8558540310437737,234.0,-0.051658183336257935,0.0029943238976236387,67.33,-0.25814270973205566,0.014963028794810289,404.0,-0.9765744209289551,0.056606329095260845,3.27,-0.06446943432092667,0.0037369174714654628,19.0,0.20445579290390015,0.011851111037233106,9.8,0.09353825449943542,0.005421867605496603,0.0,-0.15575645864009857,0.00902829438037802,0.0,0.0678858757019043,0.003934948672162206,66.0,-0.2913782596588135,0.016889499974576005,0.0,-0.020651020109653473,0.0011970193109992755,0.0,0.06719505786895752,0.0038949059874895287,0.0,0.235105961561203,0.013627722728731377,0.0
f6424e903856e3cc,ddos_wisenet-camera_80,wisenet-camera,1,1,detected,0.9991589784622192,1.621246337890625e-05,0.07767628201103513,-0.17074987292289734,104,13.444008827209473,7.080064296722412,-6.3639445304870605,118,119,14.76522445678711,0.8558540310437737,234.0,-0.051658183336257935,0.0029943238976236387,67.33,-0.25814270973205566,0.014963028794810289,404.0,-0.9765744209289551,0.056606329095260845,3.27,-0.06446943432092667,0.0037369174714654628,19.0,0.20445579290390015,0.011851111037233106,9.8,0.09353825449943542,0.005421867605496603,0.0,-0.15575645864009857,0.00902829438037802,0.0,0.0678858757019043,0.003934948672162206,66.0,-0.2913782596588135,0.016889499974576005,0.0,-0.020651020109653473,0.0011970193109992755,0.0,0.06719505786895752,0.0038949059874895287,0.0,0.235105961561203,0.013627722728731377,0.0
ef55a0cdb5eeaf0f,ddos_wisenet-camera_80,wisenet-camera,1,1,detected,0.9991589784622192,1.621246337890625e-05,0.07767628201103513,-0.17074987292289734,104,13.444008827209473,7.080064296722412,-6.3639445304870605,118,119,14.76522445678711,0.8558540310437737,234.0,-0.051658183336257935,0.0029943238976236387,67.33,-0.25814270973205566,0.014963028794810289,404.0,-0.9765744209289551,0.056606329095260845,3.27,-0.06446943432092667,0.0037369174714654628,19.0,0.20445579290390015,0.011851111037233106,9.8,0.09353825449943542,0.005421867605496603,0.0,-0.15575645864009857,0.00902829438037802,0.0,0.0678858757019043,0.003934948672162206,66.0,-0.2913782596588135,0.016889499974576005,0.0,-0.020651020109653473,0.0011970193109992755,0.0,0.06719505786895752,0.0038949059874895287,0.0,0.235105961561203,0.013627722728731377,0.0
06367cefb3251e05,ddos_wisenet-camera_80,wisenet-camera,1,1,detected,0.9991589784622192,1.621246337890625e-05,0.07767628201103513,-0.17074987292289734,104,13.444008827209473,7.080064296722412,-6.3639445304870605,118,119,14.76522445678711,0.8558540310437737,234.0,-0.051658183336257935,0.0029943238976236387,67.33,-0.25814270973205566,0.014963028794810289,404.0,-0.9765744209289551,0.056606329095260845,3.27,-0.06446943432092667,0.0037369174714654628,19.0,0.20445579290390015,0.011851111037233106,9.8,0.09353825449943542,0.005421867605496603,0.0,-0.15575645864009857,0.00902829438037802,0.0,0.0678858757019043,0.003934948672162206,66.0,-0.2913782596588135,0.016889499974576005,0.0,-0.020651020109653473,0.0011970193109992755,0.0,0.06719505786895752,0.0038949059874895287,0.0,0.235105961561203,0.013627722728731377,0.0
db16a40cbe5722c4,ddos_wisenet-camera_80,wisenet-camera,1,1,detected,0.9991589784622192,1.621246337890625e-05,0.07767628201103513,-0.17074987292289734,104,13.444008827209473,7.080064296722412,-6.3639445304870605,118,119,14.76522445678711,0.8558540310437737,234.0,-0.051658183336257935,0.0029943238976236387,67.33,-0.25814270973205566,0.014963028794810289,404.0,-0.9765744209289551,0.056606329095260845,3.27,-0.06446943432092667,0.0037369174714654628,19.0,0.20445579290390015,0.011851111037233106,9.8,0.09353825449943542,0.005421867605496603,0.0,-0.15575645864009857,0.00902829438037802,0.0,0.0678858757019043,0.003934948672162206,66.0,-0.2913782596588135,0.016889499974576005,0.0,-0.020651020109653473,0.0011970193109992755,0.0,0.06719505786895752,0.0038949059874895287,0.0,0.235105961561203,0.013627722728731377,0.0
75e2a51fbad9b331,ddos_wisenet-camera_80,wisenet-camera,1,1,detected,0.9991589784622192,1.621246337890625e-05,0.07767628201103513,-0.17074987292289734,104,13.444008827209473,7.080064296722412,-6.3639445304870605,118,119,14.76522445678711,0.8558540310437737,234.0,-0.051658183336257935,0.0029943238976236387,67.33,-0.25814270973205566,0.014963028794810289,404.0,-0.9765744209289551,0.056606329095260845,3.27,-0.06446943432092667,0.0037369174714654628,19.0,0.20445579290390015,0.011851111037233106,9.8,0.09353825449943542,0.005421867605496603,0.0,-0.15575645864009857,0.00902829438037802,0.0,0.0678858757019043,0.003934948672162206,66.0,-0.2913782596588135,0.016889499974576005,0.0,-0.020651020109653473,0.0011970193109992755,0.0,0.06719505786895752,0.0038949059874895287,0.0,0.235105961561203,0.013627722728731377,0.0
765eee0bbb59ebd8,ddos_wisenet-camera_80,wisenet-camera,1,1,detected,0.9991589784622192,1.6689300537109375e-05,0.08077197207330239,0.03983273729681969,104,13.44397497177124,7.08003044128418,-6.3639445304870605,118,119,15.058838844299316,0.8488097863709201,234.0,-0.1536102294921875,0.008658427613694175,68.67,-0.16790896654129028,0.009464393336915754,206.0,-1.3644591569900513,0.07690940168305256,4.62,-0.04908151179552078,0.002766539171623379,0.0,0.1608949899673462,0.009069042007447618,0.0,0.09609614312648773,0.0054165761093287485,0.0,-0.11076008528470993,0.006243127063181875,0.0,0.02709517627954483,0.001527252600769365,66.0,-0.3065713346004486,0.017280266541145964,0.0,-0.016090765595436096,0.0009069755941227198,0.0,0.04212595149874687,0.0023744805467427682,0.0,0.1875898689031601,0.010573731361054954,0.0
5935de508762c412,ddos_wisenet-camera_80,wisenet-camera,1,1,detected,0.9991589784622192,1.621246337890625e-05,0.07767628201103513,-0.17074987292289734,104,13.444008827209473,7.080064296722412,-6.3639445304870605,118,119,14.76522445678711,0.8558540310437737,234.0,-0.051658183336257935,0.0029943238976236387,67.33,-0.25814270973205566,0.014963028794810289,404.0,-0.9765744209289551,0.056606329095260845,3.27,-0.06446943432092667,0.0037369174714654628,19.0,0.20445579290390015,0.011851111037233106,9.8,0.09353825449943542,0.005421867605496603,0.0,-0.15575645864009857,0.00902829438037802,0.0,0.0678858757019043,0.003934948672162206,66.0,-0.2913782596588135,0.016889499974576005,0.0,-0.020651020109653473,0.0011970193109992755,0.0,0.06719505786895752,0.0038949059874895287,0.0,0.235105961561203,0.013627722728731377,0.0
dd116a49686a0b4c,ddos_wisenet-camera_80,wisenet-camera,1,0,missed,0.0035727745853364468,2.384185791015625e-06,0.25858711077279967,-0.9629012998193502,101,0.7294912338256836,-5.630833625793457,-6.360324859619141,115,119,0.6122244596481323,0.28090669086628567,254.0,0.22764024138450623,0.10444807604073193,74.0,-0.0743674486875534,0.03412198514740059,444.0,0.006408734247088432,0.002940516834341642,0.0,0.07898391038179398,0.03624015432147345,13.3,0.12476131319999695,0.057244180768742506,6.1,0.04394610971212387,0.020163775003002062,0.0,0.147667795419693,0.06775435235421039,0.0,-0.16916431486606598,0.0776175913144668,66.0,0.5129346251487732,0.2353495779376284,1.0,0.11528950929641724,0.052898236974503805,0.0,0.007398255169391632,0.003394538302198222,0.0,0.058671727776527405,0.026920324135014537,0.0
baf9d15e60a31606,ddos_wisenet-camera_80,wisenet-camera,1,1,detected,0.9991589784622192,1.621246337890625e-05,0.07767628201103513,-0.17074987292289734,104,13.444008827209473,7.080064296722412,-6.3639445304870605,118,119,14.76522445678711,0.8558540310437737,234.0,-0.051658183336257935,0.0029943238976236387,67.33,-0.25814270973205566,0.014963028794810289,404.0,-0.9765744209289551,0.056606329095260845,3.27,-0.06446943432092667,0.0037369174714654628,19.0,0.20445579290390015,0.011851111037233106,9.8,0.09353825449943542,0.005421867605496603,0.0,-0.15575645864009857,0.00902829438037802,0.0,0.0678858757019043,0.003934948672162206,66.0,-0.2913782596588135,0.016889499974576005,0.0,-0.020651020109653473,0.0011970193109992755,0.0,0.06719505786895752,0.0038949059874895287,0.0,0.235105961561203,0.013627722728731377,0.0
887f5504461f25b0,ddos_wisenet-camera_80,wisenet-camera,1,1,detected,0.9991589784622192,1.621246337890625e-05,0.07767628201103513,-0.17074987292289734,104,13.444008827209473,7.080064296722412,-6.3639445304870605,118,119,14.76522445678711,0.8558540310437737,234.0,-0.051658183336257935,0.0029943238976236387,67.33,-0.25814270973205566,0.014963028794810289,404.0,-0.9765744209289551,0.056606329095260845,3.27,-0.06446943432092667,0.0037369174714654628,19.0,0.20445579290390015,0.011851111037233106,9.8,0.09353825449943542,0.005421867605496603,0.0,-0.15575645864009857,0.00902829438037802,0.0,0.0678858757019043,0.003934948672162206,66.0,-0.2913782596588135,0.016889499974576005,0.0,-0.020651020109653473,0.0011970193109992755,0.0,0.06719505786895752,0.0038949059874895287,0.0,0.235105961561203,0.013627722728731377,0.0
6f31fef3cd973642,ddos_wisenet-camera_80,wisenet-camera,1,1,detected,0.9991589784622192,1.621246337890625e-05,0.07767628201103513,-0.17074987292289734,104,13.444008827209473,7.080064296722412,-6.3639445304870605,118,119,14.76522445678711,0.8558540310437737,234.0,-0.051658183336257935,0.0029943238976236387,67.33,-0.25814270973205566,0.014963028794810289,404.0,-0.9765744209289551,0.056606329095260845,3.27,-0.06446943432092667,0.0037369174714654628,19.0,0.20445579290390015,0.011851111037233106,9.8,0.09353825449943542,0.005421867605496603,0.0,-0.15575645864009857,0.00902829438037802,0.0,0.0678858757019043,0.003934948672162206,66.0,-0.2913782596588135,0.016889499974576005,0.0,-0.020651020109653473,0.0011970193109992755,0.0,0.06719505786895752,0.0038949059874895287,0.0,0.235105961561203,0.013627722728731377,0.0
1baee7c0cab0de94,ddos_wisenet-camera_80,wisenet-camera,1,1,detected,0.9991589784622192,1.621246337890625e-05,0.07767628201103513,-0.17074987292289734,104,13.444008827209473,7.080064296722412,-6.3639445304870605,118,119,14.76522445678711,0.8558540310437737,234.0,-0.051658183336257935,0.0029943238976236387,67.33,-0.25814270973205566,0.014963028794810289,404.0,-0.9765744209289551,0.056606329095260845,3.27,-0.06446943432092667,0.0037369174714654628,19.0,0.20445579290390015,0.011851111037233106,9.8,0.09353825449943542,0.005421867605496603,0.0,-0.15575645864009857,0.00902829438037802,0.0,0.0678858757019043,0.003934948672162206,66.0,-0.2913782596588135,0.016889499974576005,0.0,-0.020651020109653473,0.0011970193109992755,0.0,0.06719505786895752,0.0038949059874895287,0.0,0.235105961561203,0.013627722728731377,0.0
e25a8c957faae690,ddos_wisenet-camera_80,wisenet-camera,1,1,detected,0.9991589784622192,1.621246337890625e-05,0.07767628201103513,-0.17074987292289734,104,13.444008827209473,7.080064296722412,-6.3639445304870605,118,119,14.76522445678711,0.8558540310437737,234.0,-0.051658183336257935,0.0029943238976236387,67.33,-0.25814270973205566,0.014963028794810289,404.0,-0.9765744209289551,0.056606329095260845,3.27,-0.06446943432092667,0.0037369174714654628,19.0,0.20445579290390015,0.011851111037233106,9.8,0.09353825449943542,0.005421867605496603,0.0,-0.15575645864009857,0.00902829438037802,0.0,0.0678858757019043,0.003934948672162206,66.0,-0.2913782596588135,0.016889499974576005,0.0,-0.020651020109653473,0.0011970193109992755,0.0,0.06719505786895752,0.0038949059874895287,0.0,0.235105961561203,0.013627722728731377,0.0
cdb37c007400512f,ddos_wisenet-camera_80,wisenet-camera,1,1,detected,0.9991589784622192,1.6689300537109375e-05,0.08077197207330239,0.03983273729681969,104,13.44397497177124,7.08003044128418,-6.3639445304870605,118,119,15.058838844299316,0.8488097863709201,234.0,-0.1536102294921875,0.008658427613694175,68.67,-0.16790896654129028,0.009464393336915754,206.0,-1.3644591569900513,0.07690940168305256,4.62,-0.04908151179552078,0.002766539171623379,0.0,0.1608949899673462,0.009069042007447618,0.0,0.09609614312648773,0.0054165761093287485,0.0,-0.11076008528470993,0.006243127063181875,0.0,0.02709517627954483,0.001527252600769365,66.0,-0.3065713346004486,0.017280266541145964,0.0,-0.016090765595436096,0.0009069755941227198,0.0,0.04212595149874687,0.0023744805467427682,0.0,0.1875898689031601,0.010573731361054954,0.0
312801098bfd9076,ddos_wisenet-camera_80,wisenet-camera,1,1,detected,0.9991589784622192,1.621246337890625e-05,0.07767628201103513,-0.17074987292289734,104,13.444008827209473,7.080064296722412,-6.3639445304870605,118,119,14.76522445678711,0.8558540310437737,234.0,-0.051658183336257935,0.0029943238976236387,67.33,-0.25814270973205566,0.014963028794810289,404.0,-0.9765744209289551,0.056606329095260845,3.27,-0.06446943432092667,0.0037369174714654628,19.0,0.20445579290390015,0.011851111037233106,9.8,0.09353825449943542,0.005421867605496603,0.0,-0.15575645864009857,0.00902829438037802,0.0,0.0678858757019043,0.003934948672162206,66.0,-0.2913782596588135,0.016889499974576005,0.0,-0.020651020109653473,0.0011970193109992755,0.0,0.06719505786895752,0.0038949059874895287,0.0,0.235105961561203,0.013627722728731377,0.0
54d768b81dd93eb3,ddos_wisenet-camera_80,wisenet-camera,1,1,detected,0.9991589784622192,1.621246337890625e-05,0.07767628201103513,-0.17074987292289734,104,13.444008827209473,7.080064296722412,-6.3639445304870605,118,119,14.76522445678711,0.8558540310437737,234.0,-0.051658183336257935,0.0029943238976236387,67.33,-0.25814270973205566,0.014963028794810289,404.0,-0.9765744209289551,0.056606329095260845,3.27,-0.06446943432092667,0.0037369174714654628,19.0,0.20445579290390015,0.011851111037233106,9.8,0.09353825449943542,0.005421867605496603,0.0,-0.15575645864009857,0.00902829438037802,0.0,0.0678858757019043,0.003934948672162206,66.0,-0.2913782596588135,0.016889499974576005,0.0,-0.020651020109653473,0.0011970193109992755,0.0,0.06719505786895752,0.0038949059874895287,0.0,0.235105961561203,0.013627722728731377,0.0
6213708499844cd9,ddos_wisenet-camera_80,wisenet-camera,1,1,detected,0.9991589784622192,1.621246337890625e-05,0.07767628201103513,-0.17074987292289734,104,13.444008827209473,7.080064296722412,-6.3639445304870605,118,119,14.76522445678711,0.8558540310437737,234.0,-0.051658183336257935,0.0029943238976236387,67.33,-0.25814270973205566,0.014963028794810289,404.0,-0.9765744209289551,0.056606329095260845,3.27,-0.06446943432092667,0.0037369174714654628,19.0,0.20445579290390015,0.011851111037233106,9.8,0.09353825449943542,0.005421867605496603,0.0,-0.15575645864009857,0.00902829438037802,0.0,0.0678858757019043,0.003934948672162206,66.0,-0.2913782596588135,0.016889499974576005,0.0,-0.020651020109653473,0.0011970193109992755,0.0,0.06719505786895752,0.0038949059874895287,0.0,0.235105961561203,0.013627722728731377,0.0
4daa82a99ec18615,ddos_wisenet-camera_80,wisenet-camera,1,1,detected,0.998537540435791,0.00010013580322265625,0.0998384372556612,-0.9271630123257637,100,12.886632919311523,6.526134490966797,-6.360498428344727,114,119,5.376034736633301,0.38253683084530793,74.0,0.5356055498123169,0.038111518925317146,0.0,0.12211734056472778,0.008689374741678593,0.0,0.8391730189323425,0.05971214899446516,0.0,0.6099085211753845,0.04339861705248022,2.0,0.3095206022262573,0.022024230879712024,0.0,0.028954699635505676,0.0020602990083320298,0.0,0.5583993792533875,0.03973343539430859,1.0,2.1125476360321045,0.1503203229307167,74.0,2.9293293952941895,0.20843920068857175,0.0,0.5120767951011658,0.036437308154391786,1.0,-0.11150337010622025,0.007934127645856092,0.0,-0.00846850872039795,0.0006025847388619381,0.0
a6f6706328b8c4fe,ddos_wisenet-camera_80,wisenet-camera,1,1,detected,0.9991589784622192,1.6689300537109375e-05,0.08077197207330239,0.03983273729681969,104,13.44397497177124,7.08003044128418,-6.3639445304870605,118,119,15.058838844299316,0.8488097863709201,234.0,-0.1536102294921875,0.008658427613694175,68.67,-0.16790896654129028,0.009464393336915754,206.0,-1.3644591569900513,0.07690940168305256,4.62,-0.04908151179552078,0.002766539171623379,0.0,0.1608949899673462,0.009069042007447618,0.0,0.09609614312648773,0.0054165761093287485,0.0,-0.11076008528470993,0.006243127063181875,0.0,0.02709517627954483,0.001527252600769365,66.0,-0.3065713346004486,0.017280266541145964,0.0,-0.016090765595436096,0.0009069755941227198,0.0,0.04212595149874687,0.0023744805467427682,0.0,0.1875898689031601,0.010573731361054954,0.0
2aac70615c6d3e37,ddos_wisenet-camera_80,wisenet-camera,1,1,detected,0.9991589784622192,1.621246337890625e-05,0.07767628201103513,-0.17074987292289734,104,13.444008827209473,7.080064296722412,-6.3639445304870605,118,119,14.76522445678711,0.8558540310437737,234.0,-0.051658183336257935,0.0029943238976236387,67.33,-0.25814270973205566,0.014963028794810289,404.0,-0.9765744209289551,0.056606329095260845,3.27,-0.06446943432092667,0.0037369174714654628,19.0,0.20445579290390015,0.011851111037233106,9.8,0.09353825449943542,0.005421867605496603,0.0,-0.15575645864009857,0.00902829438037802,0.0,0.0678858757019043,0.003934948672162206,66.0,-0.2913782596588135,0.016889499974576005,0.0,-0.020651020109653473,0.0011970193109992755,0.0,0.06719505786895752,0.0038949059874895287,0.0,0.235105961561203,0.013627722728731377,0.0
47ad9bb224ee09be,ddos_wisenet-camera_80,wisenet-camera,1,1,detected,0.9991589784622192,1.621246337890625e-05,0.07767628201103513,-0.17074987292289734,104,13.444008827209473,7.080064296722412,-6.3639445304870605,118,119,14.76522445678711,0.8558540310437737,234.0,-0.051658183336257935,0.0029943238976236387,67.33,-0.25814270973205566,0.014963028794810289,404.0,-0.9765744209289551,0.056606329095260845,3.27,-0.06446943432092667,0.0037369174714654628,19.0,0.20445579290390015,0.011851111037233106,9.8,0.09353825449943542,0.005421867605496603,0.0,-0.15575645864009857,0.00902829438037802,0.0,0.0678858757019043,0.003934948672162206,66.0,-0.2913782596588135,0.016889499974576005,0.0,-0.020651020109653473,0.0011970193109992755,0.0,0.06719505786895752,0.0038949059874895287,0.0,0.235105961561203,0.013627722728731377,0.0
caebb4232fa67697,ddos_wisenet-camera_80,wisenet-camera,1,1,detected,0.9991589784622192,1.621246337890625e-05,0.07767628201103513,-0.17074987292289734,104,13.444008827209473,7.080064296722412,-6.3639445304870605,118,119,14.76522445678711,0.8558540310437737,234.0,-0.051658183336257935,0.0029943238976236387,67.33,-0.25814270973205566,0.014963028794810289,404.0,-0.9765744209289551,0.056606329095260845,3.27,-0.06446943432092667,0.0037369174714654628,19.0,0.20445579290390015,0.011851111037233106,9.8,0.09353825449943542,0.005421867605496603,0.0,-0.15575645864009857,0.00902829438037802,0.0,0.0678858757019043,0.003934948672162206,66.0,-0.2913782596588135,0.016889499974576005,0.0,-0.020651020109653473,0.0011970193109992755,0.0,0.06719505786895752,0.0038949059874895287,0.0,0.235105961561203,0.013627722728731377,0.0
7de878044d9213a1,ddos_wisenet-camera_80,wisenet-camera,1,1,detected,0.9991589784622192,1.621246337890625e-05,0.07767628201103513,-0.17074987292289734,104,13.444008827209473,7.080064296722412,-6.3639445304870605,118,119,14.76522445678711,0.8558540310437737,234.0,-0.051658183336257935,0.0029943238976236387,67.33,-0.25814270973205566,0.014963028794810289,404.0,-0.9765744209289551,0.056606329095260845,3.27,-0.06446943432092667,0.0037369174714654628,19.0,0.20445579290390015,0.011851111037233106,9.8,0.09353825449943542,0.005421867605496603,0.0,-0.15575645864009857,0.00902829438037802,0.0,0.0678858757019043,0.003934948672162206,66.0,-0.2913782596588135,0.016889499974576005,0.0,-0.020651020109653473,0.0011970193109992755,0.0,0.06719505786895752,0.0038949059874895287,0.0,0.235105961561203,0.013627722728731377,0.0
4d06b37db194ad30,ddos_wisenet-camera_80,wisenet-camera,1,1,detected,0.9991589784622192,1.621246337890625e-05,0.07767628201103513,-0.17074987292289734,104,13.444008827209473,7.080064296722412,-6.3639445304870605,118,119,14.76522445678711,0.8558540310437737,234.0,-0.051658183336257935,0.0029943238976236387,67.33,-0.25814270973205566,0.014963028794810289,404.0,-0.9765744209289551,0.056606329095260845,3.27,-0.06446943432092667,0.0037369174714654628,19.0,0.20445579290390015,0.011851111037233106,9.8,0.09353825449943542,0.005421867605496603,0.0,-0.15575645864009857,0.00902829438037802,0.0,0.0678858757019043,0.003934948672162206,66.0,-0.2913782596588135,0.016889499974576005,0.0,-0.020651020109653473,0.0011970193109992755,0.0,0.06719505786895752,0.0038949059874895287,0.0,0.235105961561203,0.013627722728731377,0.0
2afcc3cc7eef2cc0,ddos_wisenet-camera_80,wisenet-camera,1,1,detected,0.9991589784622192,1.621246337890625e-05,0.07767628201103513,-0.17074987292289734,104,13.444008827209473,7.080064296722412,-6.3639445304870605,118,119,14.76522445678711,0.8558540310437737,234.0,-0.051658183336257935,0.0029943238976236387,67.33,-0.25814270973205566,0.014963028794810289,404.0,-0.9765744209289551,0.056606329095260845,3.27,-0.06446943432092667,0.0037369174714654628,19.0,0.20445579290390015,0.011851111037233106,9.8,0.09353825449943542,0.005421867605496603,0.0,-0.15575645864009857,0.00902829438037802,0.0,0.0678858757019043,0.003934948672162206,66.0,-0.2913782596588135,0.016889499974576005,0.0,-0.020651020109653473,0.0011970193109992755,0.0,0.06719505786895752,0.0038949059874895287,0.0,0.235105961561203,0.013627722728731377,0.0
326cd3de12f7c1b9,ddos_wisenet-camera_80,wisenet-camera,1,1,detected,0.9991589784622192,1.621246337890625e-05,0.07767628201103513,-0.17074987292289734,104,13.444008827209473,7.080064296722412,-6.3639445304870605,118,119,14.76522445678711,0.8558540310437737,234.0,-0.051658183336257935,0.0029943238976236387,67.33,-0.25814270973205566,0.014963028794810289,404.0,-0.9765744209289551,0.056606329095260845,3.27,-0.06446943432092667,0.0037369174714654628,19.0,0.20445579290390015,0.011851111037233106,9.8,0.09353825449943542,0.005421867605496603,0.0,-0.15575645864009857,0.00902829438037802,0.0,0.0678858757019043,0.003934948672162206,66.0,-0.2913782596588135,0.016889499974576005,0.0,-0.020651020109653473,0.0011970193109992755,0.0,0.06719505786895752,0.0038949059874895287,0.0,0.235105961561203,0.013627722728731377,0.0
1978fcafc63ec605,ddos_wisenet-camera_80,wisenet-camera,1,0,missed,0.0036675995215773582,1.8477439880371094e-06,0.2561904231375038,-0.9573329882696271,101,0.7557816505432129,-5.604543209075928,-6.360324859619141,115,119,0.6200411319732666,0.281357443555306,254.0,0.2296498715877533,0.10420873301921593,74.0,-0.07516105473041534,0.034105998978761085,444.0,0.005268656648695469,0.002390770046061293,0.0,0.08475710451602936,0.03846041983357981,13.2,0.12651066482067108,0.057407025761576226,6.1,0.04449402540922165,0.020190152873863183,0.0,0.1496472805738449,0.06790577935251553,0.0,-0.1701551079750061,0.07721166180599275,66.0,0.5134304165840149,0.23298046210883083,1.0,0.11722040921449661,0.05319136581171132,0.0,0.0074073076248168945,0.0033612304562982832,0.0,0.060005780309438705,0.02722895639628778,0.0
600a394a4ea63c94,ddos_wisenet-camera_80,wisenet-camera,1,1,detected,0.9991589784622192,1.621246337890625e-05,0.07767628201103513,-0.17074987292289734,104,13.444008827209473,7.080064296722412,-6.3639445304870605,118,119,14.76522445678711,0.8558540310437737,234.0,-0.051658183336257935,0.0029943238976236387,67.33,-0.25814270973205566,0.014963028794810289,404.0,-0.9765744209289551,0.056606329095260845,3.27,-0.06446943432092667,0.0037369174714654628,19.0,0.20445579290390015,0.011851111037233106,9.8,0.09353825449943542,0.005421867605496603,0.0,-0.15575645864009857,0.00902829438037802,0.0,0.0678858757019043,0.003934948672162206,66.0,-0.2913782596588135,0.016889499974576005,0.0,-0.020651020109653473,0.0011970193109992755,0.0,0.06719505786895752,0.0038949059874895287,0.0,0.235105961561203,0.013627722728731377,0.0
e2ff920687b4a103,ddos_wisenet-camera_80,wisenet-camera,1,1,detected,0.9991589784622192,1.621246337890625e-05,0.07767628201103513,-0.17074987292289734,104,13.444008827209473,7.080064296722412,-6.3639445304870605,118,119,14.76522445678711,0.8558540310437737,234.0,-0.051658183336257935,0.0029943238976236387,67.33,-0.25814270973205566,0.014963028794810289,404.0,-0.9765744209289551,0.056606329095260845,3.27,-0.06446943432092667,0.0037369174714654628,19.0,0.20445579290390015,0.011851111037233106,9.8,0.09353825449943542,0.005421867605496603,0.0,-0.15575645864009857,0.00902829438037802,0.0,0.0678858757019043,0.003934948672162206,66.0,-0.2913782596588135,0.016889499974576005,0.0,-0.020651020109653473,0.0011970193109992755,0.0,0.06719505786895752,0.0038949059874895287,0.0,0.235105961561203,0.013627722728731377,0.0
cb474030efae4e68,ddos_wisenet-camera_80,wisenet-camera,1,1,detected,0.9991589784622192,1.621246337890625e-05,0.07767628201103513,-0.17074987292289734,104,13.444008827209473,7.080064296722412,-6.3639445304870605,118,119,14.76522445678711,0.8558540310437737,234.0,-0.051658183336257935,0.0029943238976236387,67.33,-0.25814270973205566,0.014963028794810289,404.0,-0.9765744209289551,0.056606329095260845,3.27,-0.06446943432092667,0.0037369174714654628,19.0,0.20445579290390015,0.011851111037233106,9.8,0.09353825449943542,0.005421867605496603,0.0,-0.15575645864009857,0.00902829438037802,0.0,0.0678858757019043,0.003934948672162206,66.0,-0.2913782596588135,0.016889499974576005,0.0,-0.020651020109653473,0.0011970193109992755,0.0,0.06719505786895752,0.0038949059874895287,0.0,0.235105961561203,0.013627722728731377,0.0
fd34afd6976876c0,ddos_wisenet-camera_80,wisenet-camera,1,1,detected,0.9991589784622192,1.621246337890625e-05,0.07767628201103513,-0.17074987292289734,104,13.444008827209473,7.080064296722412,-6.3639445304870605,118,119,14.76522445678711,0.8558540310437737,234.0,-0.051658183336257935,0.0029943238976236387,67.33,-0.25814270973205566,0.014963028794810289,404.0,-0.9765744209289551,0.056606329095260845,3.27,-0.06446943432092667,0.0037369174714654628,19.0,0.20445579290390015,0.011851111037233106,9.8,0.09353825449943542,0.005421867605496603,0.0,-0.15575645864009857,0.00902829438037802,0.0,0.0678858757019043,0.003934948672162206,66.0,-0.2913782596588135,0.016889499974576005,0.0,-0.020651020109653473,0.0011970193109992755,0.0,0.06719505786895752,0.0038949059874895287,0.0,0.235105961561203,0.013627722728731377,0.0
48225df5d0037320,ddos_wisenet-camera_80,wisenet-camera,1,1,detected,0.9991589784622192,1.621246337890625e-05,0.07767628201103513,-0.17074987292289734,104,13.444008827209473,7.080064296722412,-6.3639445304870605,118,119,14.76522445678711,0.8558540310437737,234.0,-0.051658183336257935,0.0029943238976236387,67.33,-0.25814270973205566,0.014963028794810289,404.0,-0.9765744209289551,0.056606329095260845,3.27,-0.06446943432092667,0.0037369174714654628,19.0,0.20445579290390015,0.011851111037233106,9.8,0.09353825449943542,0.005421867605496603,0.0,-0.15575645864009857,0.00902829438037802,0.0,0.0678858757019043,0.003934948672162206,66.0,-0.2913782596588135,0.016889499974576005,0.0,-0.020651020109653473,0.0011970193109992755,0.0,0.06719505786895752,0.0038949059874895287,0.0,0.235105961561203,0.013627722728731377,0.0
79fee9f805fddef3,ddos_wisenet-camera_80,wisenet-camera,1,1,detected,0.998715877532959,1.33514404296875e-05,0.07179742237232599,-0.713492751121521,101,13.01668643951416,6.6563615798950195,-6.360324859619141,115,119,7.343243598937988,0.46054798350757775,255.0,1.0799493789672852,0.06773144620254402,74.0,-0.4883127212524414,0.030625626954066263,444.0,0.5322550535202026,0.03338156882687356,0.0,0.9123430848121643,0.05721964174497673,13.0,0.39845067262649536,0.024989727132558946,6.1,0.6448955535888672,0.0404460702926034,0.0,0.8365557789802551,0.05246647096886278,0.0,-0.6188803911209106,0.03881447106076365,66.0,1.6650314331054688,0.10442617879438969,1.0,0.5734643936157227,0.03596610496910566,0.0,0.397386759519577,0.024923001437106136,0.0,0.4538099467754364,0.028461708108571408,0.0
88e80458bb6d7a71,ddos_wisenet-camera_80,wisenet-camera,1,0,missed,0.003584970021620393,7.152557373046875e-07,0.2585472792028661,-0.9617528496310115,101,0.7329120635986328,-5.627412796020508,-6.360324859619141,115,119,0.610924243927002,0.27990481716739274,254.0,0.22624412178993225,0.10365740134610718,74.0,-0.0746510773897171,0.034202597745677896,444.0,0.0067842258140444756,0.003108302715073336,0.0,0.08205360919237137,0.03759418734356155,13.4,0.12529003620147705,0.05740365523955341,6.1,0.044169940054416656,0.0202371719867504,0.0,0.14803102612495422,0.0678228073521302,0.0,-0.16932323575019836,0.07757817735338339,66.0,0.5132003426551819,0.23513103221732037,1.0,0.11562231183052063,0.05297423105254956,0.0,0.007367193698883057,0.003375398874445433,0.0,0.05895289033651352,0.027010219606054566,0.0
fa3e9e915682638f,ddos_wisenet-camera_80,wisenet-camera,1,1,detected,0.9991589784622192,1.621246337890625e-05,0.07767628201103513,-0.17074987292289734,104,13.444008827209473,7.080064296722412,-6.3639445304870605,118,119,14.76522445678711,0.8558540310437737,234.0,-0.051658183336257935,0.0029943238976236387,67.33,-0.25814270973205566,0.014963028794810289,404.0,-0.9765744209289551,0.056606329095260845,3.27,-0.06446943432092667,0.0037369174714654628,19.0,0.20445579290390015,0.011851111037233106,9.8,0.09353825449943542,0.005421867605496603,0.0,-0.15575645864009857,0.00902829438037802,0.0,0.0678858757019043,0.003934948672162206,66.0,-0.2913782596588135,0.016889499974576005,0.0,-0.020651020109653473,0.0011970193109992755,0.0,0.06719505786895752,0.0038949059874895287,0.0,0.235105961561203,0.013627722728731377,0.0
0be28bb05d1f3a09,ddos_wisenet-camera_80,wisenet-camera,1,1,detected,0.9991589784622192,1.6689300537109375e-05,0.08077197207330239,0.03983273729681969,104,13.44397497177124,7.08003044128418,-6.3639445304870605,118,119,15.058838844299316,0.8488097863709201,234.0,-0.1536102294921875,0.008658427613694175,68.67,-0.16790896654129028,0.009464393336915754,206.0,-1.3644591569900513,0.07690940168305256,4.62,-0.04908151179552078,0.002766539171623379,0.0,0.1608949899673462,0.009069042007447618,0.0,0.09609614312648773,0.0054165761093287485,0.0,-0.11076008528470993,0.006243127063181875,0.0,0.02709517627954483,0.001527252600769365,66.0,-0.3065713346004486,0.017280266541145964,0.0,-0.016090765595436096,0.0009069755941227198,0.0,0.04212595149874687,0.0023744805467427682,0.0,0.1875898689031601,0.010573731361054954,0.0
83fc8b056c4a2680,ddos_wisenet-camera_80,wisenet-camera,1,1,detected,0.9991589784622192,1.621246337890625e-05,0.07767628201103513,-0.17074987292289734,104,13.444008827209473,7.080064296722412,-6.3639445304870605,118,119,14.76522445678711,0.8558540310437737,234.0,-0.051658183336257935,0.0029943238976236387,67.33,-0.25814270973205566,0.014963028794810289,404.0,-0.9765744209289551,0.056606329095260845,3.27,-0.06446943432092667,0.0037369174714654628,19.0,0.20445579290390015,0.011851111037233106,9.8,0.09353825449943542,0.005421867605496603,0.0,-0.15575645864009857,0.00902829438037802,0.0,0.0678858757019043,0.003934948672162206,66.0,-0.2913782596588135,0.016889499974576005,0.0,-0.020651020109653473,0.0011970193109992755,0.0,0.06719505786895752,0.0038949059874895287,0.0,0.235105961561203,0.013627722728731377,0.0
eecc266306549a70,ddos_wisenet-camera_80,wisenet-camera,1,1,detected,0.9986842274665833,1.52587890625e-05,0.0697649427506146,-0.666648268699646,101,12.992302894592285,6.6319780349731445,-6.360324859619141,115,119,7.453227996826172,0.4704296003715269,255.0,1.0912444591522217,0.06887669276254872,74.0,-0.4970724582672119,0.03137400304913692,444.0,0.5424983501434326,0.034241174719042984,0.0,0.5878497362136841,0.037103643763919676,13.2,0.43771812319755554,0.027627701964690523,6.1,0.666897177696228,0.04209292576667874,0.0,0.8611483573913574,0.054353587170649025,0.0,-0.5951694846153259,0.037565648457304986,66.0,1.6520209312438965,0.1042715380263966,1.0,0.5842790603637695,0.036878271399912184,0.0,0.4110828638076782,0.025946549256641388,0.0,0.463241308927536,0.0292386632915513,0.0
820b769ada0f34b1,ddos_wisenet-camera_80,wisenet-camera,1,1,detected,0.9991589784622192,1.621246337890625e-05,0.07767628201103513,-0.17074987292289734,104,13.444008827209473,7.080064296722412,-6.3639445304870605,118,119,14.76522445678711,0.8558540310437737,234.0,-0.051658183336257935,0.0029943238976236387,67.33,-0.25814270973205566,0.014963028794810289,404.0,-0.9765744209289551,0.056606329095260845,3.27,-0.06446943432092667,0.0037369174714654628,19.0,0.20445579290390015,0.011851111037233106,9.8,0.09353825449943542,0.005421867605496603,0.0,-0.15575645864009857,0.00902829438037802,0.0,0.0678858757019043,0.003934948672162206,66.0,-0.2913782596588135,0.016889499974576005,0.0,-0.020651020109653473,0.0011970193109992755,0.0,0.06719505786895752,0.0038949059874895287,0.0,0.235105961561203,0.013627722728731377,0.0
f036d6db4fe1009f,ddos_wisenet-camera_80,wisenet-camera,1,1,detected,0.9991589784622192,1.621246337890625e-05,0.07767628201103513,-0.17074987292289734,104,13.444008827209473,7.080064296722412,-6.3639445304870605,118,119,14.76522445678711,0.8558540310437737,234.0,-0.051658183336257935,0.0029943238976236387,67.33,-0.25814270973205566,0.014963028794810289,404.0,-0.9765744209289551,0.056606329095260845,3.27,-0.06446943432092667,0.0037369174714654628,19.0,0.20445579290390015,0.011851111037233106,9.8,0.09353825449943542,0.005421867605496603,0.0,-0.15575645864009857,0.00902829438037802,0.0,0.0678858757019043,0.003934948672162206,66.0,-0.2913782596588135,0.016889499974576005,0.0,-0.020651020109653473,0.0011970193109992755,0.0,0.06719505786895752,0.0038949059874895287,0.0,0.235105961561203,0.013627722728731377,0.0
48c80cccb6740dff,ddos_wisenet-camera_80,wisenet-camera,1,1,detected,0.9991589784622192,1.621246337890625e-05,0.07767628201103513,-0.17074987292289734,104,13.444008827209473,7.080064296722412,-6.3639445304870605,118,119,14.76522445678711,0.8558540310437737,234.0,-0.051658183336257935,0.0029943238976236387,67.33,-0.25814270973205566,0.014963028794810289,404.0,-0.9765744209289551,0.056606329095260845,3.27,-0.06446943432092667,0.0037369174714654628,19.0,0.20445579290390015,0.011851111037233106,9.8,0.09353825449943542,0.005421867605496603,0.0,-0.15575645864009857,0.00902829438037802,0.0,0.0678858757019043,0.003934948672162206,66.0,-0.2913782596588135,0.016889499974576005,0.0,-0.020651020109653473,0.0011970193109992755,0.0,0.06719505786895752,0.0038949059874895287,0.0,0.235105961561203,0.013627722728731377,0.0
3cf2862e187858a1,ddos_wisenet-camera_80,wisenet-camera,1,0,missed,0.0035727745853364468,2.384185791015625e-06,0.25858711077279967,-0.9629012998193502,101,0.7294912338256836,-5.630833625793457,-6.360324859619141,115,119,0.6122244596481323,0.28090669086628567,254.0,0.22764024138450623,0.10444807604073193,74.0,-0.0743674486875534,0.03412198514740059,444.0,0.006408734247088432,0.002940516834341642,0.0,0.07898391038179398,0.03624015432147345,13.3,0.12476131319999695,0.057244180768742506,6.1,0.04394610971212387,0.020163775003002062,0.0,0.147667795419693,0.06775435235421039,0.0,-0.16916431486606598,0.0776175913144668,66.0,0.5129346251487732,0.2353495779376284,1.0,0.11528950929641724,0.052898236974503805,0.0,0.007398255169391632,0.003394538302198222,0.0,0.058671727776527405,0.026920324135014537,0.0
701fc8eb1b01c7aa,ddos_wisenet-camera_80,wisenet-camera,1,1,detected,0.9991589784622192,1.621246337890625e-05,0.07767628201103513,-0.17074987292289734,104,13.444008827209473,7.080064296722412,-6.3639445304870605,118,119,14.76522445678711,0.8558540310437737,234.0,-0.051658183336257935,0.0029943238976236387,67.33,-0.25814270973205566,0.014963028794810289,404.0,-0.9765744209289551,0.056606329095260845,3.27,-0.06446943432092667,0.0037369174714654628,19.0,0.20445579290390015,0.011851111037233106,9.8,0.09353825449943542,0.005421867605496603,0.0,-0.15575645864009857,0.00902829438037802,0.0,0.0678858757019043,0.003934948672162206,66.0,-0.2913782596588135,0.016889499974576005,0.0,-0.020651020109653473,0.0011970193109992755,0.0,0.06719505786895752,0.0038949059874895287,0.0,0.235105961561203,0.013627722728731377,0.0
b06792b7be199142,ddos_wisenet-camera_80,wisenet-camera,1,1,detected,0.9991589784622192,1.621246337890625e-05,0.07767628201103513,-0.17074987292289734,104,13.444008827209473,7.080064296722412,-6.3639445304870605,118,119,14.76522445678711,0.8558540310437737,234.0,-0.051658183336257935,0.0029943238976236387,67.33,-0.25814270973205566,0.014963028794810289,404.0,-0.9765744209289551,0.056606329095260845,3.27,-0.06446943432092667,0.0037369174714654628,19.0,0.20445579290390015,0.011851111037233106,9.8,0.09353825449943542,0.005421867605496603,0.0,-0.15575645864009857,0.00902829438037802,0.0,0.0678858757019043,0.003934948672162206,66.0,-0.2913782596588135,0.016889499974576005,0.0,-0.020651020109653473,0.0011970193109992755,0.0,0.06719505786895752,0.0038949059874895287,0.0,0.235105961561203,0.013627722728731377,0.0
286bb180d5342f94,ddos_wisenet-camera_80,wisenet-camera,1,1,detected,0.9991589784622192,1.621246337890625e-05,0.07767628201103513,-0.17074987292289734,104,13.444008827209473,7.080064296722412,-6.3639445304870605,118,119,14.76522445678711,0.8558540310437737,234.0,-0.051658183336257935,0.0029943238976236387,67.33,-0.25814270973205566,0.014963028794810289,404.0,-0.9765744209289551,0.056606329095260845,3.27,-0.06446943432092667,0.0037369174714654628,19.0,0.20445579290390015,0.011851111037233106,9.8,0.09353825449943542,0.005421867605496603,0.0,-0.15575645864009857,0.00902829438037802,0.0,0.0678858757019043,0.003934948672162206,66.0,-0.2913782596588135,0.016889499974576005,0.0,-0.020651020109653473,0.0011970193109992755,0.0,0.06719505786895752,0.0038949059874895287,0.0,0.235105961561203,0.013627722728731377,0.0
4bb19fa33c7a6784,ddos_wisenet-camera_80,wisenet-camera,1,1,detected,0.9991589784622192,1.6689300537109375e-05,0.08077197207330239,0.03983273729681969,104,13.44397497177124,7.08003044128418,-6.3639445304870605,118,119,15.058838844299316,0.8488097863709201,234.0,-0.1536102294921875,0.008658427613694175,68.67,-0.16790896654129028,0.009464393336915754,206.0,-1.3644591569900513,0.07690940168305256,4.62,-0.04908151179552078,0.002766539171623379,0.0,0.1608949899673462,0.009069042007447618,0.0,0.09609614312648773,0.0054165761093287485,0.0,-0.11076008528470993,0.006243127063181875,0.0,0.02709517627954483,0.001527252600769365,66.0,-0.3065713346004486,0.017280266541145964,0.0,-0.016090765595436096,0.0009069755941227198,0.0,0.04212595149874687,0.0023744805467427682,0.0,0.1875898689031601,0.010573731361054954,0.0
8213e3906669f0da,ddos_wisenet-camera_80,wisenet-camera,1,1,detected,0.9991589784622192,1.6689300537109375e-05,0.08077197207330239,0.03983273729681969,104,13.44397497177124,7.08003044128418,-6.3639445304870605,118,119,15.058838844299316,0.8488097863709201,234.0,-0.1536102294921875,0.008658427613694175,68.67,-0.16790896654129028,0.009464393336915754,206.0,-1.3644591569900513,0.07690940168305256,4.62,-0.04908151179552078,0.002766539171623379,0.0,0.1608949899673462,0.009069042007447618,0.0,0.09609614312648773,0.0054165761093287485,0.0,-0.11076008528470993,0.006243127063181875,0.0,0.02709517627954483,0.001527252600769365,66.0,-0.3065713346004486,0.017280266541145964,0.0,-0.016090765595436096,0.0009069755941227198,0.0,0.04212595149874687,0.0023744805467427682,0.0,0.1875898689031601,0.010573731361054954,0.0
29c0442cc47c65d8,ddos_wisenet-camera_80,wisenet-camera,1,1,detected,0.9991589784622192,1.621246337890625e-05,0.07767628201103513,-0.17074987292289734,104,13.444008827209473,7.080064296722412,-6.3639445304870605,118,119,14.76522445678711,0.8558540310437737,234.0,-0.051658183336257935,0.0029943238976236387,67.33,-0.25814270973205566,0.014963028794810289,404.0,-0.9765744209289551,0.056606329095260845,3.27,-0.06446943432092667,0.0037369174714654628,19.0,0.20445579290390015,0.011851111037233106,9.8,0.09353825449943542,0.005421867605496603,0.0,-0.15575645864009857,0.00902829438037802,0.0,0.0678858757019043,0.003934948672162206,66.0,-0.2913782596588135,0.016889499974576005,0.0,-0.020651020109653473,0.0011970193109992755,0.0,0.06719505786895752,0.0038949059874895287,0.0,0.235105961561203,0.013627722728731377,0.0
8147246ef4b5990f,ddos_wisenet-camera_80,wisenet-camera,1,1,detected,0.9991589784622192,1.621246337890625e-05,0.07767628201103513,-0.17074987292289734,104,13.444008827209473,7.080064296722412,-6.3639445304870605,118,119,14.76522445678711,0.8558540310437737,234.0,-0.051658183336257935,0.0029943238976236387,67.33,-0.25814270973205566,0.014963028794810289,404.0,-0.9765744209289551,0.056606329095260845,3.27,-0.06446943432092667,0.0037369174714654628,19.0,0.20445579290390015,0.011851111037233106,9.8,0.09353825449943542,0.005421867605496603,0.0,-0.15575645864009857,0.00902829438037802,0.0,0.0678858757019043,0.003934948672162206,66.0,-0.2913782596588135,0.016889499974576005,0.0,-0.020651020109653473,0.0011970193109992755,0.0,0.06719505786895752,0.0038949059874895287,0.0,0.235105961561203,0.013627722728731377,0.0
0bf0972c40772b32,ddos_wisenet-camera_80,wisenet-camera,1,1,detected,0.9991589784622192,1.621246337890625e-05,0.07767628201103513,-0.17074987292289734,104,13.444008827209473,7.080064296722412,-6.3639445304870605,118,119,14.76522445678711,0.8558540310437737,234.0,-0.051658183336257935,0.0029943238976236387,67.33,-0.25814270973205566,0.014963028794810289,404.0,-0.9765744209289551,0.056606329095260845,3.27,-0.06446943432092667,0.0037369174714654628,19.0,0.20445579290390015,0.011851111037233106,9.8,0.09353825449943542,0.005421867605496603,0.0,-0.15575645864009857,0.00902829438037802,0.0,0.0678858757019043,0.003934948672162206,66.0,-0.2913782596588135,0.016889499974576005,0.0,-0.020651020109653473,0.0011970193109992755,0.0,0.06719505786895752,0.0038949059874895287,0.0,0.235105961561203,0.013627722728731377,0.0
ad36bce4626e9cc2,ddos_wisenet-camera_80,wisenet-camera,1,0,missed,0.06011154130101204,0.00021529197692871094,0.1310530380915861,-0.8583997972309589,104,3.6143853664398193,-2.749559164047241,-6.3639445304870605,118,119,3.279926300048828,0.5529142392895606,255.0,0.11287985742092133,0.01902874479102584,71.2,0.8107255101203918,0.13666821681151317,356.0,-0.6903637647628784,0.1163782112486069,6.26,0.15782809257507324,0.0266059026214613,14.1,0.39098861813545227,0.06591098536696444,9.4,0.03795153647661209,0.006397687936013563,0.0,-0.03430480882525444,0.005782940084753428,0.0,-0.005081787705421448,0.0008566633900683417,60.0,0.2209799736738205,0.03725174374810455,1.0,0.06614142656326294,0.011149804357862688,0.0,0.00984029471874237,0.0016588296720927913,1.0,0.11505862325429916,0.019396030681972307,1.0
65e2fc5b6f6f373f,ddos_wisenet-camera_80,wisenet-camera,1,1,detected,0.9991589784622192,1.621246337890625e-05,0.07767628201103513,-0.17074987292289734,104,13.444008827209473,7.080064296722412,-6.3639445304870605,118,119,14.76522445678711,0.8558540310437737,234.0,-0.051658183336257935,0.0029943238976236387,67.33,-0.25814270973205566,0.014963028794810289,404.0,-0.9765744209289551,0.056606329095260845,3.27,-0.06446943432092667,0.0037369174714654628,19.0,0.20445579290390015,0.011851111037233106,9.8,0.09353825449943542,0.005421867605496603,0.0,-0.15575645864009857,0.00902829438037802,0.0,0.0678858757019043,0.003934948672162206,66.0,-0.2913782596588135,0.016889499974576005,0.0,-0.020651020109653473,0.0011970193109992755,0.0,0.06719505786895752,0.0038949059874895287,0.0,0.235105961561203,0.013627722728731377,0.0
ba8db5cb004c0c87,ddos_wisenet-camera_80,wisenet-camera,1,1,detected,0.9991589784622192,1.621246337890625e-05,0.07767628201103513,-0.17074987292289734,104,13.444008827209473,7.080064296722412,-6.3639445304870605,118,119,14.76522445678711,0.8558540310437737,234.0,-0.051658183336257935,0.0029943238976236387,67.33,-0.25814270973205566,0.014963028794810289,404.0,-0.9765744209289551,0.056606329095260845,3.27,-0.06446943432092667,0.0037369174714654628,19.0,0.20445579290390015,0.011851111037233106,9.8,0.09353825449943542,0.005421867605496603,0.0,-0.15575645864009857,0.00902829438037802,0.0,0.0678858757019043,0.003934948672162206,66.0,-0.2913782596588135,0.016889499974576005,0.0,-0.020651020109653473,0.0011970193109992755,0.0,0.06719505786895752,0.0038949059874895287,0.0,0.235105961561203,0.013627722728731377,0.0
de7de7f214f9667c,ddos_wisenet-camera_80,wisenet-camera,1,1,detected,0.9991589784622192,1.621246337890625e-05,0.07767628201103513,-0.17074987292289734,104,13.444008827209473,7.080064296722412,-6.3639445304870605,118,119,14.76522445678711,0.8558540310437737,234.0,-0.051658183336257935,0.0029943238976236387,67.33,-0.25814270973205566,0.014963028794810289,404.0,-0.9765744209289551,0.056606329095260845,3.27,-0.06446943432092667,0.0037369174714654628,19.0,0.20445579290390015,0.011851111037233106,9.8,0.09353825449943542,0.005421867605496603,0.0,-0.15575645864009857,0.00902829438037802,0.0,0.0678858757019043,0.003934948672162206,66.0,-0.2913782596588135,0.016889499974576005,0.0,-0.020651020109653473,0.0011970193109992755,0.0,0.06719505786895752,0.0038949059874895287,0.0,0.235105961561203,0.013627722728731377,0.0
9fd22afb9fb391a3,ddos_wisenet-camera_80,wisenet-camera,1,1,detected,0.9991589784622192,1.621246337890625e-05,0.07767628201103513,-0.17074987292289734,104,13.444008827209473,7.080064296722412,-6.3639445304870605,118,119,14.76522445678711,0.8558540310437737,234.0,-0.051658183336257935,0.0029943238976236387,67.33,-0.25814270973205566,0.014963028794810289,404.0,-0.9765744209289551,0.056606329095260845,3.27,-0.06446943432092667,0.0037369174714654628,19.0,0.20445579290390015,0.011851111037233106,9.8,0.09353825449943542,0.005421867605496603,0.0,-0.15575645864009857,0.00902829438037802,0.0,0.0678858757019043,0.003934948672162206,66.0,-0.2913782596588135,0.016889499974576005,0.0,-0.020651020109653473,0.0011970193109992755,0.0,0.06719505786895752,0.0038949059874895287,0.0,0.235105961561203,0.013627722728731377,0.0
0ec1e4947fd1512c,ddos_wisenet-camera_80,wisenet-camera,1,1,detected,0.9991589784622192,1.621246337890625e-05,0.07767628201103513,-0.17074987292289734,104,13.444008827209473,7.080064296722412,-6.3639445304870605,118,119,14.76522445678711,0.8558540310437737,234.0,-0.051658183336257935,0.0029943238976236387,67.33,-0.25814270973205566,0.014963028794810289,404.0,-0.9765744209289551,0.056606329095260845,3.27,-0.06446943432092667,0.0037369174714654628,19.0,0.20445579290390015,0.011851111037233106,9.8,0.09353825449943542,0.005421867605496603,0.0,-0.15575645864009857,0.00902829438037802,0.0,0.0678858757019043,0.003934948672162206,66.0,-0.2913782596588135,0.016889499974576005,0.0,-0.020651020109653473,0.0011970193109992755,0.0,0.06719505786895752,0.0038949059874895287,0.0,0.235105961561203,0.013627722728731377,0.0
d9c5c27326c815a3,ddos_wisenet-camera_80,wisenet-camera,1,1,detected,0.9991589784622192,1.621246337890625e-05,0.07767628201103513,-0.17074987292289734,104,13.444008827209473,7.080064296722412,-6.3639445304870605,118,119,14.76522445678711,0.8558540310437737,234.0,-0.051658183336257935,0.0029943238976236387,67.33,-0.25814270973205566,0.014963028794810289,404.0,-0.9765744209289551,0.056606329095260845,3.27,-0.06446943432092667,0.0037369174714654628,19.0,0.20445579290390015,0.011851111037233106,9.8,0.09353825449943542,0.005421867605496603,0.0,-0.15575645864009857,0.00902829438037802,0.0,0.0678858757019043,0.003934948672162206,66.0,-0.2913782596588135,0.016889499974576005,0.0,-0.020651020109653473,0.0011970193109992755,0.0,0.06719505786895752,0.0038949059874895287,0.0,0.235105961561203,0.013627722728731377,0.0
0e29c4c48a0f8047,ddos_wisenet-camera_80,wisenet-camera,1,1,detected,0.998537540435791,0.00010013580322265625,0.0998384372556612,-0.9271630123257637,100,12.886632919311523,6.526134490966797,-6.360498428344727,114,119,5.376034736633301,0.38253683084530793,74.0,0.5356055498123169,0.038111518925317146,0.0,0.12211734056472778,0.008689374741678593,0.0,0.8391730189323425,0.05971214899446516,0.0,0.6099085211753845,0.04339861705248022,2.0,0.3095206022262573,0.022024230879712024,0.0,0.028954699635505676,0.0020602990083320298,0.0,0.5583993792533875,0.03973343539430859,1.0,2.1125476360321045,0.1503203229307167,74.0,2.9293293952941895,0.20843920068857175,0.0,0.5120767951011658,0.036437308154391786,1.0,-0.11150337010622025,0.007934127645856092,0.0,-0.00846850872039795,0.0006025847388619381,0.0
877ebc44013ade04,ddos_wisenet-camera_80,wisenet-camera,1,1,detected,0.9991589784622192,1.621246337890625e-05,0.07767628201103513,-0.17074987292289734,104,13.444008827209473,7.080064296722412,-6.3639445304870605,118,119,14.76522445678711,0.8558540310437737,234.0,-0.051658183336257935,0.0029943238976236387,67.33,-0.25814270973205566,0.014963028794810289,404.0,-0.9765744209289551,0.056606329095260845,3.27,-0.06446943432092667,0.0037369174714654628,19.0,0.20445579290390015,0.011851111037233106,9.8,0.09353825449943542,0.005421867605496603,0.0,-0.15575645864009857,0.00902829438037802,0.0,0.0678858757019043,0.003934948672162206,66.0,-0.2913782596588135,0.016889499974576005,0.0,-0.020651020109653473,0.0011970193109992755,0.0,0.06719505786895752,0.0038949059874895287,0.0,0.235105961561203,0.013627722728731377,0.0
63d5735062630b1d,ddos_wisenet-camera_80,wisenet-camera,1,1,detected,0.9991589784622192,1.621246337890625e-05,0.07767628201103513,-0.17074987292289734,104,13.444008827209473,7.080064296722412,-6.3639445304870605,118,119,14.76522445678711,0.8558540310437737,234.0,-0.051658183336257935,0.0029943238976236387,67.33,-0.25814270973205566,0.014963028794810289,404.0,-0.9765744209289551,0.056606329095260845,3.27,-0.06446943432092667,0.0037369174714654628,19.0,0.20445579290390015,0.011851111037233106,9.8,0.09353825449943542,0.005421867605496603,0.0,-0.15575645864009857,0.00902829438037802,0.0,0.0678858757019043,0.003934948672162206,66.0,-0.2913782596588135,0.016889499974576005,0.0,-0.020651020109653473,0.0011970193109992755,0.0,0.06719505786895752,0.0038949059874895287,0.0,0.235105961561203,0.013627722728731377,0.0
d34444a03e08a601,ddos_wisenet-camera_80,wisenet-camera,1,1,detected,0.9991589784622192,1.621246337890625e-05,0.07767628201103513,-0.17074987292289734,104,13.444008827209473,7.080064296722412,-6.3639445304870605,118,119,14.76522445678711,0.8558540310437737,234.0,-0.051658183336257935,0.0029943238976236387,67.33,-0.25814270973205566,0.014963028794810289,404.0,-0.9765744209289551,0.056606329095260845,3.27,-0.06446943432092667,0.0037369174714654628,19.0,0.20445579290390015,0.011851111037233106,9.8,0.09353825449943542,0.005421867605496603,0.0,-0.15575645864009857,0.00902829438037802,0.0,0.0678858757019043,0.003934948672162206,66.0,-0.2913782596588135,0.016889499974576005,0.0,-0.020651020109653473,0.0011970193109992755,0.0,0.06719505786895752,0.0038949059874895287,0.0,0.235105961561203,0.013627722728731377,0.0
5a1447a60fc7f844,ddos_wisenet-camera_80,wisenet-camera,1,1,detected,0.9991589784622192,1.621246337890625e-05,0.07767628201103513,-0.17074987292289734,104,13.444008827209473,7.080064296722412,-6.3639445304870605,118,119,14.76522445678711,0.8558540310437737,234.0,-0.051658183336257935,0.0029943238976236387,67.33,-0.25814270973205566,0.014963028794810289,404.0,-0.9765744209289551,0.056606329095260845,3.27,-0.06446943432092667,0.0037369174714654628,19.0,0.20445579290390015,0.011851111037233106,9.8,0.09353825449943542,0.005421867605496603,0.0,-0.15575645864009857,0.00902829438037802,0.0,0.0678858757019043,0.003934948672162206,66.0,-0.2913782596588135,0.016889499974576005,0.0,-0.020651020109653473,0.0011970193109992755,0.0,0.06719505786895752,0.0038949059874895287,0.0,0.235105961561203,0.013627722728731377,0.0
505648cfde1b4684,ddos_wisenet-camera_80,wisenet-camera,1,1,detected,0.9991589784622192,1.621246337890625e-05,0.07767628201103513,-0.17074987292289734,104,13.444008827209473,7.080064296722412,-6.3639445304870605,118,119,14.76522445678711,0.8558540310437737,234.0,-0.051658183336257935,0.0029943238976236387,67.33,-0.25814270973205566,0.014963028794810289,404.0,-0.9765744209289551,0.056606329095260845,3.27,-0.06446943432092667,0.0037369174714654628,19.0,0.20445579290390015,0.011851111037233106,9.8,0.09353825449943542,0.005421867605496603,0.0,-0.15575645864009857,0.00902829438037802,0.0,0.0678858757019043,0.003934948672162206,66.0,-0.2913782596588135,0.016889499974576005,0.0,-0.020651020109653473,0.0011970193109992755,0.0,0.06719505786895752,0.0038949059874895287,0.0,0.235105961561203,0.013627722728731377,0.0
7e2605f9448e7ed3,ddos_wisenet-camera_80,wisenet-camera,1,1,detected,0.9991589784622192,1.621246337890625e-05,0.07767628201103513,-0.17074987292289734,104,13.444008827209473,7.080064296722412,-6.3639445304870605,118,119,14.76522445678711,0.8558540310437737,234.0,-0.051658183336257935,0.0029943238976236387,67.33,-0.25814270973205566,0.014963028794810289,404.0,-0.9765744209289551,0.056606329095260845,3.27,-0.06446943432092667,0.0037369174714654628,19.0,0.20445579290390015,0.011851111037233106,9.8,0.09353825449943542,0.005421867605496603,0.0,-0.15575645864009857,0.00902829438037802,0.0,0.0678858757019043,0.003934948672162206,66.0,-0.2913782596588135,0.016889499974576005,0.0,-0.020651020109653473,0.0011970193109992755,0.0,0.06719505786895752,0.0038949059874895287,0.0,0.235105961561203,0.013627722728731377,0.0
fffab0505e1d2d11,ddos_wisenet-camera_80,wisenet-camera,1,1,detected,0.9991589784622192,1.621246337890625e-05,0.07767628201103513,-0.17074987292289734,104,13.444008827209473,7.080064296722412,-6.3639445304870605,118,119,14.76522445678711,0.8558540310437737,234.0,-0.051658183336257935,0.0029943238976236387,67.33,-0.25814270973205566,0.014963028794810289,404.0,-0.9765744209289551,0.056606329095260845,3.27,-0.06446943432092667,0.0037369174714654628,19.0,0.20445579290390015,0.011851111037233106,9.8,0.09353825449943542,0.005421867605496603,0.0,-0.15575645864009857,0.00902829438037802,0.0,0.0678858757019043,0.003934948672162206,66.0,-0.2913782596588135,0.016889499974576005,0.0,-0.020651020109653473,0.0011970193109992755,0.0,0.06719505786895752,0.0038949059874895287,0.0,0.235105961561203,0.013627722728731377,0.0
86657f083afe729c,ddos_wisenet-camera_80,wisenet-camera,1,0,missed,0.0564543679356575,0.0002346038818359375,0.13202939083653786,-0.8565295524895191,104,3.5477328300476074,-2.816211700439453,-6.3639445304870605,118,119,3.2254903316497803,0.5530415535471517,255.0,0.11080697178840637,0.018998928386299522,71.2,0.7941306233406067,0.13616138586502,356.0,-0.6763252019882202,0.11596250552682444,6.26,0.15542788803577423,0.02664961659329833,14.1,0.39102452993392944,0.06704494240387185,9.3,0.03608429431915283,0.006187001707337237,0.0,-0.032511405646800995,0.005574395344013303,0.0,-0.005286917090415955,0.0009064931345378152,60.0,0.21833057701587677,0.037434891779057726,1.0,0.06562113761901855,0.011251379530811104,0.0,0.009590577334165573,0.0016443973606915555,1.0,0.11164437234401703,0.019142508821085473,1.0
4b7b8c5ac00ef5d8,ddos_wisenet-camera_80,wisenet-camera,1,1,detected,0.9991589784622192,1.621246337890625e-05,0.07767628201103513,-0.17074987292289734,104,13.444008827209473,7.080064296722412,-6.3639445304870605,118,119,14.76522445678711,0.8558540310437737,234.0,-0.051658183336257935,0.0029943238976236387,67.33,-0.25814270973205566,0.014963028794810289,404.0,-0.9765744209289551,0.056606329095260845,3.27,-0.06446943432092667,0.0037369174714654628,19.0,0.20445579290390015,0.011851111037233106,9.8,0.09353825449943542,0.005421867605496603,0.0,-0.15575645864009857,0.00902829438037802,0.0,0.0678858757019043,0.003934948672162206,66.0,-0.2913782596588135,0.016889499974576005,0.0,-0.020651020109653473,0.0011970193109992755,0.0,0.06719505786895752,0.0038949059874895287,0.0,0.235105961561203,0.013627722728731377,0.0
aa3de0633295bd6d,ddos_wisenet-camera_80,wisenet-camera,1,1,detected,0.9991589784622192,1.621246337890625e-05,0.07767628201103513,-0.17074987292289734,104,13.444008827209473,7.080064296722412,-6.3639445304870605,118,119,14.76522445678711,0.8558540310437737,234.0,-0.051658183336257935,0.0029943238976236387,67.33,-0.25814270973205566,0.014963028794810289,404.0,-0.9765744209289551,0.056606329095260845,3.27,-0.06446943432092667,0.0037369174714654628,19.0,0.20445579290390015,0.011851111037233106,9.8,0.09353825449943542,0.005421867605496603,0.0,-0.15575645864009857,0.00902829438037802,0.0,0.0678858757019043,0.003934948672162206,66.0,-0.2913782596588135,0.016889499974576005,0.0,-0.020651020109653473,0.0011970193109992755,0.0,0.06719505786895752,0.0038949059874895287,0.0,0.235105961561203,0.013627722728731377,0.0
b7833801e65b4394,ddos_wisenet-camera_80,wisenet-camera,1,1,detected,0.9991589784622192,1.621246337890625e-05,0.07767628201103513,-0.17074987292289734,104,13.444008827209473,7.080064296722412,-6.3639445304870605,118,119,14.76522445678711,0.8558540310437737,234.0,-0.051658183336257935,0.0029943238976236387,67.33,-0.25814270973205566,0.014963028794810289,404.0,-0.9765744209289551,0.056606329095260845,3.27,-0.06446943432092667,0.0037369174714654628,19.0,0.20445579290390015,0.011851111037233106,9.8,0.09353825449943542,0.005421867605496603,0.0,-0.15575645864009857,0.00902829438037802,0.0,0.0678858757019043,0.003934948672162206,66.0,-0.2913782596588135,0.016889499974576005,0.0,-0.020651020109653473,0.0011970193109992755,0.0,0.06719505786895752,0.0038949059874895287,0.0,0.235105961561203,0.013627722728731377,0.0
267f603276349dd7,ddos_wisenet-camera_80,wisenet-camera,1,1,detected,0.9991589784622192,1.621246337890625e-05,0.07767628201103513,-0.17074987292289734,104,13.444008827209473,7.080064296722412,-6.3639445304870605,118,119,14.76522445678711,0.8558540310437737,234.0,-0.051658183336257935,0.0029943238976236387,67.33,-0.25814270973205566,0.014963028794810289,404.0,-0.9765744209289551,0.056606329095260845,3.27,-0.06446943432092667,0.0037369174714654628,19.0,0.20445579290390015,0.011851111037233106,9.8,0.09353825449943542,0.005421867605496603,0.0,-0.15575645864009857,0.00902829438037802,0.0,0.0678858757019043,0.003934948672162206,66.0,-0.2913782596588135,0.016889499974576005,0.0,-0.020651020109653473,0.0011970193109992755,0.0,0.06719505786895752,0.0038949059874895287,0.0,0.235105961561203,0.013627722728731377,0.0
80e049d378e4a8cf,ddos_wisenet-camera_80,wisenet-camera,1,1,detected,0.9991589784622192,1.621246337890625e-05,0.07767628201103513,-0.17074987292289734,104,13.444008827209473,7.080064296722412,-6.3639445304870605,118,119,14.76522445678711,0.8558540310437737,234.0,-0.051658183336257935,0.0029943238976236387,67.33,-0.25814270973205566,0.014963028794810289,404.0,-0.9765744209289551,0.056606329095260845,3.27,-0.06446943432092667,0.0037369174714654628,19.0,0.20445579290390015,0.011851111037233106,9.8,0.09353825449943542,0.005421867605496603,0.0,-0.15575645864009857,0.00902829438037802,0.0,0.0678858757019043,0.003934948672162206,66.0,-0.2913782596588135,0.016889499974576005,0.0,-0.020651020109653473,0.0011970193109992755,0.0,0.06719505786895752,0.0038949059874895287,0.0,0.235105961561203,0.013627722728731377,0.0
f7cf982128c02c17,ddos_wisenet-camera_80,wisenet-camera,1,1,detected,0.9991589784622192,1.6689300537109375e-05,0.08077197207330239,0.03983273729681969,104,13.44397497177124,7.08003044128418,-6.3639445304870605,118,119,15.058838844299316,0.8488097863709201,234.0,-0.1536102294921875,0.008658427613694175,68.67,-0.16790896654129028,0.009464393336915754,206.0,-1.3644591569900513,0.07690940168305256,4.62,-0.04908151179552078,0.002766539171623379,0.0,0.1608949899673462,0.009069042007447618,0.0,0.09609614312648773,0.0054165761093287485,0.0,-0.11076008528470993,0.006243127063181875,0.0,0.02709517627954483,0.001527252600769365,66.0,-0.3065713346004486,0.017280266541145964,0.0,-0.016090765595436096,0.0009069755941227198,0.0,0.04212595149874687,0.0023744805467427682,0.0,0.1875898689031601,0.010573731361054954,0.0
2a262be26a0e0831,ddos_wisenet-camera_80,wisenet-camera,1,0,missed,0.001750765135511756,9.03010368347168e-05,0.3293009137713451,-0.9249856490641832,100,0.01454925537109375,-6.345949172973633,-6.360498428344727,114,119,0.14474666118621826,0.10646680260328574,253.0,0.11685282737016678,0.0859498022496695,74.0,-0.05053134635090828,0.03716777183757695,296.0,0.05273204669356346,0.03878647258721994,0.0,0.10264548659324646,0.07549975018202286,7.3,0.116265207529068,0.08551758498734832,1.5,0.0006264001131057739,0.0004607416616464112,0.0,0.12272653728723526,0.09027014448875553,0.0,-0.10402178764343262,0.07651207316779697,66.0,0.3515462577342987,0.25857595416290696,1.0,0.1414448618888855,0.10403820071952592,0.0,-0.03015049546957016,0.022176862825321067,0.0,-0.025257451459765434,0.018577838526923844,0.0
799254e3f57728a1,ddos_wisenet-camera_80,wisenet-camera,1,1,detected,0.9991589784622192,1.621246337890625e-05,0.07767628201103513,-0.17074987292289734,104,13.444008827209473,7.080064296722412,-6.3639445304870605,118,119,14.76522445678711,0.8558540310437737,234.0,-0.051658183336257935,0.0029943238976236387,67.33,-0.25814270973205566,0.014963028794810289,404.0,-0.9765744209289551,0.056606329095260845,3.27,-0.06446943432092667,0.0037369174714654628,19.0,0.20445579290390015,0.011851111037233106,9.8,0.09353825449943542,0.005421867605496603,0.0,-0.15575645864009857,0.00902829438037802,0.0,0.0678858757019043,0.003934948672162206,66.0,-0.2913782596588135,0.016889499974576005,0.0,-0.020651020109653473,0.0011970193109992755,0.0,0.06719505786895752,0.0038949059874895287,0.0,0.235105961561203,0.013627722728731377,0.0
b2b985940e5f56a6,ddos_wisenet-camera_80,wisenet-camera,1,1,detected,0.9991589784622192,1.621246337890625e-05,0.07767628201103513,-0.17074987292289734,104,13.444008827209473,7.080064296722412,-6.3639445304870605,118,119,14.76522445678711,0.8558540310437737,234.0,-0.051658183336257935,0.0029943238976236387,67.33,-0.25814270973205566,0.014963028794810289,404.0,-0.9765744209289551,0.056606329095260845,3.27,-0.06446943432092667,0.0037369174714654628,19.0,0.20445579290390015,0.011851111037233106,9.8,0.09353825449943542,0.005421867605496603,0.0,-0.15575645864009857,0.00902829438037802,0.0,0.0678858757019043,0.003934948672162206,66.0,-0.2913782596588135,0.016889499974576005,0.0,-0.020651020109653473,0.0011970193109992755,0.0,0.06719505786895752,0.0038949059874895287,0.0,0.235105961561203,0.013627722728731377,0.0
61155f9d7be7e893,ddos_wisenet-camera_80,wisenet-camera,1,1,detected,0.9986949563026428,9.5367431640625e-06,0.07056570306472444,-0.6717283427715302,101,13.000478744506836,6.640153884887695,-6.360324859619141,115,119,7.372488975524902,0.46443752599310734,255.0,1.086716651916504,0.06845883323083296,74.0,-0.49741771817207336,0.031335340775674264,444.0,0.5375317335128784,0.03386236443137347,0.0,0.7486364841461182,0.04716112532948837,13.1,0.41920939087867737,0.026408526756584064,6.1,0.6570374965667725,0.04139075289270954,0.0,0.8495685458183289,0.05351944436828866,0.0,-0.6034822463989258,0.03801698482408713,66.0,1.6633317470550537,0.10478329422704102,1.0,0.573955774307251,0.03615693434519365,0.0,0.4055939018726349,0.02555080502242542,0.0,0.4590458869934082,0.028918067803194086,0.0
a67afa6b5548b87b,ddos_wisenet-camera_80,wisenet-camera,1,1,detected,0.9991589784622192,1.621246337890625e-05,0.07767628201103513,-0.17074987292289734,104,13.444008827209473,7.080064296722412,-6.3639445304870605,118,119,14.76522445678711,0.8558540310437737,234.0,-0.051658183336257935,0.0029943238976236387,67.33,-0.25814270973205566,0.014963028794810289,404.0,-0.9765744209289551,0.056606329095260845,3.27,-0.06446943432092667,0.0037369174714654628,19.0,0.20445579290390015,0.011851111037233106,9.8,0.09353825449943542,0.005421867605496603,0.0,-0.15575645864009857,0.00902829438037802,0.0,0.0678858757019043,0.003934948672162206,66.0,-0.2913782596588135,0.016889499974576005,0.0,-0.020651020109653473,0.0011970193109992755,0.0,0.06719505786895752,0.0038949059874895287,0.0,0.235105961561203,0.013627722728731377,0.0
ab02b316a8e0dd94,ddos_wisenet-camera_80,wisenet-camera,1,0,missed,0.0039049810729920864,2.2649765014648438e-06,0.2507230277109156,-0.9518202785402536,101,0.8187332153320312,-5.541591644287109,-6.360324859619141,115,119,0.6366474628448486,0.2788353060152093,254.0,0.2372674196958542,0.10391706154408326,74.0,-0.07986937463283539,0.03498074337322437,444.0,0.004137013107538223,0.0018119059340545459,0.0,0.1064908504486084,0.0466402689173897,13.1,0.1282820850610733,0.05618427235135397,6.1,0.04662386327981949,0.020420059678158093,0.0,0.15573623776435852,0.0682084890759471,0.0,-0.17647191882133484,0.07729018704913891,66.0,0.5217774510383606,0.2285251787260686,1.0,0.11874889582395554,0.05200897928357898,0.0,0.008189922198653221,0.003586976459935647,0.0,0.06299585103988647,0.027590571591857578,0.0
12b4c83470f7af37,ddos_wisenet-camera_80,wisenet-camera,1,1,detected,0.9991589784622192,1.621246337890625e-05,0.07767628201103513,-0.17074987292289734,104,13.444008827209473,7.080064296722412,-6.3639445304870605,118,119,14.76522445678711,0.8558540310437737,234.0,-0.051658183336257935,0.0029943238976236387,67.33,-0.25814270973205566,0.014963028794810289,404.0,-0.9765744209289551,0.056606329095260845,3.27,-0.06446943432092667,0.0037369174714654628,19.0,0.20445579290390015,0.011851111037233106,9.8,0.09353825449943542,0.005421867605496603,0.0,-0.15575645864009857,0.00902829438037802,0.0,0.0678858757019043,0.003934948672162206,66.0,-0.2913782596588135,0.016889499974576005,0.0,-0.020651020109653473,0.0011970193109992755,0.0,0.06719505786895752,0.0038949059874895287,0.0,0.235105961561203,0.013627722728731377,0.0
560b1faeafcbd06f,ddos_wisenet-camera_80,wisenet-camera,1,1,detected,0.9991589784622192,1.6689300537109375e-05,0.08077197207330239,0.03983273729681969,104,13.44397497177124,7.08003044128418,-6.3639445304870605,118,119,15.058838844299316,0.8488097863709201,234.0,-0.1536102294921875,0.008658427613694175,68.67,-0.16790896654129028,0.009464393336915754,206.0,-1.3644591569900513,0.07690940168305256,4.62,-0.04908151179552078,0.002766539171623379,0.0,0.1608949899673462,0.009069042007447618,0.0,0.09609614312648773,0.0054165761093287485,0.0,-0.11076008528470993,0.006243127063181875,0.0,0.02709517627954483,0.001527252600769365,66.0,-0.3065713346004486,0.017280266541145964,0.0,-0.016090765595436096,0.0009069755941227198,0.0,0.04212595149874687,0.0023744805467427682,0.0,0.1875898689031601,0.010573731361054954,0.0
2db52450dd4dbdc9,ddos_wisenet-camera_80,wisenet-camera,1,1,detected,0.9991589784622192,1.621246337890625e-05,0.07767628201103513,-0.17074987292289734,104,13.444008827209473,7.080064296722412,-6.3639445304870605,118,119,14.76522445678711,0.8558540310437737,234.0,-0.051658183336257935,0.0029943238976236387,67.33,-0.25814270973205566,0.014963028794810289,404.0,-0.9765744209289551,0.056606329095260845,3.27,-0.06446943432092667,0.0037369174714654628,19.0,0.20445579290390015,0.011851111037233106,9.8,0.09353825449943542,0.005421867605496603,0.0,-0.15575645864009857,0.00902829438037802,0.0,0.0678858757019043,0.003934948672162206,66.0,-0.2913782596588135,0.016889499974576005,0.0,-0.020651020109653473,0.0011970193109992755,0.0,0.06719505786895752,0.0038949059874895287,0.0,0.235105961561203,0.013627722728731377,0.0
d178654b12d8def0,ddos_wisenet-camera_80,wisenet-camera,1,1,detected,0.9991589784622192,1.621246337890625e-05,0.07767628201103513,-0.17074987292289734,104,13.444008827209473,7.080064296722412,-6.3639445304870605,118,119,14.76522445678711,0.8558540310437737,234.0,-0.051658183336257935,0.0029943238976236387,67.33,-0.25814270973205566,0.014963028794810289,404.0,-0.9765744209289551,0.056606329095260845,3.27,-0.06446943432092667,0.0037369174714654628,19.0,0.20445579290390015,0.011851111037233106,9.8,0.09353825449943542,0.005421867605496603,0.0,-0.15575645864009857,0.00902829438037802,0.0,0.0678858757019043,0.003934948672162206,66.0,-0.2913782596588135,0.016889499974576005,0.0,-0.020651020109653473,0.0011970193109992755,0.0,0.06719505786895752,0.0038949059874895287,0.0,0.235105961561203,0.013627722728731377,0.0
4874ee12b6377f05,ddos_wisenet-camera_80,wisenet-camera,1,1,detected,0.9991589784622192,1.6689300537109375e-05,0.08077197207330239,0.03983273729681969,104,13.44397497177124,7.08003044128418,-6.3639445304870605,118,119,15.058838844299316,0.8488097863709201,234.0,-0.1536102294921875,0.008658427613694175,68.67,-0.16790896654129028,0.009464393336915754,206.0,-1.3644591569900513,0.07690940168305256,4.62,-0.04908151179552078,0.002766539171623379,0.0,0.1608949899673462,0.009069042007447618,0.0,0.09609614312648773,0.0054165761093287485,0.0,-0.11076008528470993,0.006243127063181875,0.0,0.02709517627954483,0.001527252600769365,66.0,-0.3065713346004486,0.017280266541145964,0.0,-0.016090765595436096,0.0009069755941227198,0.0,0.04212595149874687,0.0023744805467427682,0.0,0.1875898689031601,0.010573731361054954,0.0
47e8920ea4086047,ddos_wisenet-camera_80,wisenet-camera,1,1,detected,0.9991589784622192,1.6689300537109375e-05,0.08077197207330239,0.03983273729681969,104,13.44397497177124,7.08003044128418,-6.3639445304870605,118,119,15.058838844299316,0.8488097863709201,234.0,-0.1536102294921875,0.008658427613694175,68.67,-0.16790896654129028,0.009464393336915754,206.0,-1.3644591569900513,0.07690940168305256,4.62,-0.04908151179552078,0.002766539171623379,0.0,0.1608949899673462,0.009069042007447618,0.0,0.09609614312648773,0.0054165761093287485,0.0,-0.11076008528470993,0.006243127063181875,0.0,0.02709517627954483,0.001527252600769365,66.0,-0.3065713346004486,0.017280266541145964,0.0,-0.016090765595436096,0.0009069755941227198,0.0,0.04212595149874687,0.0023744805467427682,0.0,0.1875898689031601,0.010573731361054954,0.0
7f2aab208f14142a,ddos_wisenet-camera_80,wisenet-camera,1,1,detected,0.9991589784622192,1.621246337890625e-05,0.07767628201103513,-0.17074987292289734,104,13.444008827209473,7.080064296722412,-6.3639445304870605,118,119,14.76522445678711,0.8558540310437737,234.0,-0.051658183336257935,0.0029943238976236387,67.33,-0.25814270973205566,0.014963028794810289,404.0,-0.9765744209289551,0.056606329095260845,3.27,-0.06446943432092667,0.0037369174714654628,19.0,0.20445579290390015,0.011851111037233106,9.8,0.09353825449943542,0.005421867605496603,0.0,-0.15575645864009857,0.00902829438037802,0.0,0.0678858757019043,0.003934948672162206,66.0,-0.2913782596588135,0.016889499974576005,0.0,-0.020651020109653473,0.0011970193109992755,0.0,0.06719505786895752,0.0038949059874895287,0.0,0.235105961561203,0.013627722728731377,0.0
18af8b71c3112605,ddos_wisenet-camera_80,wisenet-camera,1,0,missed,0.06011154130101204,0.00021529197692871094,0.1310530380915861,-0.8583997972309589,104,3.6143853664398193,-2.749559164047241,-6.3639445304870605,118,119,3.279926300048828,0.5529142392895606,255.0,0.11287985742092133,0.01902874479102584,71.2,0.8107255101203918,0.13666821681151317,356.0,-0.6903637647628784,0.1163782112486069,6.26,0.15782809257507324,0.0266059026214613,14.1,0.39098861813545227,0.06591098536696444,9.4,0.03795153647661209,0.006397687936013563,0.0,-0.03430480882525444,0.005782940084753428,0.0,-0.005081787705421448,0.0008566633900683417,60.0,0.2209799736738205,0.03725174374810455,1.0,0.06614142656326294,0.011149804357862688,0.0,0.00984029471874237,0.0016588296720927913,1.0,0.11505862325429916,0.019396030681972307,1.0
0577c0da95f12aa1,ddos_wisenet-camera_80,wisenet-camera,1,1,detected,0.9991589784622192,1.621246337890625e-05,0.07767628201103513,-0.17074987292289734,104,13.444008827209473,7.080064296722412,-6.3639445304870605,118,119,14.76522445678711,0.8558540310437737,234.0,-0.051658183336257935,0.0029943238976236387,67.33,-0.25814270973205566,0.014963028794810289,404.0,-0.9765744209289551,0.056606329095260845,3.27,-0.06446943432092667,0.0037369174714654628,19.0,0.20445579290390015,0.011851111037233106,9.8,0.09353825449943542,0.005421867605496603,0.0,-0.15575645864009857,0.00902829438037802,0.0,0.0678858757019043,0.003934948672162206,66.0,-0.2913782596588135,0.016889499974576005,0.0,-0.020651020109653473,0.0011970193109992755,0.0,0.06719505786895752,0.0038949059874895287,0.0,0.235105961561203,0.013627722728731377,0.0
9b85fa8cc47ed5fa,ddos_wisenet-camera_80,wisenet-camera,1,0,missed,0.0036675995215773582,1.8477439880371094e-06,0.2561904231375038,-0.9573329882696271,101,0.7557816505432129,-5.604543209075928,-6.360324859619141,115,119,0.6200411319732666,0.281357443555306,254.0,0.2296498715877533,0.10420873301921593,74.0,-0.07516105473041534,0.034105998978761085,444.0,0.005268656648695469,0.002390770046061293,0.0,0.08475710451602936,0.03846041983357981,13.2,0.12651066482067108,0.057407025761576226,6.1,0.04449402540922165,0.020190152873863183,0.0,0.1496472805738449,0.06790577935251553,0.0,-0.1701551079750061,0.07721166180599275,66.0,0.5134304165840149,0.23298046210883083,1.0,0.11722040921449661,0.05319136581171132,0.0,0.0074073076248168945,0.0033612304562982832,0.0,0.060005780309438705,0.02722895639628778,0.0
b9cec26b996a5937,ddos_wisenet-camera_80,wisenet-camera,1,1,detected,0.9991589784622192,1.621246337890625e-05,0.07767628201103513,-0.17074987292289734,104,13.444008827209473,7.080064296722412,-6.3639445304870605,118,119,14.76522445678711,0.8558540310437737,234.0,-0.051658183336257935,0.0029943238976236387,67.33,-0.25814270973205566,0.014963028794810289,404.0,-0.9765744209289551,0.056606329095260845,3.27,-0.06446943432092667,0.0037369174714654628,19.0,0.20445579290390015,0.011851111037233106,9.8,0.09353825449943542,0.005421867605496603,0.0,-0.15575645864009857,0.00902829438037802,0.0,0.0678858757019043,0.003934948672162206,66.0,-0.2913782596588135,0.016889499974576005,0.0,-0.020651020109653473,0.0011970193109992755,0.0,0.06719505786895752,0.0038949059874895287,0.0,0.235105961561203,0.013627722728731377,0.0
85c98bf64d266e77,ddos_wisenet-camera_80,wisenet-camera,1,1,detected,0.9991589784622192,1.621246337890625e-05,0.07767628201103513,-0.17074987292289734,104,13.444008827209473,7.080064296722412,-6.3639445304870605,118,119,14.76522445678711,0.8558540310437737,234.0,-0.051658183336257935,0.0029943238976236387,67.33,-0.25814270973205566,0.014963028794810289,404.0,-0.9765744209289551,0.056606329095260845,3.27,-0.06446943432092667,0.0037369174714654628,19.0,0.20445579290390015,0.011851111037233106,9.8,0.09353825449943542,0.005421867605496603,0.0,-0.15575645864009857,0.00902829438037802,0.0,0.0678858757019043,0.003934948672162206,66.0,-0.2913782596588135,0.016889499974576005,0.0,-0.020651020109653473,0.0011970193109992755,0.0,0.06719505786895752,0.0038949059874895287,0.0,0.235105961561203,0.013627722728731377,0.0
8fb1778feed1d127,ddos_wisenet-camera_80,wisenet-camera,1,0,missed,0.004847819916903973,0.000217437744140625,0.20430663793676257,-0.9067094307392836,100,1.0361318588256836,-5.324366569519043,-6.360498428344727,114,119,0.7250547409057617,0.27317513641596564,254.0,0.2737503945827484,0.10313952473525914,74.0,-0.08560165762901306,0.03225169519066392,296.0,0.007353153079748154,0.002770409573680394,0.0,0.08494427055120468,0.03200401485078495,7.2,0.17511598765850067,0.06597754778827808,1.5,0.016306905075907707,0.0061438685485573265,0.0,0.2036830633878708,0.07674061762163595,0.0,-0.22930973768234253,0.08639584756680463,66.0,0.5483946800231934,0.20661583612015413,1.0,0.2577347457408905,0.09710539129631458,0.0,-0.04064696654677391,0.015314348013832729,0.0,0.006279148161411285,0.0023657622780685096,0.0
e45684631db35e32,ddos_wisenet-camera_80,wisenet-camera,1,1,detected,0.9991589784622192,1.621246337890625e-05,0.07767628201103513,-0.17074987292289734,104,13.444008827209473,7.080064296722412,-6.3639445304870605,118,119,14.76522445678711,0.8558540310437737,234.0,-0.051658183336257935,0.0029943238976236387,67.33,-0.25814270973205566,0.014963028794810289,404.0,-0.9765744209289551,0.056606329095260845,3.27,-0.06446943432092667,0.0037369174714654628,19.0,0.20445579290390015,0.011851111037233106,9.8,0.09353825449943542,0.005421867605496603,0.0,-0.15575645864009857,0.00902829438037802,0.0,0.0678858757019043,0.003934948672162206,66.0,-0.2913782596588135,0.016889499974576005,0.0,-0.020651020109653473,0.0011970193109992755,0.0,0.06719505786895752,0.0038949059874895287,0.0,0.235105961561203,0.013627722728731377,0.0
a26dfdf0c89ed402,ddos_wisenet-camera_80,wisenet-camera,1,1,detected,0.9991589784622192,1.621246337890625e-05,0.07767628201103513,-0.17074987292289734,104,13.444008827209473,7.080064296722412,-6.3639445304870605,118,119,14.76522445678711,0.8558540310437737,234.0,-0.051658183336257935,0.0029943238976236387,67.33,-0.25814270973205566,0.014963028794810289,404.0,-0.9765744209289551,0.056606329095260845,3.27,-0.06446943432092667,0.0037369174714654628,19.0,0.20445579290390015,0.011851111037233106,9.8,0.09353825449943542,0.005421867605496603,0.0,-0.15575645864009857,0.00902829438037802,0.0,0.0678858757019043,0.003934948672162206,66.0,-0.2913782596588135,0.016889499974576005,0.0,-0.020651020109653473,0.0011970193109992755,0.0,0.06719505786895752,0.0038949059874895287,0.0,0.235105961561203,0.013627722728731377,0.0
dbf994c7128518eb,ddos_wisenet-camera_80,wisenet-camera,1,0,missed,0.004145922604948282,1.3709068298339844e-06,0.245763064174869,-0.9545981641858816,101,0.8788480758666992,-5.481476783752441,-6.360324859619141,115,119,0.6604099869728088,0.27834331034846077,254.0,0.24531875550746918,0.10339461220371443,74.0,-0.08285939693450928,0.03492278931447778,444.0,0.002981213852763176,0.001256493616092085,0.0,0.13028189539909363,0.05490997222812848,13.0,0.12816034257411957,0.054015800353034285,6.1,0.04886600747704506,0.020595579341584635,0.0,0.16055148839950562,0.06766771194259795,0.0,-0.18673951923847198,0.07870519371757541,66.0,0.530569314956665,0.22361930074875402,1.0,0.12101432681083679,0.05100396570093914,0.0,0.008914817124605179,0.0037573322005439607,0.0,0.06597837805747986,0.02780793828409703,0.0
6024ac1ff06d62ad,ddos_wisenet-camera_80,wisenet-camera,1,1,detected,0.9991589784622192,1.621246337890625e-05,0.07767628201103513,-0.17074987292289734,104,13.444008827209473,7.080064296722412,-6.3639445304870605,118,119,14.76522445678711,0.8558540310437737,234.0,-0.051658183336257935,0.0029943238976236387,67.33,-0.25814270973205566,0.014963028794810289,404.0,-0.9765744209289551,0.056606329095260845,3.27,-0.06446943432092667,0.0037369174714654628,19.0,0.20445579290390015,0.011851111037233106,9.8,0.09353825449943542,0.005421867605496603,0.0,-0.15575645864009857,0.00902829438037802,0.0,0.0678858757019043,0.003934948672162206,66.0,-0.2913782596588135,0.016889499974576005,0.0,-0.020651020109653473,0.0011970193109992755,0.0,0.06719505786895752,0.0038949059874895287,0.0,0.235105961561203,0.013627722728731377,0.0
1e8bed600a63cef4,ddos_wisenet-camera_80,wisenet-camera,1,0,missed,0.0046160570345819,0.00020039081573486328,0.2039644251124497,-0.9094270057976246,100,0.9869117736816406,-5.373586654663086,-6.360498428344727,114,119,0.7257698774337769,0.2764435350275633,254.0,0.2758108675479889,0.10505551910418354,74.0,-0.09252076596021652,0.035240877860536264,296.0,0.013288894668221474,0.005061699490314385,0.0,0.0458962507545948,0.01748174207501379,6.8,0.16996705532073975,0.06473993351339935,1.5,0.013179128989577293,0.005019890077754595,0.0,0.2002483755350113,0.0762739961214175,0.0,-0.23001384735107422,0.0876115736462529,66.0,0.5575922131538391,0.21238517510966096,1.0,0.2561362683773041,0.09756152422494477,0.0,-0.041886795312166214,0.015954552713064004,0.0,0.003071647137403488,0.0011699810358946669,0.0
32d421361168c3c4,ddos_wisenet-camera_80,wisenet-camera,1,1,detected,0.998537540435791,0.00010013580322265625,0.0998384372556612,-0.9271630123257637,100,12.886632919311523,6.526134490966797,-6.360498428344727,114,119,5.376034736633301,0.38253683084530793,74.0,0.5356055498123169,0.038111518925317146,0.0,0.12211734056472778,0.008689374741678593,0.0,0.8391730189323425,0.05971214899446516,0.0,0.6099085211753845,0.04339861705248022,2.0,0.3095206022262573,0.022024230879712024,0.0,0.028954699635505676,0.0020602990083320298,0.0,0.5583993792533875,0.03973343539430859,1.0,2.1125476360321045,0.1503203229307167,74.0,2.9293293952941895,0.20843920068857175,0.0,0.5120767951011658,0.036437308154391786,1.0,-0.11150337010622025,0.007934127645856092,0.0,-0.00846850872039795,0.0006025847388619381,0.0
592328f274e9cb53,ddos_wisenet-camera_80,wisenet-camera,1,1,detected,0.9985389709472656,6.628036499023438e-05,0.09840804091752438,-0.909102026373148,100,12.887625217437744,6.527126789093018,-6.360498428344727,114,119,5.405022621154785,0.38519216865314604,74.0,0.5296449065208435,0.03774546092746391,0.0,0.11290708184242249,0.008046390692420287,0.0,0.8389725685119629,0.059789881700176614,0.0,0.5644823312759399,0.04022817083124585,2.1,0.30692362785339355,0.021873095842563018,0.0,0.029076430946588516,0.0020721492356339096,0.0,0.567914605140686,0.04047277388030591,1.0,2.123121738433838,0.15130554006215097,74.0,2.9194095134735107,0.20805346443512768,0.0,0.5168629884719849,0.036834549895654996,1.0,-0.1095154657959938,0.007804685147091125,0.0,-0.008161984384059906,0.0005816686970197074,0.0
2566dbb5c2c598a0,ddos_wisenet-camera_80,wisenet-camera,1,1,detected,0.9991589784622192,1.621246337890625e-05,0.07767628201103513,-0.17074987292289734,104,13.444008827209473,7.080064296722412,-6.3639445304870605,118,119,14.76522445678711,0.8558540310437737,234.0,-0.051658183336257935,0.0029943238976236387,67.33,-0.25814270973205566,0.014963028794810289,404.0,-0.9765744209289551,0.056606329095260845,3.27,-0.06446943432092667,0.0037369174714654628,19.0,0.20445579290390015,0.011851111037233106,9.8,0.09353825449943542,0.005421867605496603,0.0,-0.15575645864009857,0.00902829438037802,0.0,0.0678858757019043,0.003934948672162206,66.0,-0.2913782596588135,0.016889499974576005,0.0,-0.020651020109653473,0.0011970193109992755,0.0,0.06719505786895752,0.0038949059874895287,0.0,0.235105961561203,0.013627722728731377,0.0
2c21a2c374734b05,ddos_wisenet-camera_80,wisenet-camera,1,1,detected,0.9991589784622192,1.621246337890625e-05,0.07767628201103513,-0.17074987292289734,104,13.444008827209473,7.080064296722412,-6.3639445304870605,118,119,14.76522445678711,0.8558540310437737,234.0,-0.051658183336257935,0.0029943238976236387,67.33,-0.25814270973205566,0.014963028794810289,404.0,-0.9765744209289551,0.056606329095260845,3.27,-0.06446943432092667,0.0037369174714654628,19.0,0.20445579290390015,0.011851111037233106,9.8,0.09353825449943542,0.005421867605496603,0.0,-0.15575645864009857,0.00902829438037802,0.0,0.0678858757019043,0.003934948672162206,66.0,-0.2913782596588135,0.016889499974576005,0.0,-0.020651020109653473,0.0011970193109992755,0.0,0.06719505786895752,0.0038949059874895287,0.0,0.235105961561203,0.013627722728731377,0.0
169cbd195a25d9a1,ddos_wisenet-camera_80,wisenet-camera,1,0,missed,0.004831170197576284,0.00012755393981933594,0.20567628698876958,-0.9034610129892826,100,1.032674789428711,-5.327823638916016,-6.360498428344727,114,119,0.7150610089302063,0.2701655513163779,254.0,0.2765435576438904,0.10448415139518048,74.0,-0.0841006189584732,0.031775037099222164,296.0,0.012352071702480316,0.004666880475545191,0.0,0.07872207462787628,0.029742906447140803,3.4,0.17844416201114655,0.06742007298238235,1.5,0.013314541429281235,0.005030522404162604,0.0,0.20269256830215454,0.07658164657168307,0.0,-0.2300470918416977,0.0869167785964511,66.0,0.5517828464508057,0.20847552174789674,1.0,0.2583184540271759,0.09759831213822784,0.0,-0.04109623283147812,0.015527047708213393,0.0,0.004276014864444733,0.0016155711175163444,0.0
12b2254b906d237e,ddos_wisenet-camera_80,wisenet-camera,1,1,detected,0.9991589784622192,1.621246337890625e-05,0.07767628201103513,-0.17074987292289734,104,13.444008827209473,7.080064296722412,-6.3639445304870605,118,119,14.76522445678711,0.8558540310437737,234.0,-0.051658183336257935,0.0029943238976236387,67.33,-0.25814270973205566,0.014963028794810289,404.0,-0.9765744209289551,0.056606329095260845,3.27,-0.06446943432092667,0.0037369174714654628,19.0,0.20445579290390015,0.011851111037233106,9.8,0.09353825449943542,0.005421867605496603,0.0,-0.15575645864009857,0.00902829438037802,0.0,0.0678858757019043,0.003934948672162206,66.0,-0.2913782596588135,0.016889499974576005,0.0,-0.020651020109653473,0.0011970193109992755,0.0,0.06719505786895752,0.0038949059874895287,0.0,0.235105961561203,0.013627722728731377,0.0
0ea7bad5dbb85bb1,ddos_wisenet-camera_80,wisenet-camera,1,1,detected,0.9986777901649475,1.0967254638671875e-05,0.06957999049237366,-0.6713069677352905,101,12.987493991851807,6.627169132232666,-6.360324859619141,115,119,7.472627639770508,0.47112692119488236,255.0,1.0910676717758179,0.06878856779685545,74.0,-0.5015842914581299,0.03162339599215499,444.0,0.5493456125259399,0.03463460506500111,0.0,0.5522704720497131,0.034819008748523214,13.4,0.4409352242946625,0.027799652904249225,6.1,0.6733653545379639,0.04245368050113549,0.0,0.8647912740707397,0.05452251471232947,0.0,-0.5995984077453613,0.037802894164160605,66.0,1.652670979499817,0.10419598404394621,1.0,0.5836436152458191,0.03679699200618243,0.0,0.4142667055130005,0.026118282206803612,0.0,0.4650100767612457,0.029317500663775847,0.0
6514c91799c1115d,ddos_wisenet-camera_80,wisenet-camera,1,1,detected,0.9991589784622192,1.621246337890625e-05,0.07767628201103513,-0.17074987292289734,104,13.444008827209473,7.080064296722412,-6.3639445304870605,118,119,14.76522445678711,0.8558540310437737,234.0,-0.051658183336257935,0.0029943238976236387,67.33,-0.25814270973205566,0.014963028794810289,404.0,-0.9765744209289551,0.056606329095260845,3.27,-0.06446943432092667,0.0037369174714654628,19.0,0.20445579290390015,0.011851111037233106,9.8,0.09353825449943542,0.005421867605496603,0.0,-0.15575645864009857,0.00902829438037802,0.0,0.0678858757019043,0.003934948672162206,66.0,-0.2913782596588135,0.016889499974576005,0.0,-0.020651020109653473,0.0011970193109992755,0.0,0.06719505786895752,0.0038949059874895287,0.0,0.235105961561203,0.013627722728731377,0.0
5091db4e00cd5643,ddos_wisenet-camera_80,wisenet-camera,1,0,missed,0.004375937860459089,0.00020897388458251953,0.20643936812637884,-0.9130895938724279,100,0.9332485198974609,-5.427249908447266,-6.360498428344727,114,119,0.7081882953643799,0.2768650362917328,254.0,0.2674119472503662,0.1045442560473578,74.0,-0.0918378233909607,0.0359038443201175,296.0,0.014910653233528137,0.005829295083887447,0.0,0.027083586901426315,0.010588283256666279,6.7,0.17039205133914948,0.06661448909369992,1.5,0.012519711628556252,0.004894560439775098,0.0,0.1967582404613495,0.07692230688167485,0.0,-0.22253549098968506,0.08699988010583645,66.0,0.5530065298080444,0.21619698312874774,1.0,0.2507677674293518,0.09803724162710357,0.0,-0.041294507682323456,0.01614401910191578,0.0,0.0011761263012886047,0.00045980462148472465,0.0
4a32cab5e5a30334,ddos_wisenet-camera_80,wisenet-camera,1,1,detected,0.9986949563026428,9.5367431640625e-06,0.07056570306472444,-0.6717283427715302,101,13.000478744506836,6.640153884887695,-6.360324859619141,115,119,7.372488975524902,0.46443752599310734,255.0,1.086716651916504,0.06845883323083296,74.0,-0.49741771817207336,0.031335340775674264,444.0,0.5375317335128784,0.03386236443137347,0.0,0.7486364841461182,0.04716112532948837,13.1,0.41920939087867737,0.026408526756584064,6.1,0.6570374965667725,0.04139075289270954,0.0,0.8495685458183289,0.05351944436828866,0.0,-0.6034822463989258,0.03801698482408713,66.0,1.6633317470550537,0.10478329422704102,1.0,0.573955774307251,0.03615693434519365,0.0,0.4055939018726349,0.02555080502242542,0.0,0.4590458869934082,0.028918067803194086,0.0
4dc2bb9d90f70f36,ddos_wisenet-camera_80,wisenet-camera,1,0,missed,0.0039049810729920864,2.2649765014648438e-06,0.2507230277109156,-0.9518202785402536,101,0.8187332153320312,-5.541591644287109,-6.360324859619141,115,119,0.6366474628448486,0.2788353060152093,254.0,0.2372674196958542,0.10391706154408326,74.0,-0.07986937463283539,0.03498074337322437,444.0,0.004137013107538223,0.0018119059340545459,0.0,0.1064908504486084,0.0466402689173897,13.1,0.1282820850610733,0.05618427235135397,6.1,0.04662386327981949,0.020420059678158093,0.0,0.15573623776435852,0.0682084890759471,0.0,-0.17647191882133484,0.07729018704913891,66.0,0.5217774510383606,0.2285251787260686,1.0,0.11874889582395554,0.05200897928357898,0.0,0.008189922198653221,0.003586976459935647,0.0,0.06299585103988647,0.027590571591857578,0.0
e04a24f52de2bd38,ddos_wisenet-camera_80,wisenet-camera,1,1,detected,0.9991589784622192,1.6689300537109375e-05,0.08077197207330239,0.03983273729681969,104,13.44397497177124,7.08003044128418,-6.3639445304870605,118,119,15.058838844299316,0.8488097863709201,234.0,-0.1536102294921875,0.008658427613694175,68.67,-0.16790896654129028,0.009464393336915754,206.0,-1.3644591569900513,0.07690940168305256,4.62,-0.04908151179552078,0.002766539171623379,0.0,0.1608949899673462,0.009069042007447618,0.0,0.09609614312648773,0.0054165761093287485,0.0,-0.11076008528470993,0.006243127063181875,0.0,0.02709517627954483,0.001527252600769365,66.0,-0.3065713346004486,0.017280266541145964,0.0,-0.016090765595436096,0.0009069755941227198,0.0,0.04212595149874687,0.0023744805467427682,0.0,0.1875898689031601,0.010573731361054954,0.0
2cf4c5a2d1c5aa26,ddos_wisenet-camera_80,wisenet-camera,1,1,detected,0.9985530972480774,4.57763671875e-05,0.09685915687842978,-0.8577241990715265,100,12.897379875183105,6.536881446838379,-6.360498428344727,114,119,5.502331733703613,0.3929446095571978,74.0,0.5142070055007935,0.03672168105940102,0.0,0.10964791476726532,0.007830417928652066,0.0,0.8345239162445068,0.059596856442917095,0.0,0.5582078695297241,0.039863967488647206,2.1,0.30578532814979553,0.02183741406250395,0.0,0.027902627363801003,0.0019926437637210193,0.0,0.51930171251297,0.03708551547626206,1.1,2.2422068119049072,0.1601254019007357,74.0,2.873286008834839,0.20519341681491238,0.0,0.391537070274353,0.027961305979377384,1.1,-0.11873988062143326,0.00847971338112175,0.0,-0.0051398202776908875,0.00036705614455055397,0.0
1e72f370e2d8f9bb,ddos_wisenet-camera_80,wisenet-camera,1,1,detected,0.9985389709472656,6.628036499023438e-05,0.09840804091752438,-0.909102026373148,100,12.887625217437744,6.527126789093018,-6.360498428344727,114,119,5.405022621154785,0.38519216865314604,74.0,0.5296449065208435,0.03774546092746391,0.0,0.11290708184242249,0.008046390692420287,0.0,0.8389725685119629,0.059789881700176614,0.0,0.5644823312759399,0.04022817083124585,2.1,0.30692362785339355,0.021873095842563018,0.0,0.029076430946588516,0.0020721492356339096,0.0,0.567914605140686,0.04047277388030591,1.0,2.123121738433838,0.15130554006215097,74.0,2.9194095134735107,0.20805346443512768,0.0,0.5168629884719849,0.036834549895654996,1.0,-0.1095154657959938,0.007804685147091125,0.0,-0.008161984384059906,0.0005816686970197074,0.0
cfbe0a3d900bceb7,ddos_wisenet-camera_80,wisenet-camera,1,1,detected,0.9991589784622192,1.621246337890625e-05,0.07767628201103513,-0.17074987292289734,104,13.444008827209473,7.080064296722412,-6.3639445304870605,118,119,14.76522445678711,0.8558540310437737,234.0,-0.051658183336257935,0.0029943238976236387,67.33,-0.25814270973205566,0.014963028794810289,404.0,-0.9765744209289551,0.056606329095260845,3.27,-0.06446943432092667,0.0037369174714654628,19.0,0.20445579290390015,0.011851111037233106,9.8,0.09353825449943542,0.005421867605496603,0.0,-0.15575645864009857,0.00902829438037802,0.0,0.0678858757019043,0.003934948672162206,66.0,-0.2913782596588135,0.016889499974576005,0.0,-0.020651020109653473,0.0011970193109992755,0.0,0.06719505786895752,0.0038949059874895287,0.0,0.235105961561203,0.013627722728731377,0.0
b9bf5c021923c779,ddos_wisenet-camera_80,wisenet-camera,1,0,missed,0.0035727745853364468,2.384185791015625e-06,0.25858711077279967,-0.9629012998193502,101,0.7294912338256836,-5.630833625793457,-6.360324859619141,115,119,0.6122244596481323,0.28090669086628567,254.0,0.22764024138450623,0.10444807604073193,74.0,-0.0743674486875534,0.03412198514740059,444.0,0.006408734247088432,0.002940516834341642,0.0,0.07898391038179398,0.03624015432147345,13.3,0.12476131319999695,0.057244180768742506,6.1,0.04394610971212387,0.020163775003002062,0.0,0.147667795419693,0.06775435235421039,0.0,-0.16916431486606598,0.0776175913144668,66.0,0.5129346251487732,0.2353495779376284,1.0,0.11528950929641724,0.052898236974503805,0.0,0.007398255169391632,0.003394538302198222,0.0,0.058671727776527405,0.026920324135014537,0.0
b53ce1bd2feed9b4,ddos_wisenet-camera_80,wisenet-camera,1,1,detected,0.9991589784622192,1.621246337890625e-05,0.07767628201103513,-0.17074987292289734,104,13.444008827209473,7.080064296722412,-6.3639445304870605,118,119,14.76522445678711,0.8558540310437737,234.0,-0.051658183336257935,0.0029943238976236387,67.33,-0.25814270973205566,0.014963028794810289,404.0,-0.9765744209289551,0.056606329095260845,3.27,-0.06446943432092667,0.0037369174714654628,19.0,0.20445579290390015,0.011851111037233106,9.8,0.09353825449943542,0.005421867605496603,0.0,-0.15575645864009857,0.00902829438037802,0.0,0.0678858757019043,0.003934948672162206,66.0,-0.2913782596588135,0.016889499974576005,0.0,-0.020651020109653473,0.0011970193109992755,0.0,0.06719505786895752,0.0038949059874895287,0.0,0.235105961561203,0.013627722728731377,0.0
a58de2011fd61ee7,ddos_wisenet-camera_80,wisenet-camera,1,1,detected,0.9991589784622192,1.621246337890625e-05,0.07767628201103513,-0.17074987292289734,104,13.444008827209473,7.080064296722412,-6.3639445304870605,118,119,14.76522445678711,0.8558540310437737,234.0,-0.051658183336257935,0.0029943238976236387,67.33,-0.25814270973205566,0.014963028794810289,404.0,-0.9765744209289551,0.056606329095260845,3.27,-0.06446943432092667,0.0037369174714654628,19.0,0.20445579290390015,0.011851111037233106,9.8,0.09353825449943542,0.005421867605496603,0.0,-0.15575645864009857,0.00902829438037802,0.0,0.0678858757019043,0.003934948672162206,66.0,-0.2913782596588135,0.016889499974576005,0.0,-0.020651020109653473,0.0011970193109992755,0.0,0.06719505786895752,0.0038949059874895287,0.0,0.235105961561203,0.013627722728731377,0.0
e488c9f01c1b0df9,ddos_wisenet-camera_80,wisenet-camera,1,0,missed,0.003294330323114991,3.0994415283203125e-06,0.2665165859166463,-0.9632684532552958,101,0.6480746269226074,-5.712250232696533,-6.360324859619141,115,119,0.5848570466041565,0.2823291479691399,254.0,0.21197333931922913,0.1023262908939123,74.0,-0.06959713995456696,0.03359675896623151,444.0,0.008510489016771317,0.004108284454905451,0.0,0.05395542085170746,0.026046002327965577,12.9,0.11872095614671707,0.05731039164117347,6.1,0.04117729887366295,0.01987759534432061,0.0,0.1409103274345398,0.06802190879914656,0.0,-0.1605045050382614,0.07748064320293824,66.0,0.5051818490028381,0.2438673891792558,1.0,0.11334623396396637,0.054715841839238916,0.0,0.006744148209691048,0.0032556154172634737,0.0,0.05606451630592346,0.027064129964508202,0.0
88c75b66bbbd8131,ddos_wisenet-camera_80,wisenet-camera,1,0,missed,0.0034880884923040867,0.0001799464225769043,0.2344188902454329,-0.9328695647418499,100,0.7055883407592773,-5.654910087585449,-6.360498428344727,114,119,0.5473469495773315,0.24001653424304886,254.0,0.2292405515909195,0.10052403277903654,74.0,-0.09234422445297241,0.040493768582578346,222.0,0.01482037641108036,0.006498867647132791,0.0,0.12236280739307404,0.05365718576382776,1.2,0.1488971710205078,0.06529274160481574,0.7,0.005123170092701912,0.0022465559202211696,0.0,0.17492729425430298,0.07670718352199368,0.0,-0.18369430303573608,0.08055159530691888,66.0,0.4971199631690979,0.21799155134602857,1.0,0.21970823407173157,0.0963440262657518,0.0,-0.03758000582456589,0.01647916876454892,0.0,-0.0072901323437690735,0.003196788254096948,0.0
b73c32ab56b7c5e5,ddos_wisenet-camera_80,wisenet-camera,1,1,detected,0.9986842274665833,1.52587890625e-05,0.0697649427506146,-0.666648268699646,101,12.992302894592285,6.6319780349731445,-6.360324859619141,115,119,7.453227996826172,0.4704296003715269,255.0,1.0912444591522217,0.06887669276254872,74.0,-0.4970724582672119,0.03137400304913692,444.0,0.5424983501434326,0.034241174719042984,0.0,0.5878497362136841,0.037103643763919676,13.2,0.43771812319755554,0.027627701964690523,6.1,0.666897177696228,0.04209292576667874,0.0,0.8611483573913574,0.054353587170649025,0.0,-0.5951694846153259,0.037565648457304986,66.0,1.6520209312438965,0.1042715380263966,1.0,0.5842790603637695,0.036878271399912184,0.0,0.4110828638076782,0.025946549256641388,0.0,0.463241308927536,0.0292386632915513,0.0
634e0180b8adec6a,ddos_wisenet-camera_80,wisenet-camera,1,1,detected,0.9991589784622192,1.621246337890625e-05,0.07767628201103513,-0.17074987292289734,104,13.444008827209473,7.080064296722412,-6.3639445304870605,118,119,14.76522445678711,0.8558540310437737,234.0,-0.051658183336257935,0.0029943238976236387,67.33,-0.25814270973205566,0.014963028794810289,404.0,-0.9765744209289551,0.056606329095260845,3.27,-0.06446943432092667,0.0037369174714654628,19.0,0.20445579290390015,0.011851111037233106,9.8,0.09353825449943542,0.005421867605496603,0.0,-0.15575645864009857,0.00902829438037802,0.0,0.0678858757019043,0.003934948672162206,66.0,-0.2913782596588135,0.016889499974576005,0.0,-0.020651020109653473,0.0011970193109992755,0.0,0.06719505786895752,0.0038949059874895287,0.0,0.235105961561203,0.013627722728731377,0.0
48b2506a6362ae96,ddos_wisenet-camera_80,wisenet-camera,1,1,detected,0.9985530972480774,4.57763671875e-05,0.09685915687842978,-0.8577241990715265,100,12.897379875183105,6.536881446838379,-6.360498428344727,114,119,5.502331733703613,0.3929446095571978,74.0,0.5142070055007935,0.03672168105940102,0.0,0.10964791476726532,0.007830417928652066,0.0,0.8345239162445068,0.059596856442917095,0.0,0.5582078695297241,0.039863967488647206,2.1,0.30578532814979553,0.02183741406250395,0.0,0.027902627363801003,0.0019926437637210193,0.0,0.51930171251297,0.03708551547626206,1.1,2.2422068119049072,0.1601254019007357,74.0,2.873286008834839,0.20519341681491238,0.0,0.391537070274353,0.027961305979377384,1.1,-0.11873988062143326,0.00847971338112175,0.0,-0.0051398202776908875,0.00036705614455055397,0.0
8034e5526e70e115,ddos_wisenet-camera_80,wisenet-camera,1,0,missed,0.003456651233136654,1.0728836059570312e-06,0.26103119113927925,-0.9619950503110886,101,0.6963338851928711,-5.6639909744262695,-6.360324859619141,115,119,0.6014034748077393,0.281671207356315,254.0,0.22194892168045044,0.10395121305401572,74.0,-0.07273092120885849,0.03406399737810853,444.0,0.0064083486795425415,0.003001391553821741,0.0,0.07122121751308441,0.03335691788729761,12.8,0.12027357518672943,0.05633090687867547,6.1,0.042121101170778275,0.01972769017628884,0.0,0.14338800311088562,0.06715669870308914,0.0,-0.1656680703163147,0.07759171228816909,66.0,0.5103908777236938,0.2390448688345892,1.0,0.11515974253416061,0.05393581027912941,0.0,0.006442289799451828,0.0030172880968653785,0.0,0.05796930193901062,0.027150297513634805,0.0
b96949cc02d9808a,ddos_wisenet-camera_80,wisenet-camera,1,0,missed,0.0016427930677309632,2.2649765014648438e-06,0.3817054202633943,-0.9464228581637144,101,-0.04938793182373047,-6.409712791442871,-6.360324859619141,115,119,0.1179257184267044,0.10062213982380717,253.0,0.10439462959766388,0.08907650643451122,74.0,-0.045631568878889084,0.03893591801151584,444.0,0.01838596537709236,0.015688139988897645,0.0,0.09334859251976013,0.07965128603152834,13.0,0.069966159760952,0.05969982463814352,6.1,0.03325631469488144,0.028376520337527283,0.0,0.10236112773418427,0.08734138612683895,0.0,-0.09183279424905777,0.07835790518488887,66.0,0.3567657470703125,0.30441648662387755,1.0,0.09604433178901672,0.08195147175266311,0.0,0.011219123378396034,0.009572909254592855,0.0,0.03083384409546852,0.026309505791207673,0.0
b1fa663e77329bde,ddos_wisenet-camera_80,wisenet-camera,1,1,detected,0.9985389709472656,6.628036499023438e-05,0.09840804091752438,-0.909102026373148,100,12.887625217437744,6.527126789093018,-6.360498428344727,114,119,5.405022621154785,0.38519216865314604,74.0,0.5296449065208435,0.03774546092746391,0.0,0.11290708184242249,0.008046390692420287,0.0,0.8389725685119629,0.059789881700176614,0.0,0.5644823312759399,0.04022817083124585,2.1,0.30692362785339355,0.021873095842563018,0.0,0.029076430946588516,0.0020721492356339096,0.0,0.567914605140686,0.04047277388030591,1.0,2.123121738433838,0.15130554006215097,74.0,2.9194095134735107,0.20805346443512768,0.0,0.5168629884719849,0.036834549895654996,1.0,-0.1095154657959938,0.007804685147091125,0.0,-0.008161984384059906,0.0005816686970197074,0.0
6bd41264607a90ba,ddos_wisenet-camera_80,wisenet-camera,1,1,detected,0.998854398727417,0.0001506805419921875,0.057835744147294775,-0.8025338053703308,100,13.1311674118042,6.770668983459473,-6.360498428344727,114,119,6.924593448638916,0.4738158979750208,255.0,0.9465587735176086,0.06476836489924694,74.0,0.05101916193962097,0.0034909905119564883,148.0,1.0176620483398438,0.0696336125500652,0.0,0.3208337426185608,0.02195307623285524,0.8,0.716904878616333,0.049054277531778864,0.0,0.386272132396698,0.02643070364083858,0.0,0.7800363302230835,0.05337405249840866,0.0,-0.3403356671333313,0.02328749708293754,66.0,1.718355417251587,0.11757861614609831,1.0,0.7349092364311218,0.05028622725254616,0.0,0.38267165422439575,0.026184340614474316,0.0,0.29437074065208435,0.020142343063772897,0.0
a9fdb6fe3812d9c2,ddos_wisenet-camera_80,wisenet-camera,1,0,missed,0.005647643934935331,0.0002346038818359375,0.19278433040871765,-0.9226327426731586,100,1.1896448135375977,-5.170853614807129,-6.360498428344727,114,119,0.7989980578422546,0.2761456254061042,254.0,0.2986484467983246,0.10321734991496943,74.0,-0.09808555245399475,0.033899827364860954,296.0,0.010293960571289062,0.0035577460445161855,0.0,0.09344455599784851,0.03229582988788206,7.0,0.18657588958740234,0.0644834054477582,1.5,0.025872167199850082,0.008941806205772312,0.0,0.21779966354370117,0.07527480663086754,0.0,-0.2522171437740326,0.08717000025470925,66.0,0.5795105695724487,0.20028748141916752,1.0,0.2765834629535675,0.09559136296346048,0.0,-0.04013815522193909,0.013872344078460769,0.0,0.01522623747587204,0.005262414381471084,0.0
8e33760cf15342bf,ddos_wisenet-camera_80,wisenet-camera,1,1,detected,0.9991589784622192,1.621246337890625e-05,0.07767628201103513,-0.17074987292289734,104,13.444008827209473,7.080064296722412,-6.3639445304870605,118,119,14.76522445678711,0.8558540310437737,234.0,-0.051658183336257935,0.0029943238976236387,67.33,-0.25814270973205566,0.014963028794810289,404.0,-0.9765744209289551,0.056606329095260845,3.27,-0.06446943432092667,0.0037369174714654628,19.0,0.20445579290390015,0.011851111037233106,9.8,0.09353825449943542,0.005421867605496603,0.0,-0.15575645864009857,0.00902829438037802,0.0,0.0678858757019043,0.003934948672162206,66.0,-0.2913782596588135,0.016889499974576005,0.0,-0.020651020109653473,0.0011970193109992755,0.0,0.06719505786895752,0.0038949059874895287,0.0,0.235105961561203,0.013627722728731377,0.0
2f9e08f7be9f17a4,ddos_wisenet-camera_80,wisenet-camera,1,1,detected,0.9986163377761841,0.00020885467529296875,0.04402146597486816,-0.641442783176899,100,12.942126274108887,6.58162784576416,-6.360498428344727,114,119,7.657301902770996,0.4238624385598493,255.0,1.2302896976470947,0.06810147986865299,74.0,-1.693176031112671,0.0937240989804509,296.0,0.9878935813903809,0.054683880531629675,0.0,0.09658727794885635,0.00534649406345662,3.4,0.9825448393821716,0.05438780616240484,1.5,0.517665445804596,0.028654863162376427,0.0,0.9400666952133179,0.05203647014333112,0.0,-0.5477027297019958,0.03031754755984796,66.0,1.536509394645691,0.08505197093625912,1.0,0.9855959415435791,0.05455669693083091,0.0,0.4471622407436371,0.024752227377230103,0.0,0.4430396556854248,0.024524025723680055,0.0
0320666b2506bfb0,ddos_wisenet-camera_80,wisenet-camera,1,1,detected,0.9986686706542969,1.7642974853515625e-05,0.06787318611464299,-0.6653197407722473,101,12.980579853057861,6.620254993438721,-6.360324859619141,115,119,7.5567827224731445,0.4788006504029375,255.0,1.0682997703552246,0.06768788301273117,74.0,-0.49345552921295166,0.03126553151110884,444.0,0.5484743714332581,0.03475154644722148,0.0,0.413784921169281,0.02621757124147406,12.9,0.4414564371109009,0.02797084910019576,6.1,0.6853101253509521,0.04342151227531481,0.0,0.8768881559371948,0.05555996974013215,0.0,-0.574952244758606,0.03642919465215943,66.0,1.6347830295562744,0.10358047949313796,1.0,0.5969558954238892,0.03782335439403549,0.0,0.419895738363266,0.02660475496164008,0.0,0.47169384360313416,0.02988670276791126,0.0
a12fc55f4ad8d9bd,ddos_wisenet-camera_80,wisenet-camera,1,0,missed,0.003456651233136654,1.0728836059570312e-06,0.26103119113927925,-0.9619950503110886,101,0.6963338851928711,-5.6639909744262695,-6.360324859619141,115,119,0.6014034748077393,0.281671207356315,254.0,0.22194892168045044,0.10395121305401572,74.0,-0.07273092120885849,0.03406399737810853,444.0,0.0064083486795425415,0.003001391553821741,0.0,0.07122121751308441,0.03335691788729761,12.8,0.12027357518672943,0.05633090687867547,6.1,0.042121101170778275,0.01972769017628884,0.0,0.14338800311088562,0.06715669870308914,0.0,-0.1656680703163147,0.07759171228816909,66.0,0.5103908777236938,0.2390448688345892,1.0,0.11515974253416061,0.05393581027912941,0.0,0.006442289799451828,0.0030172880968653785,0.0,0.05796930193901062,0.027150297513634805,0.0
abe72fad5dca6673,ddos_wisenet-camera_80,wisenet-camera,1,1,detected,0.9991589784622192,1.621246337890625e-05,0.07767628201103513,-0.17074987292289734,104,13.444008827209473,7.080064296722412,-6.3639445304870605,118,119,14.76522445678711,0.8558540310437737,234.0,-0.051658183336257935,0.0029943238976236387,67.33,-0.25814270973205566,0.014963028794810289,404.0,-0.9765744209289551,0.056606329095260845,3.27,-0.06446943432092667,0.0037369174714654628,19.0,0.20445579290390015,0.011851111037233106,9.8,0.09353825449943542,0.005421867605496603,0.0,-0.15575645864009857,0.00902829438037802,0.0,0.0678858757019043,0.003934948672162206,66.0,-0.2913782596588135,0.016889499974576005,0.0,-0.020651020109653473,0.0011970193109992755,0.0,0.06719505786895752,0.0038949059874895287,0.0,0.235105961561203,0.013627722728731377,0.0
a854b2df99f8461e,ddos_wisenet-camera_80,wisenet-camera,1,1,detected,0.9986786246299744,1.0967254638671875e-05,0.06853464631824711,-0.6688868999481201,101,12.98810625076294,6.627781391143799,-6.360324859619141,115,119,7.502739429473877,0.4741298602950464,255.0,1.0851010084152222,0.06857212546990994,74.0,-0.49680644273757935,0.03139530187647277,444.0,0.545889675617218,0.034497079109549925,0.0,0.5118921995162964,0.032348634698593684,12.8,0.4358747601509094,0.027544770957210158,6.1,0.6768820285797119,0.0427750403254017,0.0,0.8657159805297852,0.05470825699894517,0.0,-0.5868059396743774,0.037082751015601524,66.0,1.6451748609542847,0.10396556275443995,1.0,0.5886322855949402,0.03719816554442884,0.0,0.4150807857513428,0.026230711703290863,0.0,0.4676334857940674,0.029551739251109058,0.0
688f4f9f6bd3dc05,ddos_wisenet-camera_80,wisenet-camera,1,0,missed,0.003584970021620393,7.152557373046875e-07,0.2585472792028661,-0.9617528496310115,101,0.7329120635986328,-5.627412796020508,-6.360324859619141,115,119,0.610924243927002,0.27990481716739274,254.0,0.22624412178993225,0.10365740134610718,74.0,-0.0746510773897171,0.034202597745677896,444.0,0.0067842258140444756,0.003108302715073336,0.0,0.08205360919237137,0.03759418734356155,13.4,0.12529003620147705,0.05740365523955341,6.1,0.044169940054416656,0.0202371719867504,0.0,0.14803102612495422,0.0678228073521302,0.0,-0.16932323575019836,0.07757817735338339,66.0,0.5132003426551819,0.23513103221732037,1.0,0.11562231183052063,0.05297423105254956,0.0,0.007367193698883057,0.003375398874445433,0.0,0.05895289033651352,0.027010219606054566,0.0
7fa1c23de428eab7,ddos_wisenet-camera_80,wisenet-camera,1,0,missed,0.0036675995215773582,1.8477439880371094e-06,0.2561904231375038,-0.9573329882696271,101,0.7557816505432129,-5.604543209075928,-6.360324859619141,115,119,0.6200411319732666,0.281357443555306,254.0,0.2296498715877533,0.10420873301921593,74.0,-0.07516105473041534,0.034105998978761085,444.0,0.005268656648695469,0.002390770046061293,0.0,0.08475710451602936,0.03846041983357981,13.2,0.12651066482067108,0.057407025761576226,6.1,0.04449402540922165,0.020190152873863183,0.0,0.1496472805738449,0.06790577935251553,0.0,-0.1701551079750061,0.07721166180599275,66.0,0.5134304165840149,0.23298046210883083,1.0,0.11722040921449661,0.05319136581171132,0.0,0.0074073076248168945,0.0033612304562982832,0.0,0.060005780309438705,0.02722895639628778,0.0
3df53be756827084,ddos_wisenet-camera_80,wisenet-camera,1,1,detected,0.9991589784622192,1.6689300537109375e-05,0.08077197207330239,0.03983273729681969,104,13.44397497177124,7.08003044128418,-6.3639445304870605,118,119,15.058838844299316,0.8488097863709201,234.0,-0.1536102294921875,0.008658427613694175,68.67,-0.16790896654129028,0.009464393336915754,206.0,-1.3644591569900513,0.07690940168305256,4.62,-0.04908151179552078,0.002766539171623379,0.0,0.1608949899673462,0.009069042007447618,0.0,0.09609614312648773,0.0054165761093287485,0.0,-0.11076008528470993,0.006243127063181875,0.0,0.02709517627954483,0.001527252600769365,66.0,-0.3065713346004486,0.017280266541145964,0.0,-0.016090765595436096,0.0009069755941227198,0.0,0.04212595149874687,0.0023744805467427682,0.0,0.1875898689031601,0.010573731361054954,0.0
e815931a9d5153f1,ddos_wisenet-camera_80,wisenet-camera,1,0,missed,0.0015851883217692375,2.4437904357910156e-06,0.3883801378260775,-0.9473779071122408,101,-0.08514118194580078,-6.445466041564941,-6.360324859619141,115,119,0.11283080279827118,0.10066577525359845,253.0,0.09950926154851913,0.08878051658113575,74.0,-0.04233251139521599,0.03776836619385023,444.0,0.017576366662979126,0.01568134350185982,0.0,0.07493208348751068,0.06685316499186694,13.4,0.06949663907289505,0.06200375142504698,6.1,0.031676873564720154,0.02826158243953957,0.0,0.09969181567430496,0.08894338835145213,0.0,-0.08697076141834259,0.07759387423863434,66.0,0.3525911569595337,0.3145759959392801,1.0,0.09291721135377884,0.08289919847555959,0.0,0.010837595909833908,0.009669123741849101,0.0,0.029482634738087654,0.026303918866326995,0.0
516c8788659e393f,ddos_wisenet-camera_80,wisenet-camera,1,1,detected,0.9986949563026428,9.5367431640625e-06,0.07056570306472444,-0.6717283427715302,101,13.000478744506836,6.640153884887695,-6.360324859619141,115,119,7.372488975524902,0.46443752599310734,255.0,1.086716651916504,0.06845883323083296,74.0,-0.49741771817207336,0.031335340775674264,444.0,0.5375317335128784,0.03386236443137347,0.0,0.7486364841461182,0.04716112532948837,13.1,0.41920939087867737,0.026408526756584064,6.1,0.6570374965667725,0.04139075289270954,0.0,0.8495685458183289,0.05351944436828866,0.0,-0.6034822463989258,0.03801698482408713,66.0,1.6633317470550537,0.10478329422704102,1.0,0.573955774307251,0.03615693434519365,0.0,0.4055939018726349,0.02555080502242542,0.0,0.4590458869934082,0.028918067803194086,0.0
ada72c41520f0cce,ddos_wisenet-camera_80,wisenet-camera,1,1,detected,0.9986686706542969,1.7642974853515625e-05,0.06787318611464299,-0.6653197407722473,101,12.980579853057861,6.620254993438721,-6.360324859619141,115,119,7.5567827224731445,0.4788006504029375,255.0,1.0682997703552246,0.06768788301273117,74.0,-0.49345552921295166,0.03126553151110884,444.0,0.5484743714332581,0.03475154644722148,0.0,0.413784921169281,0.02621757124147406,12.9,0.4414564371109009,0.02797084910019576,6.1,0.6853101253509521,0.04342151227531481,0.0,0.8768881559371948,0.05555996974013215,0.0,-0.574952244758606,0.03642919465215943,66.0,1.6347830295562744,0.10358047949313796,1.0,0.5969558954238892,0.03782335439403549,0.0,0.419895738363266,0.02660475496164008,0.0,0.47169384360313416,0.02988670276791126,0.0
68aa207e656c73a9,ddos_wisenet-camera_80,wisenet-camera,1,0,missed,0.004145922604948282,1.3709068298339844e-06,0.245763064174869,-0.9545981641858816,101,0.8788480758666992,-5.481476783752441,-6.360324859619141,115,119,0.6604099869728088,0.27834331034846077,254.0,0.24531875550746918,0.10339461220371443,74.0,-0.08285939693450928,0.03492278931447778,444.0,0.002981213852763176,0.001256493616092085,0.0,0.13028189539909363,0.05490997222812848,13.0,0.12816034257411957,0.054015800353034285,6.1,0.04886600747704506,0.020595579341584635,0.0,0.16055148839950562,0.06766771194259795,0.0,-0.18673951923847198,0.07870519371757541,66.0,0.530569314956665,0.22361930074875402,1.0,0.12101432681083679,0.05100396570093914,0.0,0.008914817124605179,0.0037573322005439607,0.0,0.06597837805747986,0.02780793828409703,0.0
31f89132b9770210,ddos_wisenet-camera_80,wisenet-camera,1,0,missed,0.0036675995215773582,1.8477439880371094e-06,0.2561904231375038,-0.9573329882696271,101,0.7557816505432129,-5.604543209075928,-6.360324859619141,115,119,0.6200411319732666,0.281357443555306,254.0,0.2296498715877533,0.10420873301921593,74.0,-0.07516105473041534,0.034105998978761085,444.0,0.005268656648695469,0.002390770046061293,0.0,0.08475710451602936,0.03846041983357981,13.2,0.12651066482067108,0.057407025761576226,6.1,0.04449402540922165,0.020190152873863183,0.0,0.1496472805738449,0.06790577935251553,0.0,-0.1701551079750061,0.07721166180599275,66.0,0.5134304165840149,0.23298046210883083,1.0,0.11722040921449661,0.05319136581171132,0.0,0.0074073076248168945,0.0033612304562982832,0.0,0.060005780309438705,0.02722895639628778,0.0
f48d4842deea904f,ddos_wisenet-camera_80,wisenet-camera,1,0,missed,0.005248206201940775,0.0002218484878540039,0.200038187215855,-0.9091308750212193,100,1.115891456604004,-5.244606971740723,-6.360498428344727,114,119,0.7490236759185791,0.27024502766792824,254.0,0.2860988676548004,0.10322343457343398,74.0,-0.09037056565284729,0.032605372567521884,296.0,0.0021910183131694794,0.000790511466726704,0.0,0.1184103786945343,0.04272203549137577,7.1,0.1781875193119049,0.06428941118245739,1.5,0.019550442695617676,0.0070537288700761504,0.0,0.21113835275173187,0.07617795246749322,0.0,-0.24186411499977112,0.08726369613061097,66.0,0.5579509139060974,0.20130666761765978,1.0,0.26465094089508057,0.09548510032987097,0.0,-0.0409664623439312,0.014780551143481173,0.0,0.011243212968111038,0.004056510491363775,0.0
0a17ce90420d39a4,ddos_wisenet-camera_80,wisenet-camera,1,1,detected,0.9986842274665833,1.52587890625e-05,0.0697649427506146,-0.666648268699646,101,12.992302894592285,6.6319780349731445,-6.360324859619141,115,119,7.453227996826172,0.4704296003715269,255.0,1.0912444591522217,0.06887669276254872,74.0,-0.4970724582672119,0.03137400304913692,444.0,0.5424983501434326,0.034241174719042984,0.0,0.5878497362136841,0.037103643763919676,13.2,0.43771812319755554,0.027627701964690523,6.1,0.666897177696228,0.04209292576667874,0.0,0.8611483573913574,0.054353587170649025,0.0,-0.5951694846153259,0.037565648457304986,66.0,1.6520209312438965,0.1042715380263966,1.0,0.5842790603637695,0.036878271399912184,0.0,0.4110828638076782,0.025946549256641388,0.0,0.463241308927536,0.0292386632915513,0.0
22517b80d6bd70cf,ddos_wisenet-camera_80,wisenet-camera,1,0,missed,0.0012045972980558872,1.1920928955078125e-07,0.44192263449264385,-0.6209742180071771,104,-0.3564610481262207,-6.720405578613281,-6.3639445304870605,118,119,0.10755112767219543,0.3113333384848321,254.0,0.0076159220188856125,0.022046169845904687,71.2,0.01653020642697811,0.047850770737060275,356.0,-0.035390302538871765,0.10244598339310246,6.26,0.03451705351471901,0.09991814812161433,14.1,0.01987210474908352,0.05752472194535538,9.6,0.0019204415148124099,0.005559192926305194,0.0,0.03377527371048927,0.09777088302202976,0.0,0.002109374850988388,0.006106107194670891,60.0,0.04299607500433922,0.12446277284646085,1.0,0.03809559345245361,0.11027711701231656,0.0,-0.004480753093957901,0.012970648005848823,1.0,-0.0005990666104480624,0.0017341464644987153,1.0
b864c383d24c815c,ddos_wisenet-camera_80,wisenet-camera,1,0,missed,0.061496514827013016,0.0002460479736328125,0.130417046185864,-0.8602299131453037,104,3.638638973236084,-2.7253055572509766,-6.3639445304870605,118,119,3.3145251274108887,0.5565654822820032,255.0,0.11289199441671371,0.018956497508104866,71.2,0.8156542778015137,0.13696230954646257,356.0,-0.6906921863555908,0.11597903622100257,6.26,0.15861278772354126,0.026633801012817666,14.1,0.37092918157577515,0.062285356393557874,9.5,0.03835775703191757,0.0064409237284622336,0.0,-0.034823574125766754,0.00584747394666162,0.0,-0.00283244252204895,0.00047561556413713146,60.0,0.22378407418727875,0.037577175127456605,1.0,0.06599921733140945,0.011082397873684006,0.0,0.010088082402944565,0.0016939616482199629,1.0,0.11612854152917862,0.01949996914742973,1.0
72286c00cd5fd5d0,ddos_wisenet-camera_80,wisenet-camera,1,0,missed,0.0035727745853364468,2.384185791015625e-06,0.25858711077279967,-0.9629012998193502,101,0.7294912338256836,-5.630833625793457,-6.360324859619141,115,119,0.6122244596481323,0.28090669086628567,254.0,0.22764024138450623,0.10444807604073193,74.0,-0.0743674486875534,0.03412198514740059,444.0,0.006408734247088432,0.002940516834341642,0.0,0.07898391038179398,0.03624015432147345,13.3,0.12476131319999695,0.057244180768742506,6.1,0.04394610971212387,0.020163775003002062,0.0,0.147667795419693,0.06775435235421039,0.0,-0.16916431486606598,0.0776175913144668,66.0,0.5129346251487732,0.2353495779376284,1.0,0.11528950929641724,0.052898236974503805,0.0,0.007398255169391632,0.003394538302198222,0.0,0.058671727776527405,0.026920324135014537,0.0
8a101e2c4d7f5b80,ddos_wisenet-camera_80,wisenet-camera,1,0,missed,0.0046160570345819,0.00020039081573486328,0.2039644251124497,-0.9094270057976246,100,0.9869117736816406,-5.373586654663086,-6.360498428344727,114,119,0.7257698774337769,0.2764435350275633,254.0,0.2758108675479889,0.10505551910418354,74.0,-0.09252076596021652,0.035240877860536264,296.0,0.013288894668221474,0.005061699490314385,0.0,0.0458962507545948,0.01748174207501379,6.8,0.16996705532073975,0.06473993351339935,1.5,0.013179128989577293,0.005019890077754595,0.0,0.2002483755350113,0.0762739961214175,0.0,-0.23001384735107422,0.0876115736462529,66.0,0.5575922131538391,0.21238517510966096,1.0,0.2561362683773041,0.09756152422494477,0.0,-0.041886795312166214,0.015954552713064004,0.0,0.003071647137403488,0.0011699810358946669,0.0
0dcb4667e2cc6bd9,ddos_wisenet-camera_80,wisenet-camera,1,1,detected,0.9985530972480774,4.57763671875e-05,0.09685915687842978,-0.8577241990715265,100,12.897379875183105,6.536881446838379,-6.360498428344727,114,119,5.502331733703613,0.3929446095571978,74.0,0.5142070055007935,0.03672168105940102,0.0,0.10964791476726532,0.007830417928652066,0.0,0.8345239162445068,0.059596856442917095,0.0,0.5582078695297241,0.039863967488647206,2.1,0.30578532814979553,0.02183741406250395,0.0,0.027902627363801003,0.0019926437637210193,0.0,0.51930171251297,0.03708551547626206,1.1,2.2422068119049072,0.1601254019007357,74.0,2.873286008834839,0.20519341681491238,0.0,0.391537070274353,0.027961305979377384,1.1,-0.11873988062143326,0.00847971338112175,0.0,-0.0051398202776908875,0.00036705614455055397,0.0
49a991398a62f79f,ddos_wisenet-camera_80,wisenet-camera,1,0,missed,0.0012020727153867483,1.8477439880371094e-06,0.44331733131112727,-0.6215616341214627,104,-0.35856103897094727,-6.722505569458008,-6.3639445304870605,118,119,0.10693134367465973,0.3121217219535719,254.0,0.007485554087907076,0.02184957142970822,71.2,0.016366224735975266,0.04777134627629562,356.0,-0.034911006689071655,0.10190167960554608,6.26,0.03488378971815109,0.10182223603420247,14.1,0.01694563217461109,0.04946257768932217,9.3,0.0021030018106102943,0.006138448502024337,0.0,0.03432276099920273,0.10018465023563304,0.0,0.002342265099287033,0.006836833719077918,60.0,0.04301300272345543,0.12555058241188147,1.0,0.03840330243110657,0.112095335863074,0.0,-0.0043959831818938255,0.012831428029055946,1.0,-0.0004911401774734259,0.0014335882506067875,1.0
4093de6523dd1804,ddos_wisenet-camera_80,wisenet-camera,1,1,detected,0.9986777901649475,1.0967254638671875e-05,0.06957999049237366,-0.6713069677352905,101,12.987493991851807,6.627169132232666,-6.360324859619141,115,119,7.472627639770508,0.47112692119488236,255.0,1.0910676717758179,0.06878856779685545,74.0,-0.5015842914581299,0.03162339599215499,444.0,0.5493456125259399,0.03463460506500111,0.0,0.5522704720497131,0.034819008748523214,13.4,0.4409352242946625,0.027799652904249225,6.1,0.6733653545379639,0.04245368050113549,0.0,0.8647912740707397,0.05452251471232947,0.0,-0.5995984077453613,0.037802894164160605,66.0,1.652670979499817,0.10419598404394621,1.0,0.5836436152458191,0.03679699200618243,0.0,0.4142667055130005,0.026118282206803612,0.0,0.4650100767612457,0.029317500663775847,0.0
1d9d458b8a7044a6,ddos_wisenet-camera_80,wisenet-camera,1,0,missed,0.004831170197576284,0.00012755393981933594,0.20567628698876958,-0.9034610129892826,100,1.032674789428711,-5.327823638916016,-6.360498428344727,114,119,0.7150610089302063,0.2701655513163779,254.0,0.2765435576438904,0.10448415139518048,74.0,-0.0841006189584732,0.031775037099222164,296.0,0.012352071702480316,0.004666880475545191,0.0,0.07872207462787628,0.029742906447140803,3.4,0.17844416201114655,0.06742007298238235,1.5,0.013314541429281235,0.005030522404162604,0.0,0.20269256830215454,0.07658164657168307,0.0,-0.2300470918416977,0.0869167785964511,66.0,0.5517828464508057,0.20847552174789674,1.0,0.2583184540271759,0.09759831213822784,0.0,-0.04109623283147812,0.015527047708213393,0.0,0.004276014864444733,0.0016155711175163444,0.0
d247007d2316ce78,ddos_wisenet-camera_80,wisenet-camera,1,1,detected,0.9991549253463745,6.198883056640625e-05,0.08754676945456887,-0.94541797041893,100,13.435674667358398,7.075176239013672,-6.360498428344727,114,119,8.062517166137695,0.5291465462102095,234.0,0.57853764295578,0.03796967985487054,74.0,-0.2600932717323303,0.01707003577092609,74.0,1.1316065788269043,0.07426783726673944,0.0,0.7499805688858032,0.049221554456646145,1.0,0.3178243041038513,0.02085894880627955,0.0,0.03022661805152893,0.0019837862315205085,0.0,0.6152825951576233,0.040381267222389765,0.0,-0.12690582871437073,0.008328885331269614,66.0,3.0377695560455322,0.1993701514850905,0.0,0.265257328748703,0.01740895510323124,0.0,-0.040901705622673035,0.002684396921999002,0.0,0.01992909610271454,0.0013079553388280682,0.0
f14848937c4f9730,ddos_wisenet-camera_80,wisenet-camera,1,1,detected,0.9986842274665833,1.52587890625e-05,0.0697649427506146,-0.666648268699646,101,12.992302894592285,6.6319780349731445,-6.360324859619141,115,119,7.453227996826172,0.4704296003715269,255.0,1.0912444591522217,0.06887669276254872,74.0,-0.4970724582672119,0.03137400304913692,444.0,0.5424983501434326,0.034241174719042984,0.0,0.5878497362136841,0.037103643763919676,13.2,0.43771812319755554,0.027627701964690523,6.1,0.666897177696228,0.04209292576667874,0.0,0.8611483573913574,0.054353587170649025,0.0,-0.5951694846153259,0.037565648457304986,66.0,1.6520209312438965,0.1042715380263966,1.0,0.5842790603637695,0.036878271399912184,0.0,0.4110828638076782,0.025946549256641388,0.0,0.463241308927536,0.0292386632915513,0.0
a36d287133916f66,ddos_wisenet-camera_80,wisenet-camera,1,0,missed,0.06387276947498322,0.00020623207092285156,0.12989146191498552,-0.8636373579502106,104,3.6790854930877686,-2.684859037399292,-6.3639445304870605,118,119,3.34016489982605,0.5557696872367943,255.0,0.11494935303926468,0.019126410791883666,71.2,0.824221670627594,0.13714215729958182,356.0,-0.6927600502967834,0.11526827208550099,6.26,0.1584755778312683,0.026368734768316707,14.1,0.38820070028305054,0.06459267379064174,9.6,0.03678610175848007,0.006120835612048998,0.0,-0.03649766743183136,0.006072843054700031,0.0,-0.004474148154258728,0.0007444530419659675,60.0,0.2221125066280365,0.03695727667411659,1.0,0.06601183116436005,0.010983701661572181,0.0,0.009667523205280304,0.0016085781718240613,1.0,0.11565832048654556,0.019244375811052896,1.0
bee6bc99a3f2ed8f,ddos_wisenet-camera_80,wisenet-camera,1,1,detected,0.9986221790313721,0.000247955322265625,0.044377856965461454,-0.632754085585475,100,12.946343421936035,6.585844993591309,-6.360498428344727,114,119,7.7751007080078125,0.42892032314227235,255.0,1.2208237648010254,0.06734782523895962,74.0,-1.731112003326416,0.09549832828499573,296.0,0.9858309030532837,0.054384235700735535,0.0,0.011371878907084465,0.0006273397810188929,6.8,0.9665546417236328,0.0533208436561832,1.5,0.5272585153579712,0.029086683411564698,0.0,0.9371718168258667,0.05169991407298146,0.0,-0.5427875518798828,0.02994335647770343,66.0,1.551497220993042,0.08558971959003524,1.0,0.9808858633041382,0.05411143819922274,0.0,0.45153433084487915,0.024909291643817083,0.0,0.4452153742313385,0.02456070080051001,0.0
f657f8cb16ca8578,ddos_wisenet-camera_80,wisenet-camera,1,0,missed,0.003456651233136654,1.0728836059570312e-06,0.26103119113927925,-0.9619950503110886,101,0.6963338851928711,-5.6639909744262695,-6.360324859619141,115,119,0.6014034748077393,0.281671207356315,254.0,0.22194892168045044,0.10395121305401572,74.0,-0.07273092120885849,0.03406399737810853,444.0,0.0064083486795425415,0.003001391553821741,0.0,0.07122121751308441,0.03335691788729761,12.8,0.12027357518672943,0.05633090687867547,6.1,0.042121101170778275,0.01972769017628884,0.0,0.14338800311088562,0.06715669870308914,0.0,-0.1656680703163147,0.07759171228816909,66.0,0.5103908777236938,0.2390448688345892,1.0,0.11515974253416061,0.05393581027912941,0.0,0.006442289799451828,0.0030172880968653785,0.0,0.05796930193901062,0.027150297513634805,0.0
cda58f70b9c0fb90,ddos_wisenet-camera_80,wisenet-camera,1,0,missed,0.061496514827013016,0.0002460479736328125,0.130417046185864,-0.8602299131453037,104,3.638638973236084,-2.7253055572509766,-6.3639445304870605,118,119,3.3145251274108887,0.5565654822820032,255.0,0.11289199441671371,0.018956497508104866,71.2,0.8156542778015137,0.13696230954646257,356.0,-0.6906921863555908,0.11597903622100257,6.26,0.15861278772354126,0.026633801012817666,14.1,0.37092918157577515,0.062285356393557874,9.5,0.03835775703191757,0.0064409237284622336,0.0,-0.034823574125766754,0.00584747394666162,0.0,-0.00283244252204895,0.00047561556413713146,60.0,0.22378407418727875,0.037577175127456605,1.0,0.06599921733140945,0.011082397873684006,0.0,0.010088082402944565,0.0016939616482199629,1.0,0.11612854152917862,0.01949996914742973,1.0
76fd526e0fc31dd9,ddos_wisenet-camera_80,wisenet-camera,1,1,detected,0.9986786246299744,1.0967254638671875e-05,0.06853464631824711,-0.6688868999481201,101,12.98810625076294,6.627781391143799,-6.360324859619141,115,119,7.502739429473877,0.4741298602950464,255.0,1.0851010084152222,0.06857212546990994,74.0,-0.49680644273757935,0.03139530187647277,444.0,0.545889675617218,0.034497079109549925,0.0,0.5118921995162964,0.032348634698593684,12.8,0.4358747601509094,0.027544770957210158,6.1,0.6768820285797119,0.0427750403254017,0.0,0.8657159805297852,0.05470825699894517,0.0,-0.5868059396743774,0.037082751015601524,66.0,1.6451748609542847,0.10396556275443995,1.0,0.5886322855949402,0.03719816554442884,0.0,0.4150807857513428,0.026230711703290863,0.0,0.4676334857940674,0.029551739251109058,0.0
38c8018c67e93c79,ddos_wisenet-camera_80,wisenet-camera,1,0,missed,0.06387276947498322,0.00020623207092285156,0.12989146191498552,-0.8636373579502106,104,3.6790854930877686,-2.684859037399292,-6.3639445304870605,118,119,3.34016489982605,0.5557696872367943,255.0,0.11494935303926468,0.019126410791883666,71.2,0.824221670627594,0.13714215729958182,356.0,-0.6927600502967834,0.11526827208550099,6.26,0.1584755778312683,0.026368734768316707,14.1,0.38820070028305054,0.06459267379064174,9.6,0.03678610175848007,0.006120835612048998,0.0,-0.03649766743183136,0.006072843054700031,0.0,-0.004474148154258728,0.0007444530419659675,60.0,0.2221125066280365,0.03695727667411659,1.0,0.06601183116436005,0.010983701661572181,0.0,0.009667523205280304,0.0016085781718240613,1.0,0.11565832048654556,0.019244375811052896,1.0
10f8a181f1668094,ddos_wisenet-camera_80,wisenet-camera,1,1,detected,0.9986080527305603,0.0002155303955078125,0.0440421882225007,-0.6517032533884048,100,12.93613338470459,6.575634956359863,-6.360498428344727,114,119,7.664377689361572,0.4273787161389903,255.0,1.1982479095458984,0.06681633838436432,74.0,-1.626537561416626,0.09069849672400293,296.0,0.9563356637954712,0.053326900729090104,0.0,0.15971402823925018,0.008905925452111035,7.3,0.9734845757484436,0.05428315318306494,1.5,0.5209140181541443,0.02904705030475414,0.0,0.9355735778808594,0.052169171558870506,0.0,-0.5461646914482117,0.030455070730084004,66.0,1.491903305053711,0.08319106194393232,1.0,0.9777019619941711,0.05451832180238586,0.0,0.4407494366168976,0.024576937097159624,0.0,0.44175225496292114,0.024632855951189882,0.0
ee797ec9cfbb6de2,ddos_wisenet-camera_80,wisenet-camera,1,0,missed,0.005248206201940775,0.0002218484878540039,0.200038187215855,-0.9091308750212193,100,1.115891456604004,-5.244606971740723,-6.360498428344727,114,119,0.7490236759185791,0.27024502766792824,254.0,0.2860988676548004,0.10322343457343398,74.0,-0.09037056565284729,0.032605372567521884,296.0,0.0021910183131694794,0.000790511466726704,0.0,0.1184103786945343,0.04272203549137577,7.1,0.1781875193119049,0.06428941118245739,1.5,0.019550442695617676,0.0070537288700761504,0.0,0.21113835275173187,0.07617795246749322,0.0,-0.24186411499977112,0.08726369613061097,66.0,0.5579509139060974,0.20130666761765978,1.0,0.26465094089508057,0.09548510032987097,0.0,-0.0409664623439312,0.014780551143481173,0.0,0.011243212968111038,0.004056510491363775,0.0
377f9e47b005de97,ddos_wisenet-camera_80,wisenet-camera,1,0,missed,0.0012045972980558872,1.1920928955078125e-07,0.44192263449264385,-0.6209742180071771,104,-0.3564610481262207,-6.720405578613281,-6.3639445304870605,118,119,0.10755112767219543,0.3113333384848321,254.0,0.0076159220188856125,0.022046169845904687,71.2,0.01653020642697811,0.047850770737060275,356.0,-0.035390302538871765,0.10244598339310246,6.26,0.03451705351471901,0.09991814812161433,14.1,0.01987210474908352,0.05752472194535538,9.6,0.0019204415148124099,0.005559192926305194,0.0,0.03377527371048927,0.09777088302202976,0.0,0.002109374850988388,0.006106107194670891,60.0,0.04299607500433922,0.12446277284646085,1.0,0.03809559345245361,0.11027711701231656,0.0,-0.004480753093957901,0.012970648005848823,1.0,-0.0005990666104480624,0.0017341464644987153,1.0
76e61048c252bba9,ddos_wisenet-camera_80,wisenet-camera,1,1,detected,0.9986108541488647,0.000179290771484375,0.044305730958520716,-0.6264231353998184,100,12.938163757324219,6.577665328979492,-6.360498428344727,114,119,7.823400974273682,0.4278809886131279,255.0,1.2266552448272705,0.06708878409404277,74.0,-1.710586428642273,0.09355616752899554,296.0,0.9828963279724121,0.05375701103650687,0.0,-0.1006050854921341,0.0055023388909040336,6.9,0.9792606234550476,0.053558165438753316,1.5,0.5318945050239563,0.02909061511686991,0.0,0.9412479996681213,0.051479161806034755,0.0,-0.5484545826911926,0.02999632638324471,66.0,1.5474278926849365,0.08463262700030916,1.0,0.9894919991493225,0.05411774447111208,0.0,0.45166996121406555,0.024702938040200566,0.0,0.45046675205230713,0.024637131579898386,0.0
f8b02d6751cfcbeb,ddos_wisenet-camera_80,wisenet-camera,1,0,missed,0.0017692407127469778,0.0001583695411682129,0.32701314395749825,-0.9237136617302895,100,0.025064468383789062,-6.3354339599609375,-6.360498428344727,114,119,0.14715439081192017,0.10717436553560937,253.0,0.1189107745885849,0.08660419000455073,74.0,-0.0518665611743927,0.037775058941218645,296.0,0.05277043581008911,0.03843336203411315,0.0,0.10296744853258133,0.0749924681581842,7.2,0.11777040362358093,0.08577364370569282,1.5,0.001271003857254982,0.0009256878523503803,0.0,0.12368891388177872,0.0900841680355381,0.0,-0.10549788922071457,0.07683541945430143,66.0,0.35325461626052856,0.2572797125614582,1.0,0.1431988626718521,0.10429350539660152,0.0,-0.03013751469552517,0.021949525246863184,0.0,-0.02454838529229164,0.017878893073518278,0.0
87b1271032184660,ddos_wisenet-camera_80,wisenet-camera,1,0,missed,0.0012031535152345896,3.874301910400391e-06,0.4431036316567924,-0.6218891417374834,104,-0.35765886306762695,-6.7216033935546875,-6.3639445304870605,118,119,0.10735819488763809,0.3117556293903856,254.0,0.0075090122409164906,0.021805292457805523,71.2,0.01646392047405243,0.04780929760409454,356.0,-0.03514804318547249,0.10206580258354508,6.26,0.0347491130232811,0.10090735609581351,14.1,0.01840336248278618,0.05344121014446238,9.4,0.0019645877182483673,0.00570493273695742,0.0,0.03423226997256279,0.09940650438401478,0.0,0.002224157564342022,0.006458693181834374,60.0,0.043033525347709656,0.1249643196190432,1.0,0.038358308374881744,0.11138803686367425,0.0,-0.004442993551492691,0.012901933126509012,1.0,-0.00047901098150759935,0.0013909918118603102,1.0
3d02d2839ea5d0b4,ddos_wisenet-camera_80,wisenet-camera,1,0,missed,0.0012029496720060706,6.556510925292969e-07,0.4420623181845054,-0.6202411492122337,104,-0.3578314781188965,-6.721776008605957,-6.3639445304870605,118,119,0.10766801238059998,0.31482847257308666,254.0,0.007474628742784262,0.02185631459251934,71.2,0.016568271443247795,0.04844673433011067,356.0,-0.03483504429459572,0.10186000042905477,6.26,0.03469701111316681,0.1014563821703648,14.1,0.016400903463363647,0.04795733915786299,9.5,0.001869593164883554,0.005466815513903075,0.0,0.03383742272853851,0.0989428882162138,0.0,0.002497655339539051,0.007303311338017958,60.0,0.04313923791050911,0.1261420182191432,1.0,0.03804649040102959,0.11125048373123875,0.0,-0.004439834505319595,0.012982373175479112,1.0,-0.0005153324455022812,0.0015068665530048354,1.0
2002df16c0961ff2,ddos_wisenet-camera_80,wisenet-camera,1,0,missed,0.004831170197576284,0.00012755393981933594,0.20567628698876958,-0.9034610129892826,100,1.032674789428711,-5.327823638916016,-6.360498428344727,114,119,0.7150610089302063,0.2701655513163779,254.0,0.2765435576438904,0.10448415139518048,74.0,-0.0841006189584732,0.031775037099222164,296.0,0.012352071702480316,0.004666880475545191,0.0,0.07872207462787628,0.029742906447140803,3.4,0.17844416201114655,0.06742007298238235,1.5,0.013314541429281235,0.005030522404162604,0.0,0.20269256830215454,0.07658164657168307,0.0,-0.2300470918416977,0.0869167785964511,66.0,0.5517828464508057,0.20847552174789674,1.0,0.2583184540271759,0.09759831213822784,0.0,-0.04109623283147812,0.015527047708213393,0.0,0.004276014864444733,0.0016155711175163444,0.0
b4e9fd0c536cd334,ddos_wisenet-camera_80,wisenet-camera,1,1,detected,0.9986477494239807,0.0002651214599609375,0.043542072752912137,-0.6507806181907654,100,12.965143203735352,6.604644775390625,-6.360498428344727,114,119,7.971932888031006,0.4230235549160504,255.0,1.2156562805175781,0.0645077233543526,74.0,-1.994812250137329,0.10585294448603949,296.0,1.059253215789795,0.05620833331053433,0.0,-0.09018635749816895,0.00478565914812012,7.0,0.9174895286560059,0.0486857688670504,1.5,0.5462650656700134,0.028987071674063503,0.0,0.9514926671981812,0.050490115284217325,0.0,-0.5294707417488098,0.02809589575633523,66.0,1.6708694696426392,0.08866320787899938,1.0,0.9653472304344177,0.051225295406067246,0.0,0.48224037885665894,0.02558965839944404,0.0,0.4501115679740906,0.023884771518725898,0.0
c8dc764ea5add4b0,ddos_wisenet-camera_80,wisenet-camera,1,0,missed,0.004847819916903973,0.000217437744140625,0.20430663793676257,-0.9067094307392836,100,1.0361318588256836,-5.324366569519043,-6.360498428344727,114,119,0.7250547409057617,0.27317513641596564,254.0,0.2737503945827484,0.10313952473525914,74.0,-0.08560165762901306,0.03225169519066392,296.0,0.007353153079748154,0.002770409573680394,0.0,0.08494427055120468,0.03200401485078495,7.2,0.17511598765850067,0.06597754778827808,1.5,0.016306905075907707,0.0061438685485573265,0.0,0.2036830633878708,0.07674061762163595,0.0,-0.22930973768234253,0.08639584756680463,66.0,0.5483946800231934,0.20661583612015413,1.0,0.2577347457408905,0.09710539129631458,0.0,-0.04064696654677391,0.015314348013832729,0.0,0.006279148161411285,0.0023657622780685096,0.0
68174466c50085c9,ddos_wisenet-camera_80,wisenet-camera,1,0,missed,0.005248206201940775,0.0002218484878540039,0.200038187215855,-0.9091308750212193,100,1.115891456604004,-5.244606971740723,-6.360498428344727,114,119,0.7490236759185791,0.27024502766792824,254.0,0.2860988676548004,0.10322343457343398,74.0,-0.09037056565284729,0.032605372567521884,296.0,0.0021910183131694794,0.000790511466726704,0.0,0.1184103786945343,0.04272203549137577,7.1,0.1781875193119049,0.06428941118245739,1.5,0.019550442695617676,0.0070537288700761504,0.0,0.21113835275173187,0.07617795246749322,0.0,-0.24186411499977112,0.08726369613061097,66.0,0.5579509139060974,0.20130666761765978,1.0,0.26465094089508057,0.09548510032987097,0.0,-0.0409664623439312,0.014780551143481173,0.0,0.011243212968111038,0.004056510491363775,0.0
b0ec21d3a44f84c0,ddos_wisenet-camera_80,wisenet-camera,1,0,missed,0.0012031535152345896,3.874301910400391e-06,0.4431036316567924,-0.6218891417374834,104,-0.35765886306762695,-6.7216033935546875,-6.3639445304870605,118,119,0.10735819488763809,0.3117556293903856,254.0,0.0075090122409164906,0.021805292457805523,71.2,0.01646392047405243,0.04780929760409454,356.0,-0.03514804318547249,0.10206580258354508,6.26,0.0347491130232811,0.10090735609581351,14.1,0.01840336248278618,0.05344121014446238,9.4,0.0019645877182483673,0.00570493273695742,0.0,0.03423226997256279,0.09940650438401478,0.0,0.002224157564342022,0.006458693181834374,60.0,0.043033525347709656,0.1249643196190432,1.0,0.038358308374881744,0.11138803686367425,0.0,-0.004442993551492691,0.012901933126509012,1.0,-0.00047901098150759935,0.0013909918118603102,1.0
d6dab8fe12bd6ecf,ddos_wisenet-camera_80,wisenet-camera,1,1,detected,0.9985389709472656,6.628036499023438e-05,0.09840804091752438,-0.909102026373148,100,12.887625217437744,6.527126789093018,-6.360498428344727,114,119,5.405022621154785,0.38519216865314604,74.0,0.5296449065208435,0.03774546092746391,0.0,0.11290708184242249,0.008046390692420287,0.0,0.8389725685119629,0.059789881700176614,0.0,0.5644823312759399,0.04022817083124585,2.1,0.30692362785339355,0.021873095842563018,0.0,0.029076430946588516,0.0020721492356339096,0.0,0.567914605140686,0.04047277388030591,1.0,2.123121738433838,0.15130554006215097,74.0,2.9194095134735107,0.20805346443512768,0.0,0.5168629884719849,0.036834549895654996,1.0,-0.1095154657959938,0.007804685147091125,0.0,-0.008161984384059906,0.0005816686970197074,0.0
363bac860de089bc,ddos_wisenet-camera_80,wisenet-camera,1,1,detected,0.9987560510635376,0.00017452239990234375,0.05413581795004159,-0.6629648506641388,100,13.04869556427002,6.688197135925293,-6.360498428344727,114,119,7.187656402587891,0.44758752403812896,255.0,1.0603878498077393,0.06603214533803778,74.0,-0.7384688854217529,0.04598570681343549,222.0,0.9769893884658813,0.060838782059410276,0.0,0.3033045828342438,0.018887289494155357,1.2,0.9578050971031189,0.0596441437808758,0.7,0.42601102590560913,0.026528427295075225,0.0,0.853539764881134,0.05315136515063291,0.0,-0.4349442422389984,0.027084713789087247,66.0,1.501878261566162,0.09352450017770142,1.0,0.8423370718955994,0.052453754506063224,0.0,0.4271641671657562,0.026600235352192372,0.0,0.34817445278167725,0.021681412205203945,0.0
3d51d2b735b17284,ddos_wisenet-camera_80,wisenet-camera,1,1,detected,0.9986144304275513,0.00025653839111328125,0.04389453617720054,-0.6477488800883293,100,12.940784454345703,6.580286026000977,-6.360498428344727,114,119,7.693084716796875,0.4278243937278534,255.0,1.1990509033203125,0.06668108368049215,74.0,-1.6532025337219238,0.09193716145549213,296.0,0.9604711532592773,0.05341329310192908,0.0,0.11124321073293686,0.006186407785715167,7.2,0.9725784063339233,0.05408659625626205,1.5,0.5226611495018005,0.029065998574342077,0.0,0.9428042769432068,0.052430810661239814,0.0,-0.5433399677276611,0.030215979784242338,66.0,1.514976143836975,0.08425017715378533,1.0,0.9806355237960815,0.05453466507655149,0.0,0.4445539116859436,0.024722333725394518,0.0,0.44327297806739807,0.024651099016700442,0.0
adc443e1a3439d50,ddos_wisenet-camera_80,wisenet-camera,1,1,detected,0.9986221790313721,0.000247955322265625,0.044377856965461454,-0.632754085585475,100,12.946343421936035,6.585844993591309,-6.360498428344727,114,119,7.7751007080078125,0.42892032314227235,255.0,1.2208237648010254,0.06734782523895962,74.0,-1.731112003326416,0.09549832828499573,296.0,0.9858309030532837,0.054384235700735535,0.0,0.011371878907084465,0.0006273397810188929,6.8,0.9665546417236328,0.0533208436561832,1.5,0.5272585153579712,0.029086683411564698,0.0,0.9371718168258667,0.05169991407298146,0.0,-0.5427875518798828,0.02994335647770343,66.0,1.551497220993042,0.08558971959003524,1.0,0.9808858633041382,0.05411143819922274,0.0,0.45153433084487915,0.024909291643817083,0.0,0.4452153742313385,0.02456070080051001,0.0
6e28647939fc3ab7,ddos_wisenet-camera_80,wisenet-camera,1,0,missed,0.004847819916903973,0.000217437744140625,0.20430663793676257,-0.9067094307392836,100,1.0361318588256836,-5.324366569519043,-6.360498428344727,114,119,0.7250547409057617,0.27317513641596564,254.0,0.2737503945827484,0.10313952473525914,74.0,-0.08560165762901306,0.03225169519066392,296.0,0.007353153079748154,0.002770409573680394,0.0,0.08494427055120468,0.03200401485078495,7.2,0.17511598765850067,0.06597754778827808,1.5,0.016306905075907707,0.0061438685485573265,0.0,0.2036830633878708,0.07674061762163595,0.0,-0.22930973768234253,0.08639584756680463,66.0,0.5483946800231934,0.20661583612015413,1.0,0.2577347457408905,0.09710539129631458,0.0,-0.04064696654677391,0.015314348013832729,0.0,0.006279148161411285,0.0023657622780685096,0.0
b3adeffa1918aaf7,ddos_wisenet-camera_80,wisenet-camera,1,0,missed,0.0018359527457505465,0.0001825094223022461,0.3197039968284528,-0.938782162964344,100,0.062145233154296875,-6.29835319519043,-6.360498428344727,114,119,0.15684187412261963,0.10810279905027728,253.0,0.12589524686336517,0.08677292750541449,74.0,-0.05872754752635956,0.04047778888432744,296.0,0.057720206677913666,0.03978348217622507,0.0,0.10945765674114227,0.0754433670051092,7.0,0.12349631637334824,0.08511947174209494,1.5,0.004603460431098938,0.0031729215217737635,0.0,0.12895995378494263,0.08888526771012453,0.0,-0.112409308552742,0.07747778430878342,66.0,0.3700179159641266,0.2550337570131317,1.0,0.14899161458015442,0.10269203081915954,0.0,-0.03128264471888542,0.021561470587650778,0.0,-0.022454839199781418,0.015476931675927846,0.0
8a1672ad98823b05,ddos_wisenet-camera_80,wisenet-camera,1,1,detected,0.9985389709472656,6.628036499023438e-05,0.09840804091752438,-0.909102026373148,100,12.887625217437744,6.527126789093018,-6.360498428344727,114,119,5.405022621154785,0.38519216865314604,74.0,0.5296449065208435,0.03774546092746391,0.0,0.11290708184242249,0.008046390692420287,0.0,0.8389725685119629,0.059789881700176614,0.0,0.5644823312759399,0.04022817083124585,2.1,0.30692362785339355,0.021873095842563018,0.0,0.029076430946588516,0.0020721492356339096,0.0,0.567914605140686,0.04047277388030591,1.0,2.123121738433838,0.15130554006215097,74.0,2.9194095134735107,0.20805346443512768,0.0,0.5168629884719849,0.036834549895654996,1.0,-0.1095154657959938,0.007804685147091125,0.0,-0.008161984384059906,0.0005816686970197074,0.0
2b180f4c79ce7972,ddos_wisenet-camera_80,wisenet-camera,1,1,detected,0.9986477494239807,0.0002651214599609375,0.043542072752912137,-0.6507806181907654,100,12.965143203735352,6.604644775390625,-6.360498428344727,114,119,7.971932888031006,0.4230235549160504,255.0,1.2156562805175781,0.0645077233543526,74.0,-1.994812250137329,0.10585294448603949,296.0,1.059253215789795,0.05620833331053433,0.0,-0.09018635749816895,0.00478565914812012,7.0,0.9174895286560059,0.0486857688670504,1.5,0.5462650656700134,0.028987071674063503,0.0,0.9514926671981812,0.050490115284217325,0.0,-0.5294707417488098,0.02809589575633523,66.0,1.6708694696426392,0.08866320787899938,1.0,0.9653472304344177,0.051225295406067246,0.0,0.48224037885665894,0.02558965839944404,0.0,0.4501115679740906,0.023884771518725898,0.0
a35c7fb55c6742ba,ddos_wisenet-camera_80,wisenet-camera,1,1,detected,0.9986259937286377,0.0002732276916503906,0.04400003150223666,-0.6471921801567078,100,12.949109554290771,6.588611125946045,-6.360498428344727,114,119,7.6561360359191895,0.4203627701802148,255.0,1.2062318325042725,0.0662285717249767,74.0,-1.7681050300598145,0.097078411997715,296.0,0.9763874411582947,0.053608886729400375,0.0,0.21852248907089233,0.011998052075035725,7.1,0.9463925957679749,0.05196200947431405,1.5,0.5261372327804565,0.028887744892321772,0.0,0.9464298486709595,0.05196405485770619,0.0,-0.5401894450187683,0.02965928641613273,66.0,1.5613305568695068,0.08572538875661258,1.0,0.9699485898017883,0.05325535939128866,0.0,0.4541117548942566,0.024933161370588177,0.0,0.44324105978012085,0.02433630213369323,0.0
cfba7f923859bc9b,ddos_wisenet-camera_80,wisenet-camera,1,0,missed,0.061496514827013016,0.0002460479736328125,0.130417046185864,-0.8602299131453037,104,3.638638973236084,-2.7253055572509766,-6.3639445304870605,118,119,3.3145251274108887,0.5565654822820032,255.0,0.11289199441671371,0.018956497508104866,71.2,0.8156542778015137,0.13696230954646257,356.0,-0.6906921863555908,0.11597903622100257,6.26,0.15861278772354126,0.026633801012817666,14.1,0.37092918157577515,0.062285356393557874,9.5,0.03835775703191757,0.0064409237284622336,0.0,-0.034823574125766754,0.00584747394666162,0.0,-0.00283244252204895,0.00047561556413713146,60.0,0.22378407418727875,0.037577175127456605,1.0,0.06599921733140945,0.011082397873684006,0.0,0.010088082402944565,0.0016939616482199629,1.0,0.11612854152917862,0.01949996914742973,1.0
4b49e039dc6670de,ddos_wisenet-camera_80,wisenet-camera,1,0,missed,0.001750765135511756,9.03010368347168e-05,0.3293009137713451,-0.9249856490641832,100,0.01454925537109375,-6.345949172973633,-6.360498428344727,114,119,0.14474666118621826,0.10646680260328574,253.0,0.11685282737016678,0.0859498022496695,74.0,-0.05053134635090828,0.03716777183757695,296.0,0.05273204669356346,0.03878647258721994,0.0,0.10264548659324646,0.07549975018202286,7.3,0.116265207529068,0.08551758498734832,1.5,0.0006264001131057739,0.0004607416616464112,0.0,0.12272653728723526,0.09027014448875553,0.0,-0.10402178764343262,0.07651207316779697,66.0,0.3515462577342987,0.25857595416290696,1.0,0.1414448618888855,0.10403820071952592,0.0,-0.03015049546957016,0.022176862825321067,0.0,-0.025257451459765434,0.018577838526923844,0.0
6e2a8d687933e870,ddos_wisenet-camera_80,wisenet-camera,1,1,detected,0.9986080527305603,0.0002155303955078125,0.0440421882225007,-0.6517032533884048,100,12.93613338470459,6.575634956359863,-6.360498428344727,114,119,7.664377689361572,0.4273787161389903,255.0,1.1982479095458984,0.06681633838436432,74.0,-1.626537561416626,0.09069849672400293,296.0,0.9563356637954712,0.053326900729090104,0.0,0.15971402823925018,0.008905925452111035,7.3,0.9734845757484436,0.05428315318306494,1.5,0.5209140181541443,0.02904705030475414,0.0,0.9355735778808594,0.052169171558870506,0.0,-0.5461646914482117,0.030455070730084004,66.0,1.491903305053711,0.08319106194393232,1.0,0.9777019619941711,0.05451832180238586,0.0,0.4407494366168976,0.024576937097159624,0.0,0.44175225496292114,0.024632855951189882,0.0
44a7f8a8f064d461,ddos_wisenet-camera_80,wisenet-camera,1,1,detected,0.9986108541488647,0.000179290771484375,0.044305730958520716,-0.6264231353998184,100,12.938163757324219,6.577665328979492,-6.360498428344727,114,119,7.823400974273682,0.4278809886131279,255.0,1.2266552448272705,0.06708878409404277,74.0,-1.710586428642273,0.09355616752899554,296.0,0.9828963279724121,0.05375701103650687,0.0,-0.1006050854921341,0.0055023388909040336,6.9,0.9792606234550476,0.053558165438753316,1.5,0.5318945050239563,0.02909061511686991,0.0,0.9412479996681213,0.051479161806034755,0.0,-0.5484545826911926,0.02999632638324471,66.0,1.5474278926849365,0.08463262700030916,1.0,0.9894919991493225,0.05411774447111208,0.0,0.45166996121406555,0.024702938040200566,0.0,0.45046675205230713,0.024637131579898386,0.0
9133bdab6f784b16,ddos_wisenet-camera_80,wisenet-camera,1,1,detected,0.9986163377761841,0.00020885467529296875,0.04402146597486816,-0.641442783176899,100,12.942126274108887,6.58162784576416,-6.360498428344727,114,119,7.657301902770996,0.4238624385598493,255.0,1.2302896976470947,0.06810147986865299,74.0,-1.693176031112671,0.0937240989804509,296.0,0.9878935813903809,0.054683880531629675,0.0,0.09658727794885635,0.00534649406345662,3.4,0.9825448393821716,0.05438780616240484,1.5,0.517665445804596,0.028654863162376427,0.0,0.9400666952133179,0.05203647014333112,0.0,-0.5477027297019958,0.03031754755984796,66.0,1.536509394645691,0.08505197093625912,1.0,0.9855959415435791,0.05455669693083091,0.0,0.4471622407436371,0.024752227377230103,0.0,0.4430396556854248,0.024524025723680055,0.0
24292810b5c38d68,ddos_wisenet-camera_80,wisenet-camera,1,0,missed,0.004847819916903973,0.000217437744140625,0.20430663793676257,-0.9067094307392836,100,1.0361318588256836,-5.324366569519043,-6.360498428344727,114,119,0.7250547409057617,0.27317513641596564,254.0,0.2737503945827484,0.10313952473525914,74.0,-0.08560165762901306,0.03225169519066392,296.0,0.007353153079748154,0.002770409573680394,0.0,0.08494427055120468,0.03200401485078495,7.2,0.17511598765850067,0.06597754778827808,1.5,0.016306905075907707,0.0061438685485573265,0.0,0.2036830633878708,0.07674061762163595,0.0,-0.22930973768234253,0.08639584756680463,66.0,0.5483946800231934,0.20661583612015413,1.0,0.2577347457408905,0.09710539129631458,0.0,-0.04064696654677391,0.015314348013832729,0.0,0.006279148161411285,0.0023657622780685096,0.0
0b3b5a50cf1e7e1b,ddos_wisenet-camera_80,wisenet-camera,1,1,detected,0.9986221790313721,0.000247955322265625,0.044377856965461454,-0.632754085585475,100,12.946343421936035,6.585844993591309,-6.360498428344727,114,119,7.7751007080078125,0.42892032314227235,255.0,1.2208237648010254,0.06734782523895962,74.0,-1.731112003326416,0.09549832828499573,296.0,0.9858309030532837,0.054384235700735535,0.0,0.011371878907084465,0.0006273397810188929,6.8,0.9665546417236328,0.0533208436561832,1.5,0.5272585153579712,0.029086683411564698,0.0,0.9371718168258667,0.05169991407298146,0.0,-0.5427875518798828,0.02994335647770343,66.0,1.551497220993042,0.08558971959003524,1.0,0.9808858633041382,0.05411143819922274,0.0,0.45153433084487915,0.024909291643817083,0.0,0.4452153742313385,0.02456070080051001,0.0
94df430c89a5df61,ddos_wisenet-camera_80,wisenet-camera,1,1,detected,0.998537540435791,0.00010013580322265625,0.0998384372556612,-0.9271630123257637,100,12.886632919311523,6.526134490966797,-6.360498428344727,114,119,5.376034736633301,0.38253683084530793,74.0,0.5356055498123169,0.038111518925317146,0.0,0.12211734056472778,0.008689374741678593,0.0,0.8391730189323425,0.05971214899446516,0.0,0.6099085211753845,0.04339861705248022,2.0,0.3095206022262573,0.022024230879712024,0.0,0.028954699635505676,0.0020602990083320298,0.0,0.5583993792533875,0.03973343539430859,1.0,2.1125476360321045,0.1503203229307167,74.0,2.9293293952941895,0.20843920068857175,0.0,0.5120767951011658,0.036437308154391786,1.0,-0.11150337010622025,0.007934127645856092,0.0,-0.00846850872039795,0.0006025847388619381,0.0
99ef7dcf8c3ea10e,ddos_wisenet-camera_80,wisenet-camera,1,0,missed,0.0034880884923040867,0.0001799464225769043,0.2344188902454329,-0.9328695647418499,100,0.7055883407592773,-5.654910087585449,-6.360498428344727,114,119,0.5473469495773315,0.24001653424304886,254.0,0.2292405515909195,0.10052403277903654,74.0,-0.09234422445297241,0.040493768582578346,222.0,0.01482037641108036,0.006498867647132791,0.0,0.12236280739307404,0.05365718576382776,1.2,0.1488971710205078,0.06529274160481574,0.7,0.005123170092701912,0.0022465559202211696,0.0,0.17492729425430298,0.07670718352199368,0.0,-0.18369430303573608,0.08055159530691888,66.0,0.4971199631690979,0.21799155134602857,1.0,0.21970823407173157,0.0963440262657518,0.0,-0.03758000582456589,0.01647916876454892,0.0,-0.0072901323437690735,0.003196788254096948,0.0
c9ae806f63059343,ddos_wisenet-camera_80,wisenet-camera,1,0,missed,0.017854899168014526,0.00019049644470214844,0.15283393834026118,-0.9268920235335827,100,2.3530378341674805,-4.007460594177246,-6.360498428344727,114,119,1.1504237651824951,0.2796143006131489,254.0,0.4603847861289978,0.11189804477480784,74.0,0.25560009479522705,0.06212444831708129,148.0,-0.00745362788438797,0.0018116289066691818,0.0,0.10904287546873093,0.026503231490701325,1.0,0.30142447352409363,0.07326221510971313,0.0,0.06937946379184723,0.01686290811455486,0.0,0.2876950204372406,0.06992522613324456,0.0,-0.3727678060531616,0.09060244801542171,66.0,0.6092415452003479,0.14807817234082077,1.0,0.393803209066391,0.09571517228248934,0.0,-0.03688027709722519,0.008963873312651789,0.0,0.06022683158516884,0.01463833058869526,0.0
18c2931c2ae44927,ddos_wisenet-camera_80,wisenet-camera,1,1,detected,0.9988583326339722,0.000186920166015625,0.057782402874859515,-0.7840532809495926,100,13.134567260742188,6.774068832397461,-6.360498428344727,114,119,6.9887166023254395,0.47581244480309126,255.0,0.9185699820518494,0.06253895439648985,74.0,-0.05558682978153229,0.003784515367013666,148.0,1.0482655763626099,0.07136901309262571,0.0,0.2610117793083191,0.017770451987389517,1.0,0.6939905881881714,0.0472489266951066,0.0,0.39519816637039185,0.026906257103031777,0.0,0.7784203886985779,0.05299715660354596,0.0,-0.32899200916290283,0.022398746595103724,66.0,1.8149323463439941,0.12356594865769797,1.0,0.720535933971405,0.0490562121516468,0.0,0.3908614218235016,0.026610998739764375,0.0,0.2928835153579712,0.01994037380749276,0.0
9bf11c400833d4cc,ddos_wisenet-camera_80,wisenet-camera,1,1,detected,0.9991552829742432,9.34600830078125e-05,0.08597356246917165,-0.9350630380213261,100,13.436138153076172,7.075639724731445,-6.360498428344727,114,119,8.115701675415039,0.533687417753293,234.0,0.5884491205215454,0.038696332636485115,74.0,-0.2576574385166168,0.016943517458683433,74.0,1.1329059600830078,0.0744997389721198,0.0,0.6506552696228027,0.04278700038278674,0.2,0.32156676054000854,0.021146185620371783,0.0,0.026525098830461502,0.0017442868240663792,0.0,0.6271700263023376,0.041242614035888914,0.0,-0.1189785897731781,0.00782401557912471,66.0,3.0359983444213867,0.19964683049474724,0.0,0.2707233428955078,0.017802729520371884,0.0,-0.04123245179653168,0.002711440317426745,0.0,0.019280612468719482,0.0012678904046342513,0.0
b23c07b8b00f3e7b,ddos_wisenet-camera_80,wisenet-camera,1,1,detected,0.9987560510635376,0.00017452239990234375,0.05413581795004159,-0.6629648506641388,100,13.04869556427002,6.688197135925293,-6.360498428344727,114,119,7.187656402587891,0.44758752403812896,255.0,1.0603878498077393,0.06603214533803778,74.0,-0.7384688854217529,0.04598570681343549,222.0,0.9769893884658813,0.060838782059410276,0.0,0.3033045828342438,0.018887289494155357,1.2,0.9578050971031189,0.0596441437808758,0.7,0.42601102590560913,0.026528427295075225,0.0,0.853539764881134,0.05315136515063291,0.0,-0.4349442422389984,0.027084713789087247,66.0,1.501878261566162,0.09352450017770142,1.0,0.8423370718955994,0.052453754506063224,0.0,0.4271641671657562,0.026600235352192372,0.0,0.34817445278167725,0.021681412205203945,0.0
b565f87ca2d8068b,ddos_wisenet-camera_80,wisenet-camera,1,1,detected,0.9987560510635376,0.00017452239990234375,0.05413581795004159,-0.6629648506641388,100,13.04869556427002,6.688197135925293,-6.360498428344727,114,119,7.187656402587891,0.44758752403812896,255.0,1.0603878498077393,0.06603214533803778,74.0,-0.7384688854217529,0.04598570681343549,222.0,0.9769893884658813,0.060838782059410276,0.0,0.3033045828342438,0.018887289494155357,1.2,0.9578050971031189,0.0596441437808758,0.7,0.42601102590560913,0.026528427295075225,0.0,0.853539764881134,0.05315136515063291,0.0,-0.4349442422389984,0.027084713789087247,66.0,1.501878261566162,0.09352450017770142,1.0,0.8423370718955994,0.052453754506063224,0.0,0.4271641671657562,0.026600235352192372,0.0,0.34817445278167725,0.021681412205203945,0.0
f281071899d558ef,ddos_wisenet-camera_80,wisenet-camera,1,1,detected,0.9987560510635376,0.00017452239990234375,0.05413581795004159,-0.6629648506641388,100,13.04869556427002,6.688197135925293,-6.360498428344727,114,119,7.187656402587891,0.44758752403812896,255.0,1.0603878498077393,0.06603214533803778,74.0,-0.7384688854217529,0.04598570681343549,222.0,0.9769893884658813,0.060838782059410276,0.0,0.3033045828342438,0.018887289494155357,1.2,0.9578050971031189,0.0596441437808758,0.7,0.42601102590560913,0.026528427295075225,0.0,0.853539764881134,0.05315136515063291,0.0,-0.4349442422389984,0.027084713789087247,66.0,1.501878261566162,0.09352450017770142,1.0,0.8423370718955994,0.052453754506063224,0.0,0.4271641671657562,0.026600235352192372,0.0,0.34817445278167725,0.021681412205203945,0.0
28faa62c0ea612da,ddos_wisenet-camera_80,wisenet-camera,1,0,missed,0.01376989297568798,0.00021123886108398438,0.1663697184641795,-0.9226068332791328,100,2.0890941619873047,-4.271404266357422,-6.360498428344727,114,119,1.0184504985809326,0.27076734019513604,254.0,0.4143518805503845,0.1101604415313316,74.0,0.22007663547992706,0.05851002607492856,148.0,-0.004862584173679352,0.0012927766101707041,0.0,0.16080419719219208,0.04275173395919744,0.4,0.2780919373035431,0.07393409330969974,0.0,0.05106508359313011,0.013576267948829875,0.0,0.26527366042137146,0.07052619990485931,0.0,-0.3327508866786957,0.08846583379271014,66.0,0.5762130618095398,0.15319318744431476,1.0,0.361209899187088,0.09603200527793639,0.0,-0.037104975432157516,0.00986480493629291,0.0,0.04109382629394531,0.0109252890145925,0.0
2ba388d02fcf29a2,dos_wisenet-camera_554,wisenet-camera,1,1,detected,0.9991610050201416,4.76837158203125e-06,0.09135604108476653,0.05765840318053961,104,13.446388244628906,7.082443714141846,-6.3639445304870605,118,119,13.286409378051758,0.8530984638832309,234.0,0.3607082962989807,0.02316048563059706,67.14,0.3298788070678711,0.021180974902227437,470.0,-0.6826620697975159,0.043832607179608386,3.02,-0.043300919234752655,0.002780280708866431,15.0,0.08697549998760223,0.005584553608401572,7.4,0.09499971568584442,0.006099775282765026,0.0,-0.10368388891220093,0.006657371743080246,0.0,0.07749384641647339,0.004975752248572551,66.0,-0.26313939690589905,0.016895747293351825,0.0,0.009250224567949772,0.0005939416846908879,0.0,0.04970339685678482,0.003191373252305982,0.0,0.18609218299388885,0.011948672582301735,0.0
324600409dbff071,dos_wisenet-camera_554,wisenet-camera,1,1,detected,0.9991610050201416,4.76837158203125e-06,0.09135604108476653,0.05765840318053961,104,13.446388244628906,7.082443714141846,-6.3639445304870605,118,119,13.286409378051758,0.8530984638832309,234.0,0.3607082962989807,0.02316048563059706,67.14,0.3298788070678711,0.021180974902227437,470.0,-0.6826620697975159,0.043832607179608386,3.02,-0.043300919234752655,0.002780280708866431,15.0,0.08697549998760223,0.005584553608401572,7.4,0.09499971568584442,0.006099775282765026,0.0,-0.10368388891220093,0.006657371743080246,0.0,0.07749384641647339,0.004975752248572551,66.0,-0.26313939690589905,0.016895747293351825,0.0,0.009250224567949772,0.0005939416846908879,0.0,0.04970339685678482,0.003191373252305982,0.0,0.18609218299388885,0.011948672582301735,0.0
685197bcec519b5d,dos_wisenet-camera_554,wisenet-camera,1,1,detected,0.9991610050201416,4.76837158203125e-06,0.09135604108476653,0.05765840318053961,104,13.446388244628906,7.082443714141846,-6.3639445304870605,118,119,13.286409378051758,0.8530984638832309,234.0,0.3607082962989807,0.02316048563059706,67.14,0.3298788070678711,0.021180974902227437,470.0,-0.6826620697975159,0.043832607179608386,3.02,-0.043300919234752655,0.002780280708866431,15.0,0.08697549998760223,0.005584553608401572,7.4,0.09499971568584442,0.006099775282765026,0.0,-0.10368388891220093,0.006657371743080246,0.0,0.07749384641647339,0.004975752248572551,66.0,-0.26313939690589905,0.016895747293351825,0.0,0.009250224567949772,0.0005939416846908879,0.0,0.04970339685678482,0.003191373252305982,0.0,0.18609218299388885,0.011948672582301735,0.0
cd8d0698e70a1e99,dos_wisenet-camera_554,wisenet-camera,1,1,detected,0.9991610050201416,4.76837158203125e-06,0.09135604108476653,0.05765840318053961,104,13.446388244628906,7.082443714141846,-6.3639445304870605,118,119,13.286409378051758,0.8530984638832309,234.0,0.3607082962989807,0.02316048563059706,67.14,0.3298788070678711,0.021180974902227437,470.0,-0.6826620697975159,0.043832607179608386,3.02,-0.043300919234752655,0.002780280708866431,15.0,0.08697549998760223,0.005584553608401572,7.4,0.09499971568584442,0.006099775282765026,0.0,-0.10368388891220093,0.006657371743080246,0.0,0.07749384641647339,0.004975752248572551,66.0,-0.26313939690589905,0.016895747293351825,0.0,0.009250224567949772,0.0005939416846908879,0.0,0.04970339685678482,0.003191373252305982,0.0,0.18609218299388885,0.011948672582301735,0.0
8e0e873a448203c9,dos_wisenet-camera_554,wisenet-camera,1,1,detected,0.9991610050201416,4.76837158203125e-06,0.09135604108476653,0.05765840318053961,104,13.446388244628906,7.082443714141846,-6.3639445304870605,118,119,13.286409378051758,0.8530984638832309,234.0,0.3607082962989807,0.02316048563059706,67.14,0.3298788070678711,0.021180974902227437,470.0,-0.6826620697975159,0.043832607179608386,3.02,-0.043300919234752655,0.002780280708866431,15.0,0.08697549998760223,0.005584553608401572,7.4,0.09499971568584442,0.006099775282765026,0.0,-0.10368388891220093,0.006657371743080246,0.0,0.07749384641647339,0.004975752248572551,66.0,-0.26313939690589905,0.016895747293351825,0.0,0.009250224567949772,0.0005939416846908879,0.0,0.04970339685678482,0.003191373252305982,0.0,0.18609218299388885,0.011948672582301735,0.0
ad10805b540bf40f,dos_wisenet-camera_554,wisenet-camera,1,1,detected,0.9991610050201416,4.76837158203125e-06,0.09135604108476653,0.05765840318053961,104,13.446388244628906,7.082443714141846,-6.3639445304870605,118,119,13.286409378051758,0.8530984638832309,234.0,0.3607082962989807,0.02316048563059706,67.14,0.3298788070678711,0.021180974902227437,470.0,-0.6826620697975159,0.043832607179608386,3.02,-0.043300919234752655,0.002780280708866431,15.0,0.08697549998760223,0.005584553608401572,7.4,0.09499971568584442,0.006099775282765026,0.0,-0.10368388891220093,0.006657371743080246,0.0,0.07749384641647339,0.004975752248572551,66.0,-0.26313939690589905,0.016895747293351825,0.0,0.009250224567949772,0.0005939416846908879,0.0,0.04970339685678482,0.003191373252305982,0.0,0.18609218299388885,0.011948672582301735,0.0
6cb50c4a8ab3448e,dos_wisenet-camera_554,wisenet-camera,1,1,detected,0.9991610050201416,4.76837158203125e-06,0.09135604108476653,0.05765840318053961,104,13.446388244628906,7.082443714141846,-6.3639445304870605,118,119,13.286409378051758,0.8530984638832309,234.0,0.3607082962989807,0.02316048563059706,67.14,0.3298788070678711,0.021180974902227437,470.0,-0.6826620697975159,0.043832607179608386,3.02,-0.043300919234752655,0.002780280708866431,15.0,0.08697549998760223,0.005584553608401572,7.4,0.09499971568584442,0.006099775282765026,0.0,-0.10368388891220093,0.006657371743080246,0.0,0.07749384641647339,0.004975752248572551,66.0,-0.26313939690589905,0.016895747293351825,0.0,0.009250224567949772,0.0005939416846908879,0.0,0.04970339685678482,0.003191373252305982,0.0,0.18609218299388885,0.011948672582301735,0.0
1406ead29b7beab6,dos_wisenet-camera_554,wisenet-camera,1,1,detected,0.9991610050201416,4.76837158203125e-06,0.09135604108476653,0.05765840318053961,104,13.446388244628906,7.082443714141846,-6.3639445304870605,118,119,13.286409378051758,0.8530984638832309,234.0,0.3607082962989807,0.02316048563059706,67.14,0.3298788070678711,0.021180974902227437,470.0,-0.6826620697975159,0.043832607179608386,3.02,-0.043300919234752655,0.002780280708866431,15.0,0.08697549998760223,0.005584553608401572,7.4,0.09499971568584442,0.006099775282765026,0.0,-0.10368388891220093,0.006657371743080246,0.0,0.07749384641647339,0.004975752248572551,66.0,-0.26313939690589905,0.016895747293351825,0.0,0.009250224567949772,0.0005939416846908879,0.0,0.04970339685678482,0.003191373252305982,0.0,0.18609218299388885,0.011948672582301735,0.0
7df6bceca52915e0,dos_wisenet-camera_554,wisenet-camera,1,1,detected,0.9991610050201416,4.76837158203125e-06,0.09135604108476653,0.05765840318053961,104,13.446388244628906,7.082443714141846,-6.3639445304870605,118,119,13.286409378051758,0.8530984638832309,234.0,0.3607082962989807,0.02316048563059706,67.14,0.3298788070678711,0.021180974902227437,470.0,-0.6826620697975159,0.043832607179608386,3.02,-0.043300919234752655,0.002780280708866431,15.0,0.08697549998760223,0.005584553608401572,7.4,0.09499971568584442,0.006099775282765026,0.0,-0.10368388891220093,0.006657371743080246,0.0,0.07749384641647339,0.004975752248572551,66.0,-0.26313939690589905,0.016895747293351825,0.0,0.009250224567949772,0.0005939416846908879,0.0,0.04970339685678482,0.003191373252305982,0.0,0.18609218299388885,0.011948672582301735,0.0
e60cecee21a58fb3,dos_wisenet-camera_554,wisenet-camera,1,1,detected,0.9991610050201416,4.76837158203125e-06,0.09135604108476653,0.05765840318053961,104,13.446388244628906,7.082443714141846,-6.3639445304870605,118,119,13.286409378051758,0.8530984638832309,234.0,0.3607082962989807,0.02316048563059706,67.14,0.3298788070678711,0.021180974902227437,470.0,-0.6826620697975159,0.043832607179608386,3.02,-0.043300919234752655,0.002780280708866431,15.0,0.08697549998760223,0.005584553608401572,7.4,0.09499971568584442,0.006099775282765026,0.0,-0.10368388891220093,0.006657371743080246,0.0,0.07749384641647339,0.004975752248572551,66.0,-0.26313939690589905,0.016895747293351825,0.0,0.009250224567949772,0.0005939416846908879,0.0,0.04970339685678482,0.003191373252305982,0.0,0.18609218299388885,0.011948672582301735,0.0
e2bdb04ae4eba2ed,dos_wisenet-camera_554,wisenet-camera,1,1,detected,0.9991610050201416,4.76837158203125e-06,0.09135604108476653,0.05765840318053961,104,13.446388244628906,7.082443714141846,-6.3639445304870605,118,119,13.286409378051758,0.8530984638832309,234.0,0.3607082962989807,0.02316048563059706,67.14,0.3298788070678711,0.021180974902227437,470.0,-0.6826620697975159,0.043832607179608386,3.02,-0.043300919234752655,0.002780280708866431,15.0,0.08697549998760223,0.005584553608401572,7.4,0.09499971568584442,0.006099775282765026,0.0,-0.10368388891220093,0.006657371743080246,0.0,0.07749384641647339,0.004975752248572551,66.0,-0.26313939690589905,0.016895747293351825,0.0,0.009250224567949772,0.0005939416846908879,0.0,0.04970339685678482,0.003191373252305982,0.0,0.18609218299388885,0.011948672582301735,0.0
11127d468513abb2,dos_wisenet-camera_554,wisenet-camera,1,1,detected,0.9991610050201416,4.76837158203125e-06,0.09135604108476653,0.05765840318053961,104,13.446388244628906,7.082443714141846,-6.3639445304870605,118,119,13.286409378051758,0.8530984638832309,234.0,0.3607082962989807,0.02316048563059706,67.14,0.3298788070678711,0.021180974902227437,470.0,-0.6826620697975159,0.043832607179608386,3.02,-0.043300919234752655,0.002780280708866431,15.0,0.08697549998760223,0.005584553608401572,7.4,0.09499971568584442,0.006099775282765026,0.0,-0.10368388891220093,0.006657371743080246,0.0,0.07749384641647339,0.004975752248572551,66.0,-0.26313939690589905,0.016895747293351825,0.0,0.009250224567949772,0.0005939416846908879,0.0,0.04970339685678482,0.003191373252305982,0.0,0.18609218299388885,0.011948672582301735,0.0
d96a2879809b13f7,dos_wisenet-camera_554,wisenet-camera,1,1,detected,0.9991610050201416,4.76837158203125e-06,0.09135604108476653,0.05765840318053961,104,13.446388244628906,7.082443714141846,-6.3639445304870605,118,119,13.286409378051758,0.8530984638832309,234.0,0.3607082962989807,0.02316048563059706,67.14,0.3298788070678711,0.021180974902227437,470.0,-0.6826620697975159,0.043832607179608386,3.02,-0.043300919234752655,0.002780280708866431,15.0,0.08697549998760223,0.005584553608401572,7.4,0.09499971568584442,0.006099775282765026,0.0,-0.10368388891220093,0.006657371743080246,0.0,0.07749384641647339,0.004975752248572551,66.0,-0.26313939690589905,0.016895747293351825,0.0,0.009250224567949772,0.0005939416846908879,0.0,0.04970339685678482,0.003191373252305982,0.0,0.18609218299388885,0.011948672582301735,0.0
c66f225cb1c87d47,dos_wisenet-camera_554,wisenet-camera,1,1,detected,0.9991610050201416,4.76837158203125e-06,0.09135604108476653,0.05765840318053961,104,13.446388244628906,7.082443714141846,-6.3639445304870605,118,119,13.286409378051758,0.8530984638832309,234.0,0.3607082962989807,0.02316048563059706,67.14,0.3298788070678711,0.021180974902227437,470.0,-0.6826620697975159,0.043832607179608386,3.02,-0.043300919234752655,0.002780280708866431,15.0,0.08697549998760223,0.005584553608401572,7.4,0.09499971568584442,0.006099775282765026,0.0,-0.10368388891220093,0.006657371743080246,0.0,0.07749384641647339,0.004975752248572551,66.0,-0.26313939690589905,0.016895747293351825,0.0,0.009250224567949772,0.0005939416846908879,0.0,0.04970339685678482,0.003191373252305982,0.0,0.18609218299388885,0.011948672582301735,0.0
59d0e49bedbc7d9b,dos_wisenet-camera_554,wisenet-camera,1,1,detected,0.9991610050201416,4.76837158203125e-06,0.09135604108476653,0.05765840318053961,104,13.446388244628906,7.082443714141846,-6.3639445304870605,118,119,13.286409378051758,0.8530984638832309,234.0,0.3607082962989807,0.02316048563059706,67.14,0.3298788070678711,0.021180974902227437,470.0,-0.6826620697975159,0.043832607179608386,3.02,-0.043300919234752655,0.002780280708866431,15.0,0.08697549998760223,0.005584553608401572,7.4,0.09499971568584442,0.006099775282765026,0.0,-0.10368388891220093,0.006657371743080246,0.0,0.07749384641647339,0.004975752248572551,66.0,-0.26313939690589905,0.016895747293351825,0.0,0.009250224567949772,0.0005939416846908879,0.0,0.04970339685678482,0.003191373252305982,0.0,0.18609218299388885,0.011948672582301735,0.0
a3f3049fba88350e,dos_wisenet-camera_554,wisenet-camera,1,1,detected,0.9991581439971924,2.3365020751953125e-05,0.0,1.0756775736808777e-06,105,13.941168308258057,7.07907247543335,-6.862095832824707,119,119,14.012605667114258,0.9166982078727943,234.0,-0.46063339710235596,0.03013442464887739,68.86,0.3179395794868469,0.020799460832001297,482.0,-0.18007372319698334,0.011780340021061285,5.01,-0.00834835134446621,0.0005461452993089644,15.0,-0.023349065333604813,0.0015274850984391005,7.4,2.7781352400779724e-06,1.8174432766523428e-07,0.0,0.0,0.0,0.0,0.2830003798007965,0.018513754483190006,66.0,0.0,0.0,0.0,0.0,0.0,0.0,0.0,0.0,0.0,0.0,0.0,0.0
711086fc7a37c857,dos_wisenet-camera_554,wisenet-camera,1,1,detected,0.9991610050201416,4.76837158203125e-06,0.09135604108476653,0.05765840318053961,104,13.446388244628906,7.082443714141846,-6.3639445304870605,118,119,13.286409378051758,0.8530984638832309,234.0,0.3607082962989807,0.02316048563059706,67.14,0.3298788070678711,0.021180974902227437,470.0,-0.6826620697975159,0.043832607179608386,3.02,-0.043300919234752655,0.002780280708866431,15.0,0.08697549998760223,0.005584553608401572,7.4,0.09499971568584442,0.006099775282765026,0.0,-0.10368388891220093,0.006657371743080246,0.0,0.07749384641647339,0.004975752248572551,66.0,-0.26313939690589905,0.016895747293351825,0.0,0.009250224567949772,0.0005939416846908879,0.0,0.04970339685678482,0.003191373252305982,0.0,0.18609218299388885,0.011948672582301735,0.0
09a263425e0cf8a6,dos_wisenet-camera_554,wisenet-camera,1,1,detected,0.9991610050201416,4.76837158203125e-06,0.09135604108476653,0.05765840318053961,104,13.446388244628906,7.082443714141846,-6.3639445304870605,118,119,13.286409378051758,0.8530984638832309,234.0,0.3607082962989807,0.02316048563059706,67.14,0.3298788070678711,0.021180974902227437,470.0,-0.6826620697975159,0.043832607179608386,3.02,-0.043300919234752655,0.002780280708866431,15.0,0.08697549998760223,0.005584553608401572,7.4,0.09499971568584442,0.006099775282765026,0.0,-0.10368388891220093,0.006657371743080246,0.0,0.07749384641647339,0.004975752248572551,66.0,-0.26313939690589905,0.016895747293351825,0.0,0.009250224567949772,0.0005939416846908879,0.0,0.04970339685678482,0.003191373252305982,0.0,0.18609218299388885,0.011948672582301735,0.0
2afe9c30e828cd6a,dos_wisenet-camera_554,wisenet-camera,1,1,detected,0.9991610050201416,4.76837158203125e-06,0.09135604108476653,0.05765840318053961,104,13.446388244628906,7.082443714141846,-6.3639445304870605,118,119,13.286409378051758,0.8530984638832309,234.0,0.3607082962989807,0.02316048563059706,67.14,0.3298788070678711,0.021180974902227437,470.0,-0.6826620697975159,0.043832607179608386,3.02,-0.043300919234752655,0.002780280708866431,15.0,0.08697549998760223,0.005584553608401572,7.4,0.09499971568584442,0.006099775282765026,0.0,-0.10368388891220093,0.006657371743080246,0.0,0.07749384641647339,0.004975752248572551,66.0,-0.26313939690589905,0.016895747293351825,0.0,0.009250224567949772,0.0005939416846908879,0.0,0.04970339685678482,0.003191373252305982,0.0,0.18609218299388885,0.011948672582301735,0.0
037c2453c8c5fb98,dos_wisenet-camera_554,wisenet-camera,1,1,detected,0.9991610050201416,4.76837158203125e-06,0.09135604108476653,0.05765840318053961,104,13.446388244628906,7.082443714141846,-6.3639445304870605,118,119,13.286409378051758,0.8530984638832309,234.0,0.3607082962989807,0.02316048563059706,67.14,0.3298788070678711,0.021180974902227437,470.0,-0.6826620697975159,0.043832607179608386,3.02,-0.043300919234752655,0.002780280708866431,15.0,0.08697549998760223,0.005584553608401572,7.4,0.09499971568584442,0.006099775282765026,0.0,-0.10368388891220093,0.006657371743080246,0.0,0.07749384641647339,0.004975752248572551,66.0,-0.26313939690589905,0.016895747293351825,0.0,0.009250224567949772,0.0005939416846908879,0.0,0.04970339685678482,0.003191373252305982,0.0,0.18609218299388885,0.011948672582301735,0.0
b722f519da3bb150,dos_wisenet-camera_554,wisenet-camera,1,1,detected,0.9991610050201416,4.76837158203125e-06,0.09135604108476653,0.05765840318053961,104,13.446388244628906,7.082443714141846,-6.3639445304870605,118,119,13.286409378051758,0.8530984638832309,234.0,0.3607082962989807,0.02316048563059706,67.14,0.3298788070678711,0.021180974902227437,470.0,-0.6826620697975159,0.043832607179608386,3.02,-0.043300919234752655,0.002780280708866431,15.0,0.08697549998760223,0.005584553608401572,7.4,0.09499971568584442,0.006099775282765026,0.0,-0.10368388891220093,0.006657371743080246,0.0,0.07749384641647339,0.004975752248572551,66.0,-0.26313939690589905,0.016895747293351825,0.0,0.009250224567949772,0.0005939416846908879,0.0,0.04970339685678482,0.003191373252305982,0.0,0.18609218299388885,0.011948672582301735,0.0
357aa85e5e4e7bf3,dos_wisenet-camera_554,wisenet-camera,1,1,detected,0.999160885810852,3.337860107421875e-06,0.09127600129773963,0.05796032026410103,104,13.446275234222412,7.082330703735352,-6.3639445304870605,118,119,13.2959566116333,0.8541562740281817,234.0,0.36006370186805725,0.023131142721338475,67.14,0.32762986421585083,0.021047534393585334,470.0,-0.6817946434020996,0.04379971966448619,3.02,-0.042405866086483,0.002724229450453875,15.0,0.07940543442964554,0.005101148566525249,7.5,0.09354465454816818,0.006009477611727965,0.0,-0.1028810441493988,0.00660926414740943,0.0,0.07687392830848694,0.004938520039726625,66.0,-0.26185300946235657,0.016821910407690287,0.0,0.009349953383207321,0.000600657897540815,0.0,0.04923682659864426,0.0031630626949905047,0.0,0.18519183993339539,0.011897058376343556,0.0
d429ef7449ef1b83,dos_wisenet-camera_554,wisenet-camera,1,1,detected,0.9991610050201416,4.76837158203125e-06,0.09135604108476653,0.05765840318053961,104,13.446388244628906,7.082443714141846,-6.3639445304870605,118,119,13.286409378051758,0.8530984638832309,234.0,0.3607082962989807,0.02316048563059706,67.14,0.3298788070678711,0.021180974902227437,470.0,-0.6826620697975159,0.043832607179608386,3.02,-0.043300919234752655,0.002780280708866431,15.0,0.08697549998760223,0.005584553608401572,7.4,0.09499971568584442,0.006099775282765026,0.0,-0.10368388891220093,0.006657371743080246,0.0,0.07749384641647339,0.004975752248572551,66.0,-0.26313939690589905,0.016895747293351825,0.0,0.009250224567949772,0.0005939416846908879,0.0,0.04970339685678482,0.003191373252305982,0.0,0.18609218299388885,0.011948672582301735,0.0
ca856fae961a5d10,dos_wisenet-camera_554,wisenet-camera,1,1,detected,0.9991610050201416,4.76837158203125e-06,0.09135604108476653,0.05765840318053961,104,13.446388244628906,7.082443714141846,-6.3639445304870605,118,119,13.286409378051758,0.8530984638832309,234.0,0.3607082962989807,0.02316048563059706,67.14,0.3298788070678711,0.021180974902227437,470.0,-0.6826620697975159,0.043832607179608386,3.02,-0.043300919234752655,0.002780280708866431,15.0,0.08697549998760223,0.005584553608401572,7.4,0.09499971568584442,0.006099775282765026,0.0,-0.10368388891220093,0.006657371743080246,0.0,0.07749384641647339,0.004975752248572551,66.0,-0.26313939690589905,0.016895747293351825,0.0,0.009250224567949772,0.0005939416846908879,0.0,0.04970339685678482,0.003191373252305982,0.0,0.18609218299388885,0.011948672582301735,0.0
b2558c7fe4caac6e,dos_wisenet-camera_554,wisenet-camera,1,1,detected,0.9991610050201416,4.76837158203125e-06,0.09135604108476653,0.05765840318053961,104,13.446388244628906,7.082443714141846,-6.3639445304870605,118,119,13.286409378051758,0.8530984638832309,234.0,0.3607082962989807,0.02316048563059706,67.14,0.3298788070678711,0.021180974902227437,470.0,-0.6826620697975159,0.043832607179608386,3.02,-0.043300919234752655,0.002780280708866431,15.0,0.08697549998760223,0.005584553608401572,7.4,0.09499971568584442,0.006099775282765026,0.0,-0.10368388891220093,0.006657371743080246,0.0,0.07749384641647339,0.004975752248572551,66.0,-0.26313939690589905,0.016895747293351825,0.0,0.009250224567949772,0.0005939416846908879,0.0,0.04970339685678482,0.003191373252305982,0.0,0.18609218299388885,0.011948672582301735,0.0
640bacc03a61cd30,dos_wisenet-camera_554,wisenet-camera,1,1,detected,0.9991610050201416,4.76837158203125e-06,0.09135604108476653,0.05765840318053961,104,13.446388244628906,7.082443714141846,-6.3639445304870605,118,119,13.286409378051758,0.8530984638832309,234.0,0.3607082962989807,0.02316048563059706,67.14,0.3298788070678711,0.021180974902227437,470.0,-0.6826620697975159,0.043832607179608386,3.02,-0.043300919234752655,0.002780280708866431,15.0,0.08697549998760223,0.005584553608401572,7.4,0.09499971568584442,0.006099775282765026,0.0,-0.10368388891220093,0.006657371743080246,0.0,0.07749384641647339,0.004975752248572551,66.0,-0.26313939690589905,0.016895747293351825,0.0,0.009250224567949772,0.0005939416846908879,0.0,0.04970339685678482,0.003191373252305982,0.0,0.18609218299388885,0.011948672582301735,0.0
f76a71f6ca39b9f1,dos_wisenet-camera_554,wisenet-camera,1,1,detected,0.9991610050201416,4.76837158203125e-06,0.09135604108476653,0.05765840318053961,104,13.446388244628906,7.082443714141846,-6.3639445304870605,118,119,13.286409378051758,0.8530984638832309,234.0,0.3607082962989807,0.02316048563059706,67.14,0.3298788070678711,0.021180974902227437,470.0,-0.6826620697975159,0.043832607179608386,3.02,-0.043300919234752655,0.002780280708866431,15.0,0.08697549998760223,0.005584553608401572,7.4,0.09499971568584442,0.006099775282765026,0.0,-0.10368388891220093,0.006657371743080246,0.0,0.07749384641647339,0.004975752248572551,66.0,-0.26313939690589905,0.016895747293351825,0.0,0.009250224567949772,0.0005939416846908879,0.0,0.04970339685678482,0.003191373252305982,0.0,0.18609218299388885,0.011948672582301735,0.0
84be8c35d918c1be,dos_wisenet-camera_554,wisenet-camera,1,1,detected,0.9991610050201416,4.76837158203125e-06,0.09135604108476653,0.05765840318053961,104,13.446388244628906,7.082443714141846,-6.3639445304870605,118,119,13.286409378051758,0.8530984638832309,234.0,0.3607082962989807,0.02316048563059706,67.14,0.3298788070678711,0.021180974902227437,470.0,-0.6826620697975159,0.043832607179608386,3.02,-0.043300919234752655,0.002780280708866431,15.0,0.08697549998760223,0.005584553608401572,7.4,0.09499971568584442,0.006099775282765026,0.0,-0.10368388891220093,0.006657371743080246,0.0,0.07749384641647339,0.004975752248572551,66.0,-0.26313939690589905,0.016895747293351825,0.0,0.009250224567949772,0.0005939416846908879,0.0,0.04970339685678482,0.003191373252305982,0.0,0.18609218299388885,0.011948672582301735,0.0
f63a7830a3912515,dos_wisenet-camera_554,wisenet-camera,1,1,detected,0.9991610050201416,4.76837158203125e-06,0.09135604108476653,0.05765840318053961,104,13.446388244628906,7.082443714141846,-6.3639445304870605,118,119,13.286409378051758,0.8530984638832309,234.0,0.3607082962989807,0.02316048563059706,67.14,0.3298788070678711,0.021180974902227437,470.0,-0.6826620697975159,0.043832607179608386,3.02,-0.043300919234752655,0.002780280708866431,15.0,0.08697549998760223,0.005584553608401572,7.4,0.09499971568584442,0.006099775282765026,0.0,-0.10368388891220093,0.006657371743080246,0.0,0.07749384641647339,0.004975752248572551,66.0,-0.26313939690589905,0.016895747293351825,0.0,0.009250224567949772,0.0005939416846908879,0.0,0.04970339685678482,0.003191373252305982,0.0,0.18609218299388885,0.011948672582301735,0.0
d1979ac6b423760e,dos_wisenet-camera_554,wisenet-camera,1,1,detected,0.9991610050201416,4.76837158203125e-06,0.09135604108476653,0.05765840318053961,104,13.446388244628906,7.082443714141846,-6.3639445304870605,118,119,13.286409378051758,0.8530984638832309,234.0,0.3607082962989807,0.02316048563059706,67.14,0.3298788070678711,0.021180974902227437,470.0,-0.6826620697975159,0.043832607179608386,3.02,-0.043300919234752655,0.002780280708866431,15.0,0.08697549998760223,0.005584553608401572,7.4,0.09499971568584442,0.006099775282765026,0.0,-0.10368388891220093,0.006657371743080246,0.0,0.07749384641647339,0.004975752248572551,66.0,-0.26313939690589905,0.016895747293351825,0.0,0.009250224567949772,0.0005939416846908879,0.0,0.04970339685678482,0.003191373252305982,0.0,0.18609218299388885,0.011948672582301735,0.0
06a429d74b5b520b,dos_wisenet-camera_554,wisenet-camera,1,1,detected,0.9991590976715088,5.245208740234375e-06,0.09591031616156906,0.17088740039616823,104,13.444143772125244,7.080199241638184,-6.3639445304870605,118,119,13.308683395385742,0.9013163528090407,234.0,0.08738797903060913,0.00591825744134314,67.6,0.3387669324874878,0.02294262828040467,338.0,-0.4449589252471924,0.030134367445594036,3.58,-0.019299093633890152,0.001307010481040441,15.0,0.0464293509721756,0.0031443781505870946,14.5,0.07319993525743484,0.004957387347193468,0.0,-0.06049993634223938,0.004097293499977037,0.0,0.028678281232714653,0.001942205932591662,66.0,-0.22153112292289734,0.015002958430567566,0.0,0.0060243383049964905,0.00040799187025741514,0.0,0.009493709541857243,0.0006429513276919565,0.0,0.12087628245353699,0.008186216983710854,0.0
1fb8dfe9cbce7ae7,dos_wisenet-camera_554,wisenet-camera,1,1,detected,0.9991610050201416,4.76837158203125e-06,0.09135604108476653,0.05765840318053961,104,13.446388244628906,7.082443714141846,-6.3639445304870605,118,119,13.286409378051758,0.8530984638832309,234.0,0.3607082962989807,0.02316048563059706,67.14,0.3298788070678711,0.021180974902227437,470.0,-0.6826620697975159,0.043832607179608386,3.02,-0.043300919234752655,0.002780280708866431,15.0,0.08697549998760223,0.005584553608401572,7.4,0.09499971568584442,0.006099775282765026,0.0,-0.10368388891220093,0.006657371743080246,0.0,0.07749384641647339,0.004975752248572551,66.0,-0.26313939690589905,0.016895747293351825,0.0,0.009250224567949772,0.0005939416846908879,0.0,0.04970339685678482,0.003191373252305982,0.0,0.18609218299388885,0.011948672582301735,0.0
cf9f8096a7d4f25c,dos_wisenet-camera_554,wisenet-camera,1,1,detected,0.999160885810852,3.337860107421875e-06,0.09127600129773963,0.05796032026410103,104,13.446275234222412,7.082330703735352,-6.3639445304870605,118,119,13.2959566116333,0.8541562740281817,234.0,0.36006370186805725,0.023131142721338475,67.14,0.32762986421585083,0.021047534393585334,470.0,-0.6817946434020996,0.04379971966448619,3.02,-0.042405866086483,0.002724229450453875,15.0,0.07940543442964554,0.005101148566525249,7.5,0.09354465454816818,0.006009477611727965,0.0,-0.1028810441493988,0.00660926414740943,0.0,0.07687392830848694,0.004938520039726625,66.0,-0.26185300946235657,0.016821910407690287,0.0,0.009349953383207321,0.000600657897540815,0.0,0.04923682659864426,0.0031630626949905047,0.0,0.18519183993339539,0.011897058376343556,0.0
ecfd3a8b0cd3d133,dos_wisenet-camera_554,wisenet-camera,1,1,detected,0.9991610050201416,4.76837158203125e-06,0.09135604108476653,0.05765840318053961,104,13.446388244628906,7.082443714141846,-6.3639445304870605,118,119,13.286409378051758,0.8530984638832309,234.0,0.3607082962989807,0.02316048563059706,67.14,0.3298788070678711,0.021180974902227437,470.0,-0.6826620697975159,0.043832607179608386,3.02,-0.043300919234752655,0.002780280708866431,15.0,0.08697549998760223,0.005584553608401572,7.4,0.09499971568584442,0.006099775282765026,0.0,-0.10368388891220093,0.006657371743080246,0.0,0.07749384641647339,0.004975752248572551,66.0,-0.26313939690589905,0.016895747293351825,0.0,0.009250224567949772,0.0005939416846908879,0.0,0.04970339685678482,0.003191373252305982,0.0,0.18609218299388885,0.011948672582301735,0.0
9fe7c958d6dc9f7d,dos_wisenet-camera_554,wisenet-camera,1,1,detected,0.9991583824157715,5.6743621826171875e-05,0.0,1.387670636177063e-07,105,13.941396236419678,7.079300403594971,-6.862095832824707,119,119,14.015409469604492,0.9166070197209633,234.0,-0.4596039056777954,0.030058070522239758,68.86,0.3174203634262085,0.02075927456488736,482.0,-0.17953716218471527,0.011741720676530119,5.01,-0.00846777018159628,0.0005537917109498503,15.0,-0.026935622096061707,0.0017615882252563233,7.3,-5.213730037212372e-05,3.409776618658975e-06,0.0,0.0,0.0,0.0,0.28310611844062805,0.018515124802554697,66.0,0.0,0.0,0.0,0.0,0.0,0.0,0.0,0.0,0.0,0.0,0.0,0.0
d74aac8f9fa7f327,dos_wisenet-camera_554,wisenet-camera,1,1,detected,0.9991583824157715,5.6743621826171875e-05,0.0,1.387670636177063e-07,105,13.941396236419678,7.079300403594971,-6.862095832824707,119,119,14.015409469604492,0.9166070197209633,234.0,-0.4596039056777954,0.030058070522239758,68.86,0.3174203634262085,0.02075927456488736,482.0,-0.17953716218471527,0.011741720676530119,5.01,-0.00846777018159628,0.0005537917109498503,15.0,-0.026935622096061707,0.0017615882252563233,7.3,-5.213730037212372e-05,3.409776618658975e-06,0.0,0.0,0.0,0.0,0.28310611844062805,0.018515124802554697,66.0,0.0,0.0,0.0,0.0,0.0,0.0,0.0,0.0,0.0,0.0,0.0,0.0
184eae12331a8b7d,dos_wisenet-camera_554,wisenet-camera,1,1,detected,0.9991610050201416,4.76837158203125e-06,0.09135604108476653,0.05765840318053961,104,13.446388244628906,7.082443714141846,-6.3639445304870605,118,119,13.286409378051758,0.8530984638832309,234.0,0.3607082962989807,0.02316048563059706,67.14,0.3298788070678711,0.021180974902227437,470.0,-0.6826620697975159,0.043832607179608386,3.02,-0.043300919234752655,0.002780280708866431,15.0,0.08697549998760223,0.005584553608401572,7.4,0.09499971568584442,0.006099775282765026,0.0,-0.10368388891220093,0.006657371743080246,0.0,0.07749384641647339,0.004975752248572551,66.0,-0.26313939690589905,0.016895747293351825,0.0,0.009250224567949772,0.0005939416846908879,0.0,0.04970339685678482,0.003191373252305982,0.0,0.18609218299388885,0.011948672582301735,0.0
b036bc26c677cd14,dos_wisenet-camera_554,wisenet-camera,1,1,detected,0.9991610050201416,4.76837158203125e-06,0.09135604108476653,0.05765840318053961,104,13.446388244628906,7.082443714141846,-6.3639445304870605,118,119,13.286409378051758,0.8530984638832309,234.0,0.3607082962989807,0.02316048563059706,67.14,0.3298788070678711,0.021180974902227437,470.0,-0.6826620697975159,0.043832607179608386,3.02,-0.043300919234752655,0.002780280708866431,15.0,0.08697549998760223,0.005584553608401572,7.4,0.09499971568584442,0.006099775282765026,0.0,-0.10368388891220093,0.006657371743080246,0.0,0.07749384641647339,0.004975752248572551,66.0,-0.26313939690589905,0.016895747293351825,0.0,0.009250224567949772,0.0005939416846908879,0.0,0.04970339685678482,0.003191373252305982,0.0,0.18609218299388885,0.011948672582301735,0.0
c059293f4df6b774,dos_wisenet-camera_554,wisenet-camera,1,1,detected,0.9991573095321655,1.430511474609375e-06,0.12501427902822912,-2.9156769290566444,102,13.44058084487915,7.078070163726807,-6.362510681152344,116,119,10.492094039916992,0.6055394668210348,234.0,0.03986451029777527,0.0023007356032988305,70.0,-0.19045381247997284,0.010991828668747664,350.0,1.4075982570648193,0.08123795829874127,5.66,0.532649040222168,0.030741243320138906,15.0,0.2210007905960083,0.012754813328531008,7.1,0.24635738134384155,0.014218240589421591,0.0,0.45580244064331055,0.026306127817079708,0.0,-0.2948451042175293,0.01701665525713184,66.0,2.642855167388916,0.15252942862095828,0.0,0.5491636991500854,0.03169436838019808,0.0,0.16953402757644653,0.009784466692358794,0.0,0.0846359059214592,0.004884666602359306,0.0
88d7a2bdead37a8f,dos_wisenet-camera_554,wisenet-camera,1,1,detected,0.9991610050201416,4.76837158203125e-06,0.09135604108476653,0.05765840318053961,104,13.446388244628906,7.082443714141846,-6.3639445304870605,118,119,13.286409378051758,0.8530984638832309,234.0,0.3607082962989807,0.02316048563059706,67.14,0.3298788070678711,0.021180974902227437,470.0,-0.6826620697975159,0.043832607179608386,3.02,-0.043300919234752655,0.002780280708866431,15.0,0.08697549998760223,0.005584553608401572,7.4,0.09499971568584442,0.006099775282765026,0.0,-0.10368388891220093,0.006657371743080246,0.0,0.07749384641647339,0.004975752248572551,66.0,-0.26313939690589905,0.016895747293351825,0.0,0.009250224567949772,0.0005939416846908879,0.0,0.04970339685678482,0.003191373252305982,0.0,0.18609218299388885,0.011948672582301735,0.0
5c318988490d1158,dos_wisenet-camera_554,wisenet-camera,1,1,detected,0.9991607666015625,1.71661376953125e-05,0.09135676302897815,0.06023671943694353,104,13.446063041687012,7.082118511199951,-6.3639445304870605,118,119,13.291923522949219,0.8535080537243942,234.0,0.36075934767723083,0.023165270862960538,67.14,0.3240302801132202,0.020806804466615005,470.0,-0.6838976144790649,0.04391479689700084,3.02,-0.04338781535625458,0.002786041446607239,15.0,0.09338361024856567,0.005996397985242544,7.6,0.09288522601127625,0.005964395471863546,0.0,-0.10167871415615082,0.006529047603590162,0.0,0.074788898229599,0.004802384459850815,66.0,-0.2647733986377716,0.017001770116954123,0.0,0.00982853677123785,0.0006311152239248336,0.0,0.04859066382050514,0.0031201295158681244,0.0,0.1833566129207611,0.011773792225128032,0.0
f190dd339fd564d9,dos_wisenet-camera_554,wisenet-camera,1,1,detected,0.9991610050201416,4.76837158203125e-06,0.09135604108476653,0.05765840318053961,104,13.446388244628906,7.082443714141846,-6.3639445304870605,118,119,13.286409378051758,0.8530984638832309,234.0,0.3607082962989807,0.02316048563059706,67.14,0.3298788070678711,0.021180974902227437,470.0,-0.6826620697975159,0.043832607179608386,3.02,-0.043300919234752655,0.002780280708866431,15.0,0.08697549998760223,0.005584553608401572,7.4,0.09499971568584442,0.006099775282765026,0.0,-0.10368388891220093,0.006657371743080246,0.0,0.07749384641647339,0.004975752248572551,66.0,-0.26313939690589905,0.016895747293351825,0.0,0.009250224567949772,0.0005939416846908879,0.0,0.04970339685678482,0.003191373252305982,0.0,0.18609218299388885,0.011948672582301735,0.0
51a59e6c00df52e5,dos_wisenet-camera_554,wisenet-camera,1,1,detected,0.9991610050201416,4.76837158203125e-06,0.09135604108476653,0.05765840318053961,104,13.446388244628906,7.082443714141846,-6.3639445304870605,118,119,13.286409378051758,0.8530984638832309,234.0,0.3607082962989807,0.02316048563059706,67.14,0.3298788070678711,0.021180974902227437,470.0,-0.6826620697975159,0.043832607179608386,3.02,-0.043300919234752655,0.002780280708866431,15.0,0.08697549998760223,0.005584553608401572,7.4,0.09499971568584442,0.006099775282765026,0.0,-0.10368388891220093,0.006657371743080246,0.0,0.07749384641647339,0.004975752248572551,66.0,-0.26313939690589905,0.016895747293351825,0.0,0.009250224567949772,0.0005939416846908879,0.0,0.04970339685678482,0.003191373252305982,0.0,0.18609218299388885,0.011948672582301735,0.0
816eec0c5f4ce1a2,dos_wisenet-camera_554,wisenet-camera,1,1,detected,0.9991610050201416,4.76837158203125e-06,0.09135604108476653,0.05765840318053961,104,13.446388244628906,7.082443714141846,-6.3639445304870605,118,119,13.286409378051758,0.8530984638832309,234.0,0.3607082962989807,0.02316048563059706,67.14,0.3298788070678711,0.021180974902227437,470.0,-0.6826620697975159,0.043832607179608386,3.02,-0.043300919234752655,0.002780280708866431,15.0,0.08697549998760223,0.005584553608401572,7.4,0.09499971568584442,0.006099775282765026,0.0,-0.10368388891220093,0.006657371743080246,0.0,0.07749384641647339,0.004975752248572551,66.0,-0.26313939690589905,0.016895747293351825,0.0,0.009250224567949772,0.0005939416846908879,0.0,0.04970339685678482,0.003191373252305982,0.0,0.18609218299388885,0.011948672582301735,0.0
e09e1de2e2496f48,dos_wisenet-camera_554,wisenet-camera,1,1,detected,0.9991610050201416,4.76837158203125e-06,0.09135604108476653,0.05765840318053961,104,13.446388244628906,7.082443714141846,-6.3639445304870605,118,119,13.286409378051758,0.8530984638832309,234.0,0.3607082962989807,0.02316048563059706,67.14,0.3298788070678711,0.021180974902227437,470.0,-0.6826620697975159,0.043832607179608386,3.02,-0.043300919234752655,0.002780280708866431,15.0,0.08697549998760223,0.005584553608401572,7.4,0.09499971568584442,0.006099775282765026,0.0,-0.10368388891220093,0.006657371743080246,0.0,0.07749384641647339,0.004975752248572551,66.0,-0.26313939690589905,0.016895747293351825,0.0,0.009250224567949772,0.0005939416846908879,0.0,0.04970339685678482,0.003191373252305982,0.0,0.18609218299388885,0.011948672582301735,0.0
9aefbc2fde114735,dos_wisenet-camera_554,wisenet-camera,1,1,detected,0.9991610050201416,4.76837158203125e-06,0.09135604108476653,0.05765840318053961,104,13.446388244628906,7.082443714141846,-6.3639445304870605,118,119,13.286409378051758,0.8530984638832309,234.0,0.3607082962989807,0.02316048563059706,67.14,0.3298788070678711,0.021180974902227437,470.0,-0.6826620697975159,0.043832607179608386,3.02,-0.043300919234752655,0.002780280708866431,15.0,0.08697549998760223,0.005584553608401572,7.4,0.09499971568584442,0.006099775282765026,0.0,-0.10368388891220093,0.006657371743080246,0.0,0.07749384641647339,0.004975752248572551,66.0,-0.26313939690589905,0.016895747293351825,0.0,0.009250224567949772,0.0005939416846908879,0.0,0.04970339685678482,0.003191373252305982,0.0,0.18609218299388885,0.011948672582301735,0.0
867b9d8bc0b0e5ca,dos_wisenet-camera_554,wisenet-camera,1,1,detected,0.9991610050201416,4.76837158203125e-06,0.09135604108476653,0.05765840318053961,104,13.446388244628906,7.082443714141846,-6.3639445304870605,118,119,13.286409378051758,0.8530984638832309,234.0,0.3607082962989807,0.02316048563059706,67.14,0.3298788070678711,0.021180974902227437,470.0,-0.6826620697975159,0.043832607179608386,3.02,-0.043300919234752655,0.002780280708866431,15.0,0.08697549998760223,0.005584553608401572,7.4,0.09499971568584442,0.006099775282765026,0.0,-0.10368388891220093,0.006657371743080246,0.0,0.07749384641647339,0.004975752248572551,66.0,-0.26313939690589905,0.016895747293351825,0.0,0.009250224567949772,0.0005939416846908879,0.0,0.04970339685678482,0.003191373252305982,0.0,0.18609218299388885,0.011948672582301735,0.0
5752717d4a3761bb,dos_wisenet-camera_554,wisenet-camera,1,1,detected,0.9991610050201416,4.76837158203125e-06,0.09135604108476653,0.05765840318053961,104,13.446388244628906,7.082443714141846,-6.3639445304870605,118,119,13.286409378051758,0.8530984638832309,234.0,0.3607082962989807,0.02316048563059706,67.14,0.3298788070678711,0.021180974902227437,470.0,-0.6826620697975159,0.043832607179608386,3.02,-0.043300919234752655,0.002780280708866431,15.0,0.08697549998760223,0.005584553608401572,7.4,0.09499971568584442,0.006099775282765026,0.0,-0.10368388891220093,0.006657371743080246,0.0,0.07749384641647339,0.004975752248572551,66.0,-0.26313939690589905,0.016895747293351825,0.0,0.009250224567949772,0.0005939416846908879,0.0,0.04970339685678482,0.003191373252305982,0.0,0.18609218299388885,0.011948672582301735,0.0
bf229e1a1bcb4ba0,dos_wisenet-camera_554,wisenet-camera,1,1,detected,0.9991592168807983,3.337860107421875e-06,0.07711362550381455,-0.17400211468338966,104,13.444255352020264,7.080310821533203,-6.3639445304870605,118,119,14.764266967773438,0.8550077458880583,234.0,-0.0508866012096405,0.00294687425329865,67.33,-0.24243706464767456,0.014039678950304562,404.0,-0.9874993562698364,0.05718669274357555,3.27,-0.08099931478500366,0.004690719945932232,15.0,0.21317043900489807,0.012344830728228985,7.8,0.09324569255113602,0.005399915185490645,0.0,-0.15642565488815308,0.00905870551358317,0.0,0.06519745290279388,0.0037756244428345845,66.0,-0.2860812246799469,0.01656713899771648,0.0,-0.020539749413728714,0.001189469472861082,0.0,0.06940716505050659,0.004019411452518833,0.0,0.2378353774547577,0.013773192425596919,0.0
69653aa35a48deac,dos_wisenet-camera_554,wisenet-camera,1,1,detected,0.999157190322876,4.76837158203125e-06,0.11886081541996704,-3.1049717739224434,102,13.440413475036621,7.077902793884277,-6.362510681152344,116,119,11.222085952758789,0.5838012890103937,234.0,0.09963132441043854,0.005183073437637298,68.0,-1.0237520933151245,0.05325817269805624,272.0,1.2188533544540405,0.06340783366304394,4.0,0.5731683969497681,0.029817669403702524,15.0,0.2580302357673645,0.013423385356232359,2.5,0.28174281120300293,0.014656973493353934,0.0,0.5188623070716858,0.026992529282213365,0.0,-0.3147734999656677,0.016375313448841827,66.0,2.854053258895874,0.14847506768900792,0.0,0.5811583399772644,0.03023332644448871,0.0,0.18807625770568848,0.009784202521977599,0.0,0.08825337141752243,0.004591163551050559,0.0
a6aa8dac2c551a6f,dos_wisenet-camera_554,wisenet-camera,1,1,detected,0.9991610050201416,4.76837158203125e-06,0.09135604108476653,0.05765840318053961,104,13.446388244628906,7.082443714141846,-6.3639445304870605,118,119,13.286409378051758,0.8530984638832309,234.0,0.3607082962989807,0.02316048563059706,67.14,0.3298788070678711,0.021180974902227437,470.0,-0.6826620697975159,0.043832607179608386,3.02,-0.043300919234752655,0.002780280708866431,15.0,0.08697549998760223,0.005584553608401572,7.4,0.09499971568584442,0.006099775282765026,0.0,-0.10368388891220093,0.006657371743080246,0.0,0.07749384641647339,0.004975752248572551,66.0,-0.26313939690589905,0.016895747293351825,0.0,0.009250224567949772,0.0005939416846908879,0.0,0.04970339685678482,0.003191373252305982,0.0,0.18609218299388885,0.011948672582301735,0.0
47aba753fef0a1fd,dos_wisenet-camera_554,wisenet-camera,1,1,detected,0.9991610050201416,4.76837158203125e-06,0.09135604108476653,0.05765840318053961,104,13.446388244628906,7.082443714141846,-6.3639445304870605,118,119,13.286409378051758,0.8530984638832309,234.0,0.3607082962989807,0.02316048563059706,67.14,0.3298788070678711,0.021180974902227437,470.0,-0.6826620697975159,0.043832607179608386,3.02,-0.043300919234752655,0.002780280708866431,15.0,0.08697549998760223,0.005584553608401572,7.4,0.09499971568584442,0.006099775282765026,0.0,-0.10368388891220093,0.006657371743080246,0.0,0.07749384641647339,0.004975752248572551,66.0,-0.26313939690589905,0.016895747293351825,0.0,0.009250224567949772,0.0005939416846908879,0.0,0.04970339685678482,0.003191373252305982,0.0,0.18609218299388885,0.011948672582301735,0.0
ce637bb51d5fb83b,dos_wisenet-camera_554,wisenet-camera,1,1,detected,0.999160885810852,4.76837158203125e-06,0.09108422515527108,0.057149010710418224,104,13.446272850036621,7.0823283195495605,-6.3639445304870605,118,119,13.309097290039062,0.8544315049517142,234.0,0.3637973964214325,0.023355450046527355,67.14,0.3234082758426666,0.020762506563754914,470.0,-0.6847692728042603,0.04396154206076269,3.02,-0.044079288840293884,0.0028298488079429363,15.0,0.07431554794311523,0.00477098815092972,7.7,0.09297512471675873,0.005968915397009643,0.0,-0.1036468893289566,0.006654032629183991,0.0,0.07479455322027206,0.004801739838359884,66.0,-0.261221319437027,0.0167701625608446,0.0,0.009281796403229237,0.0005958825829158311,0.0,0.0496709868311882,0.0031888305499406526,0.0,0.18549486994743347,0.011908595860113582,0.0
90bf740111233327,dos_wisenet-camera_554,wisenet-camera,1,1,detected,0.9991583824157715,5.6743621826171875e-05,0.0,1.387670636177063e-07,105,13.941396236419678,7.079300403594971,-6.862095832824707,119,119,14.015409469604492,0.9166070197209633,234.0,-0.4596039056777954,0.030058070522239758,68.86,0.3174203634262085,0.02075927456488736,482.0,-0.17953716218471527,0.011741720676530119,5.01,-0.00846777018159628,0.0005537917109498503,15.0,-0.026935622096061707,0.0017615882252563233,7.3,-5.213730037212372e-05,3.409776618658975e-06,0.0,0.0,0.0,0.0,0.28310611844062805,0.018515124802554697,66.0,0.0,0.0,0.0,0.0,0.0,0.0,0.0,0.0,0.0,0.0,0.0,0.0
7fea6f0ba068b74d,dos_wisenet-camera_554,wisenet-camera,1,1,detected,0.9991583824157715,5.6743621826171875e-05,0.0,1.387670636177063e-07,105,13.941396236419678,7.079300403594971,-6.862095832824707,119,119,14.015409469604492,0.9166070197209633,234.0,-0.4596039056777954,0.030058070522239758,68.86,0.3174203634262085,0.02075927456488736,482.0,-0.17953716218471527,0.011741720676530119,5.01,-0.00846777018159628,0.0005537917109498503,15.0,-0.026935622096061707,0.0017615882252563233,7.3,-5.213730037212372e-05,3.409776618658975e-06,0.0,0.0,0.0,0.0,0.28310611844062805,0.018515124802554697,66.0,0.0,0.0,0.0,0.0,0.0,0.0,0.0,0.0,0.0,0.0,0.0,0.0
063540b6cf549617,dos_wisenet-camera_554,wisenet-camera,1,1,detected,0.999160885810852,4.76837158203125e-06,0.09108422515527108,0.057149010710418224,104,13.446272850036621,7.0823283195495605,-6.3639445304870605,118,119,13.309097290039062,0.8544315049517142,234.0,0.3637973964214325,0.023355450046527355,67.14,0.3234082758426666,0.020762506563754914,470.0,-0.6847692728042603,0.04396154206076269,3.02,-0.044079288840293884,0.0028298488079429363,15.0,0.07431554794311523,0.00477098815092972,7.7,0.09297512471675873,0.005968915397009643,0.0,-0.1036468893289566,0.006654032629183991,0.0,0.07479455322027206,0.004801739838359884,66.0,-0.261221319437027,0.0167701625608446,0.0,0.009281796403229237,0.0005958825829158311,0.0,0.0496709868311882,0.0031888305499406526,0.0,0.18549486994743347,0.011908595860113582,0.0
4d2090df8e71fb48,dos_wisenet-camera_554,wisenet-camera,1,1,detected,0.9991581439971924,2.3365020751953125e-05,0.0,1.0756775736808777e-06,105,13.941168308258057,7.07907247543335,-6.862095832824707,119,119,14.012605667114258,0.9166982078727943,234.0,-0.46063339710235596,0.03013442464887739,68.86,0.3179395794868469,0.020799460832001297,482.0,-0.18007372319698334,0.011780340021061285,5.01,-0.00834835134446621,0.0005461452993089644,15.0,-0.023349065333604813,0.0015274850984391005,7.4,2.7781352400779724e-06,1.8174432766523428e-07,0.0,0.0,0.0,0.0,0.2830003798007965,0.018513754483190006,66.0,0.0,0.0,0.0,0.0,0.0,0.0,0.0,0.0,0.0,0.0,0.0,0.0
27f126591815750c,dos_wisenet-camera_554,wisenet-camera,1,1,detected,0.999157190322876,4.76837158203125e-06,0.11886081541996704,-3.1049717739224434,102,13.440413475036621,7.077902793884277,-6.362510681152344,116,119,11.222085952758789,0.5838012890103937,234.0,0.09963132441043854,0.005183073437637298,68.0,-1.0237520933151245,0.05325817269805624,272.0,1.2188533544540405,0.06340783366304394,4.0,0.5731683969497681,0.029817669403702524,15.0,0.2580302357673645,0.013423385356232359,2.5,0.28174281120300293,0.014656973493353934,0.0,0.5188623070716858,0.026992529282213365,0.0,-0.3147734999656677,0.016375313448841827,66.0,2.854053258895874,0.14847506768900792,0.0,0.5811583399772644,0.03023332644448871,0.0,0.18807625770568848,0.009784202521977599,0.0,0.08825337141752243,0.004591163551050559,0.0
9ade4e5976c3cbdc,dos_wisenet-camera_554,wisenet-camera,1,1,detected,0.999160885810852,4.76837158203125e-06,0.09108422515527108,0.057149010710418224,104,13.446272850036621,7.0823283195495605,-6.3639445304870605,118,119,13.309097290039062,0.8544315049517142,234.0,0.3637973964214325,0.023355450046527355,67.14,0.3234082758426666,0.020762506563754914,470.0,-0.6847692728042603,0.04396154206076269,3.02,-0.044079288840293884,0.0028298488079429363,15.0,0.07431554794311523,0.00477098815092972,7.7,0.09297512471675873,0.005968915397009643,0.0,-0.1036468893289566,0.006654032629183991,0.0,0.07479455322027206,0.004801739838359884,66.0,-0.261221319437027,0.0167701625608446,0.0,0.009281796403229237,0.0005958825829158311,0.0,0.0496709868311882,0.0031888305499406526,0.0,0.18549486994743347,0.011908595860113582,0.0
e2f4cff64976e3f6,dos_wisenet-camera_554,wisenet-camera,1,1,detected,0.9991610050201416,4.76837158203125e-06,0.09135604108476653,0.05765840318053961,104,13.446388244628906,7.082443714141846,-6.3639445304870605,118,119,13.286409378051758,0.8530984638832309,234.0,0.3607082962989807,0.02316048563059706,67.14,0.3298788070678711,0.021180974902227437,470.0,-0.6826620697975159,0.043832607179608386,3.02,-0.043300919234752655,0.002780280708866431,15.0,0.08697549998760223,0.005584553608401572,7.4,0.09499971568584442,0.006099775282765026,0.0,-0.10368388891220093,0.006657371743080246,0.0,0.07749384641647339,0.004975752248572551,66.0,-0.26313939690589905,0.016895747293351825,0.0,0.009250224567949772,0.0005939416846908879,0.0,0.04970339685678482,0.003191373252305982,0.0,0.18609218299388885,0.011948672582301735,0.0
603231f3fbeb31e2,dos_wisenet-camera_554,wisenet-camera,1,1,detected,0.9991610050201416,4.76837158203125e-06,0.09135604108476653,0.05765840318053961,104,13.446388244628906,7.082443714141846,-6.3639445304870605,118,119,13.286409378051758,0.8530984638832309,234.0,0.3607082962989807,0.02316048563059706,67.14,0.3298788070678711,0.021180974902227437,470.0,-0.6826620697975159,0.043832607179608386,3.02,-0.043300919234752655,0.002780280708866431,15.0,0.08697549998760223,0.005584553608401572,7.4,0.09499971568584442,0.006099775282765026,0.0,-0.10368388891220093,0.006657371743080246,0.0,0.07749384641647339,0.004975752248572551,66.0,-0.26313939690589905,0.016895747293351825,0.0,0.009250224567949772,0.0005939416846908879,0.0,0.04970339685678482,0.003191373252305982,0.0,0.18609218299388885,0.011948672582301735,0.0
03d0ed8cef73a48f,dos_wisenet-camera_554,wisenet-camera,1,1,detected,0.9991610050201416,4.76837158203125e-06,0.09135604108476653,0.05765840318053961,104,13.446388244628906,7.082443714141846,-6.3639445304870605,118,119,13.286409378051758,0.8530984638832309,234.0,0.3607082962989807,0.02316048563059706,67.14,0.3298788070678711,0.021180974902227437,470.0,-0.6826620697975159,0.043832607179608386,3.02,-0.043300919234752655,0.002780280708866431,15.0,0.08697549998760223,0.005584553608401572,7.4,0.09499971568584442,0.006099775282765026,0.0,-0.10368388891220093,0.006657371743080246,0.0,0.07749384641647339,0.004975752248572551,66.0,-0.26313939690589905,0.016895747293351825,0.0,0.009250224567949772,0.0005939416846908879,0.0,0.04970339685678482,0.003191373252305982,0.0,0.18609218299388885,0.011948672582301735,0.0
622fc0426b017078,dos_wisenet-camera_554,wisenet-camera,1,1,detected,0.9991610050201416,4.76837158203125e-06,0.09135604108476653,0.05765840318053961,104,13.446388244628906,7.082443714141846,-6.3639445304870605,118,119,13.286409378051758,0.8530984638832309,234.0,0.3607082962989807,0.02316048563059706,67.14,0.3298788070678711,0.021180974902227437,470.0,-0.6826620697975159,0.043832607179608386,3.02,-0.043300919234752655,0.002780280708866431,15.0,0.08697549998760223,0.005584553608401572,7.4,0.09499971568584442,0.006099775282765026,0.0,-0.10368388891220093,0.006657371743080246,0.0,0.07749384641647339,0.004975752248572551,66.0,-0.26313939690589905,0.016895747293351825,0.0,0.009250224567949772,0.0005939416846908879,0.0,0.04970339685678482,0.003191373252305982,0.0,0.18609218299388885,0.011948672582301735,0.0
51549f7b1850d808,dos_wisenet-camera_554,wisenet-camera,1,1,detected,0.9991583824157715,5.6743621826171875e-05,0.0,1.387670636177063e-07,105,13.941396236419678,7.079300403594971,-6.862095832824707,119,119,14.015409469604492,0.9166070197209633,234.0,-0.4596039056777954,0.030058070522239758,68.86,0.3174203634262085,0.02075927456488736,482.0,-0.17953716218471527,0.011741720676530119,5.01,-0.00846777018159628,0.0005537917109498503,15.0,-0.026935622096061707,0.0017615882252563233,7.3,-5.213730037212372e-05,3.409776618658975e-06,0.0,0.0,0.0,0.0,0.28310611844062805,0.018515124802554697,66.0,0.0,0.0,0.0,0.0,0.0,0.0,0.0,0.0,0.0,0.0,0.0,0.0
7181f554b3025fbf,dos_wisenet-camera_554,wisenet-camera,1,1,detected,0.999160885810852,4.76837158203125e-06,0.09108422515527108,0.057149010710418224,104,13.446272850036621,7.0823283195495605,-6.3639445304870605,118,119,13.309097290039062,0.8544315049517142,234.0,0.3637973964214325,0.023355450046527355,67.14,0.3234082758426666,0.020762506563754914,470.0,-0.6847692728042603,0.04396154206076269,3.02,-0.044079288840293884,0.0028298488079429363,15.0,0.07431554794311523,0.00477098815092972,7.7,0.09297512471675873,0.005968915397009643,0.0,-0.1036468893289566,0.006654032629183991,0.0,0.07479455322027206,0.004801739838359884,66.0,-0.261221319437027,0.0167701625608446,0.0,0.009281796403229237,0.0005958825829158311,0.0,0.0496709868311882,0.0031888305499406526,0.0,0.18549486994743347,0.011908595860113582,0.0
f832f6af946a9f9b,dos_wisenet-camera_554,wisenet-camera,1,1,detected,0.9991610050201416,4.76837158203125e-06,0.09135604108476653,0.05765840318053961,104,13.446388244628906,7.082443714141846,-6.3639445304870605,118,119,13.286409378051758,0.8530984638832309,234.0,0.3607082962989807,0.02316048563059706,67.14,0.3298788070678711,0.021180974902227437,470.0,-0.6826620697975159,0.043832607179608386,3.02,-0.043300919234752655,0.002780280708866431,15.0,0.08697549998760223,0.005584553608401572,7.4,0.09499971568584442,0.006099775282765026,0.0,-0.10368388891220093,0.006657371743080246,0.0,0.07749384641647339,0.004975752248572551,66.0,-0.26313939690589905,0.016895747293351825,0.0,0.009250224567949772,0.0005939416846908879,0.0,0.04970339685678482,0.003191373252305982,0.0,0.18609218299388885,0.011948672582301735,0.0
76e824be7a1868af,dos_wisenet-camera_554,wisenet-camera,1,1,detected,0.9991610050201416,4.76837158203125e-06,0.09135604108476653,0.05765840318053961,104,13.446388244628906,7.082443714141846,-6.3639445304870605,118,119,13.286409378051758,0.8530984638832309,234.0,0.3607082962989807,0.02316048563059706,67.14,0.3298788070678711,0.021180974902227437,470.0,-0.6826620697975159,0.043832607179608386,3.02,-0.043300919234752655,0.002780280708866431,15.0,0.08697549998760223,0.005584553608401572,7.4,0.09499971568584442,0.006099775282765026,0.0,-0.10368388891220093,0.006657371743080246,0.0,0.07749384641647339,0.004975752248572551,66.0,-0.26313939690589905,0.016895747293351825,0.0,0.009250224567949772,0.0005939416846908879,0.0,0.04970339685678482,0.003191373252305982,0.0,0.18609218299388885,0.011948672582301735,0.0
08b2de9da1646036,dos_wisenet-camera_554,wisenet-camera,1,1,detected,0.9991610050201416,4.76837158203125e-06,0.09135604108476653,0.05765840318053961,104,13.446388244628906,7.082443714141846,-6.3639445304870605,118,119,13.286409378051758,0.8530984638832309,234.0,0.3607082962989807,0.02316048563059706,67.14,0.3298788070678711,0.021180974902227437,470.0,-0.6826620697975159,0.043832607179608386,3.02,-0.043300919234752655,0.002780280708866431,15.0,0.08697549998760223,0.005584553608401572,7.4,0.09499971568584442,0.006099775282765026,0.0,-0.10368388891220093,0.006657371743080246,0.0,0.07749384641647339,0.004975752248572551,66.0,-0.26313939690589905,0.016895747293351825,0.0,0.009250224567949772,0.0005939416846908879,0.0,0.04970339685678482,0.003191373252305982,0.0,0.18609218299388885,0.011948672582301735,0.0
5c26a891223fb984,dos_wisenet-camera_554,wisenet-camera,1,1,detected,0.999160885810852,4.76837158203125e-06,0.09108422515527108,0.057149010710418224,104,13.446272850036621,7.0823283195495605,-6.3639445304870605,118,119,13.309097290039062,0.8544315049517142,234.0,0.3637973964214325,0.023355450046527355,67.14,0.3234082758426666,0.020762506563754914,470.0,-0.6847692728042603,0.04396154206076269,3.02,-0.044079288840293884,0.0028298488079429363,15.0,0.07431554794311523,0.00477098815092972,7.7,0.09297512471675873,0.005968915397009643,0.0,-0.1036468893289566,0.006654032629183991,0.0,0.07479455322027206,0.004801739838359884,66.0,-0.261221319437027,0.0167701625608446,0.0,0.009281796403229237,0.0005958825829158311,0.0,0.0496709868311882,0.0031888305499406526,0.0,0.18549486994743347,0.011908595860113582,0.0
e9c9cc532af05d95,dos_wisenet-camera_554,wisenet-camera,1,1,detected,0.999160885810852,4.76837158203125e-06,0.09108422515527108,0.057149010710418224,104,13.446272850036621,7.0823283195495605,-6.3639445304870605,118,119,13.309097290039062,0.8544315049517142,234.0,0.3637973964214325,0.023355450046527355,67.14,0.3234082758426666,0.020762506563754914,470.0,-0.6847692728042603,0.04396154206076269,3.02,-0.044079288840293884,0.0028298488079429363,15.0,0.07431554794311523,0.00477098815092972,7.7,0.09297512471675873,0.005968915397009643,0.0,-0.1036468893289566,0.006654032629183991,0.0,0.07479455322027206,0.004801739838359884,66.0,-0.261221319437027,0.0167701625608446,0.0,0.009281796403229237,0.0005958825829158311,0.0,0.0496709868311882,0.0031888305499406526,0.0,0.18549486994743347,0.011908595860113582,0.0
968ad37509dd17b8,dos_wisenet-camera_554,wisenet-camera,1,1,detected,0.9991610050201416,4.76837158203125e-06,0.09135604108476653,0.05765840318053961,104,13.446388244628906,7.082443714141846,-6.3639445304870605,118,119,13.286409378051758,0.8530984638832309,234.0,0.3607082962989807,0.02316048563059706,67.14,0.3298788070678711,0.021180974902227437,470.0,-0.6826620697975159,0.043832607179608386,3.02,-0.043300919234752655,0.002780280708866431,15.0,0.08697549998760223,0.005584553608401572,7.4,0.09499971568584442,0.006099775282765026,0.0,-0.10368388891220093,0.006657371743080246,0.0,0.07749384641647339,0.004975752248572551,66.0,-0.26313939690589905,0.016895747293351825,0.0,0.009250224567949772,0.0005939416846908879,0.0,0.04970339685678482,0.003191373252305982,0.0,0.18609218299388885,0.011948672582301735,0.0
8120f808581dc449,dos_wisenet-camera_554,wisenet-camera,1,1,detected,0.9991610050201416,4.76837158203125e-06,0.09135604108476653,0.05765840318053961,104,13.446388244628906,7.082443714141846,-6.3639445304870605,118,119,13.286409378051758,0.8530984638832309,234.0,0.3607082962989807,0.02316048563059706,67.14,0.3298788070678711,0.021180974902227437,470.0,-0.6826620697975159,0.043832607179608386,3.02,-0.043300919234752655,0.002780280708866431,15.0,0.08697549998760223,0.005584553608401572,7.4,0.09499971568584442,0.006099775282765026,0.0,-0.10368388891220093,0.006657371743080246,0.0,0.07749384641647339,0.004975752248572551,66.0,-0.26313939690589905,0.016895747293351825,0.0,0.009250224567949772,0.0005939416846908879,0.0,0.04970339685678482,0.003191373252305982,0.0,0.18609218299388885,0.011948672582301735,0.0
519b664a17ecfb91,dos_wisenet-camera_554,wisenet-camera,1,1,detected,0.9991610050201416,4.76837158203125e-06,0.09135604108476653,0.05765840318053961,104,13.446388244628906,7.082443714141846,-6.3639445304870605,118,119,13.286409378051758,0.8530984638832309,234.0,0.3607082962989807,0.02316048563059706,67.14,0.3298788070678711,0.021180974902227437,470.0,-0.6826620697975159,0.043832607179608386,3.02,-0.043300919234752655,0.002780280708866431,15.0,0.08697549998760223,0.005584553608401572,7.4,0.09499971568584442,0.006099775282765026,0.0,-0.10368388891220093,0.006657371743080246,0.0,0.07749384641647339,0.004975752248572551,66.0,-0.26313939690589905,0.016895747293351825,0.0,0.009250224567949772,0.0005939416846908879,0.0,0.04970339685678482,0.003191373252305982,0.0,0.18609218299388885,0.011948672582301735,0.0
73991a8e2158ca2c,dos_wisenet-camera_554,wisenet-camera,1,1,detected,0.999160885810852,4.76837158203125e-06,0.09108422515527108,0.057149010710418224,104,13.446272850036621,7.0823283195495605,-6.3639445304870605,118,119,13.309097290039062,0.8544315049517142,234.0,0.3637973964214325,0.023355450046527355,67.14,0.3234082758426666,0.020762506563754914,470.0,-0.6847692728042603,0.04396154206076269,3.02,-0.044079288840293884,0.0028298488079429363,15.0,0.07431554794311523,0.00477098815092972,7.7,0.09297512471675873,0.005968915397009643,0.0,-0.1036468893289566,0.006654032629183991,0.0,0.07479455322027206,0.004801739838359884,66.0,-0.261221319437027,0.0167701625608446,0.0,0.009281796403229237,0.0005958825829158311,0.0,0.0496709868311882,0.0031888305499406526,0.0,0.18549486994743347,0.011908595860113582,0.0
f654ccce2c4adf87,dos_wisenet-camera_554,wisenet-camera,1,1,detected,0.9991610050201416,4.76837158203125e-06,0.09135604108476653,0.05765840318053961,104,13.446388244628906,7.082443714141846,-6.3639445304870605,118,119,13.286409378051758,0.8530984638832309,234.0,0.3607082962989807,0.02316048563059706,67.14,0.3298788070678711,0.021180974902227437,470.0,-0.6826620697975159,0.043832607179608386,3.02,-0.043300919234752655,0.002780280708866431,15.0,0.08697549998760223,0.005584553608401572,7.4,0.09499971568584442,0.006099775282765026,0.0,-0.10368388891220093,0.006657371743080246,0.0,0.07749384641647339,0.004975752248572551,66.0,-0.26313939690589905,0.016895747293351825,0.0,0.009250224567949772,0.0005939416846908879,0.0,0.04970339685678482,0.003191373252305982,0.0,0.18609218299388885,0.011948672582301735,0.0
c588a4a7078522a6,dos_wisenet-camera_554,wisenet-camera,1,1,detected,0.9991582632064819,3.814697265625e-06,0.0,-3.762543201446533e-07,105,13.941302299499512,7.079206466674805,-6.862095832824707,119,119,14.019636154174805,0.9164651060560127,234.0,-0.45900100469589233,0.03000494448090028,68.86,0.3171405494213104,0.02073151143608769,482.0,-0.17790086567401886,0.0116293985046713,5.01,-0.008647114038467407,0.0005652627641112217,15.0,-0.03252774849534035,0.002126342377699177,7.5,-2.9943883419036865e-05,1.9574348429281165e-06,0.0,0.0,0.0,0.0,0.2826288342475891,0.018475476945674692,66.0,0.0,0.0,0.0,0.0,0.0,0.0,0.0,0.0,0.0,0.0,0.0,0.0
59e5888395e7d746,dos_wisenet-camera_554,wisenet-camera,1,1,detected,0.9991610050201416,4.76837158203125e-06,0.09135604108476653,0.05765840318053961,104,13.446388244628906,7.082443714141846,-6.3639445304870605,118,119,13.286409378051758,0.8530984638832309,234.0,0.3607082962989807,0.02316048563059706,67.14,0.3298788070678711,0.021180974902227437,470.0,-0.6826620697975159,0.043832607179608386,3.02,-0.043300919234752655,0.002780280708866431,15.0,0.08697549998760223,0.005584553608401572,7.4,0.09499971568584442,0.006099775282765026,0.0,-0.10368388891220093,0.006657371743080246,0.0,0.07749384641647339,0.004975752248572551,66.0,-0.26313939690589905,0.016895747293351825,0.0,0.009250224567949772,0.0005939416846908879,0.0,0.04970339685678482,0.003191373252305982,0.0,0.18609218299388885,0.011948672582301735,0.0
75eaa9dbbcb479f3,dos_wisenet-camera_554,wisenet-camera,1,1,detected,0.999160885810852,4.76837158203125e-06,0.09108422515527108,0.057149010710418224,104,13.446272850036621,7.0823283195495605,-6.3639445304870605,118,119,13.309097290039062,0.8544315049517142,234.0,0.3637973964214325,0.023355450046527355,67.14,0.3234082758426666,0.020762506563754914,470.0,-0.6847692728042603,0.04396154206076269,3.02,-0.044079288840293884,0.0028298488079429363,15.0,0.07431554794311523,0.00477098815092972,7.7,0.09297512471675873,0.005968915397009643,0.0,-0.1036468893289566,0.006654032629183991,0.0,0.07479455322027206,0.004801739838359884,66.0,-0.261221319437027,0.0167701625608446,0.0,0.009281796403229237,0.0005958825829158311,0.0,0.0496709868311882,0.0031888305499406526,0.0,0.18549486994743347,0.011908595860113582,0.0
78d49708195eca93,dos_wisenet-camera_554,wisenet-camera,1,1,detected,0.999160885810852,4.76837158203125e-06,0.09108422515527108,0.057149010710418224,104,13.446272850036621,7.0823283195495605,-6.3639445304870605,118,119,13.309097290039062,0.8544315049517142,234.0,0.3637973964214325,0.023355450046527355,67.14,0.3234082758426666,0.020762506563754914,470.0,-0.6847692728042603,0.04396154206076269,3.02,-0.044079288840293884,0.0028298488079429363,15.0,0.07431554794311523,0.00477098815092972,7.7,0.09297512471675873,0.005968915397009643,0.0,-0.1036468893289566,0.006654032629183991,0.0,0.07479455322027206,0.004801739838359884,66.0,-0.261221319437027,0.0167701625608446,0.0,0.009281796403229237,0.0005958825829158311,0.0,0.0496709868311882,0.0031888305499406526,0.0,0.18549486994743347,0.011908595860113582,0.0
2b2dea730090eb34,dos_wisenet-camera_554,wisenet-camera,1,1,detected,0.9991610050201416,4.76837158203125e-06,0.09135604108476653,0.05765840318053961,104,13.446388244628906,7.082443714141846,-6.3639445304870605,118,119,13.286409378051758,0.8530984638832309,234.0,0.3607082962989807,0.02316048563059706,67.14,0.3298788070678711,0.021180974902227437,470.0,-0.6826620697975159,0.043832607179608386,3.02,-0.043300919234752655,0.002780280708866431,15.0,0.08697549998760223,0.005584553608401572,7.4,0.09499971568584442,0.006099775282765026,0.0,-0.10368388891220093,0.006657371743080246,0.0,0.07749384641647339,0.004975752248572551,66.0,-0.26313939690589905,0.016895747293351825,0.0,0.009250224567949772,0.0005939416846908879,0.0,0.04970339685678482,0.003191373252305982,0.0,0.18609218299388885,0.011948672582301735,0.0
d6122871d189bca6,dos_wisenet-camera_554,wisenet-camera,1,1,detected,0.9991583824157715,5.6743621826171875e-05,0.0,1.387670636177063e-07,105,13.941396236419678,7.079300403594971,-6.862095832824707,119,119,14.015409469604492,0.9166070197209633,234.0,-0.4596039056777954,0.030058070522239758,68.86,0.3174203634262085,0.02075927456488736,482.0,-0.17953716218471527,0.011741720676530119,5.01,-0.00846777018159628,0.0005537917109498503,15.0,-0.026935622096061707,0.0017615882252563233,7.3,-5.213730037212372e-05,3.409776618658975e-06,0.0,0.0,0.0,0.0,0.28310611844062805,0.018515124802554697,66.0,0.0,0.0,0.0,0.0,0.0,0.0,0.0,0.0,0.0,0.0,0.0,0.0
cc12be84c5fcf515,dos_wisenet-camera_554,wisenet-camera,1,1,detected,0.999160885810852,3.337860107421875e-06,0.09127600129773963,0.05796032026410103,104,13.446275234222412,7.082330703735352,-6.3639445304870605,118,119,13.2959566116333,0.8541562740281817,234.0,0.36006370186805725,0.023131142721338475,67.14,0.32762986421585083,0.021047534393585334,470.0,-0.6817946434020996,0.04379971966448619,3.02,-0.042405866086483,0.002724229450453875,15.0,0.07940543442964554,0.005101148566525249,7.5,0.09354465454816818,0.006009477611727965,0.0,-0.1028810441493988,0.00660926414740943,0.0,0.07687392830848694,0.004938520039726625,66.0,-0.26185300946235657,0.016821910407690287,0.0,0.009349953383207321,0.000600657897540815,0.0,0.04923682659864426,0.0031630626949905047,0.0,0.18519183993339539,0.011897058376343556,0.0
802765ac93558d7f,dos_wisenet-camera_554,wisenet-camera,1,1,detected,0.9991610050201416,4.76837158203125e-06,0.09135604108476653,0.05765840318053961,104,13.446388244628906,7.082443714141846,-6.3639445304870605,118,119,13.286409378051758,0.8530984638832309,234.0,0.3607082962989807,0.02316048563059706,67.14,0.3298788070678711,0.021180974902227437,470.0,-0.6826620697975159,0.043832607179608386,3.02,-0.043300919234752655,0.002780280708866431,15.0,0.08697549998760223,0.005584553608401572,7.4,0.09499971568584442,0.006099775282765026,0.0,-0.10368388891220093,0.006657371743080246,0.0,0.07749384641647339,0.004975752248572551,66.0,-0.26313939690589905,0.016895747293351825,0.0,0.009250224567949772,0.0005939416846908879,0.0,0.04970339685678482,0.003191373252305982,0.0,0.18609218299388885,0.011948672582301735,0.0
8c6ca81ba50bd7ae,dos_wisenet-camera_554,wisenet-camera,1,1,detected,0.9991610050201416,4.76837158203125e-06,0.09135604108476653,0.05765840318053961,104,13.446388244628906,7.082443714141846,-6.3639445304870605,118,119,13.286409378051758,0.8530984638832309,234.0,0.3607082962989807,0.02316048563059706,67.14,0.3298788070678711,0.021180974902227437,470.0,-0.6826620697975159,0.043832607179608386,3.02,-0.043300919234752655,0.002780280708866431,15.0,0.08697549998760223,0.005584553608401572,7.4,0.09499971568584442,0.006099775282765026,0.0,-0.10368388891220093,0.006657371743080246,0.0,0.07749384641647339,0.004975752248572551,66.0,-0.26313939690589905,0.016895747293351825,0.0,0.009250224567949772,0.0005939416846908879,0.0,0.04970339685678482,0.003191373252305982,0.0,0.18609218299388885,0.011948672582301735,0.0
8a199820c9ca23e1,dos_wisenet-camera_554,wisenet-camera,1,1,detected,0.9991610050201416,4.76837158203125e-06,0.09135604108476653,0.05765840318053961,104,13.446388244628906,7.082443714141846,-6.3639445304870605,118,119,13.286409378051758,0.8530984638832309,234.0,0.3607082962989807,0.02316048563059706,67.14,0.3298788070678711,0.021180974902227437,470.0,-0.6826620697975159,0.043832607179608386,3.02,-0.043300919234752655,0.002780280708866431,15.0,0.08697549998760223,0.005584553608401572,7.4,0.09499971568584442,0.006099775282765026,0.0,-0.10368388891220093,0.006657371743080246,0.0,0.07749384641647339,0.004975752248572551,66.0,-0.26313939690589905,0.016895747293351825,0.0,0.009250224567949772,0.0005939416846908879,0.0,0.04970339685678482,0.003191373252305982,0.0,0.18609218299388885,0.011948672582301735,0.0
b525457ec66a13b9,dos_wisenet-camera_554,wisenet-camera,1,1,detected,0.9991598129272461,2.2411346435546875e-05,0.07785320195319066,-0.164829408749938,104,13.445050716400146,7.081106185913086,-6.3639445304870605,118,119,14.785158157348633,0.8540095132573802,234.0,-0.048691898584365845,0.002812505904033493,67.33,-0.27179157733917236,0.015699026699657982,404.0,-0.9710588455200195,0.05608959222358021,3.27,-0.07995089888572693,0.00461806546235376,15.0,0.2030893862247467,0.01173070088474714,13.0,0.10108666121959686,0.0058388939385172365,0.0,-0.15631327033042908,0.009028853022056398,0.0,0.06570709496736526,0.003795325257494497,66.0,-0.3043458163738251,0.01757940089224854,0.0,-0.0192157793790102,0.0011099278221906102,0.0,0.0703861266374588,0.004065592069426188,0.0,0.23584319651126862,0.013622602566313818,0.0
d2e03afbd79b4440,dos_wisenet-camera_554,wisenet-camera,1,1,detected,0.9991592168807983,3.337860107421875e-06,0.07711362550381455,-0.17400211468338966,104,13.444255352020264,7.080310821533203,-6.3639445304870605,118,119,14.764266967773438,0.8550077458880583,234.0,-0.0508866012096405,0.00294687425329865,67.33,-0.24243706464767456,0.014039678950304562,404.0,-0.9874993562698364,0.05718669274357555,3.27,-0.08099931478500366,0.004690719945932232,15.0,0.21317043900489807,0.012344830728228985,7.8,0.09324569255113602,0.005399915185490645,0.0,-0.15642565488815308,0.00905870551358317,0.0,0.06519745290279388,0.0037756244428345845,66.0,-0.2860812246799469,0.01656713899771648,0.0,-0.020539749413728714,0.001189469472861082,0.0,0.06940716505050659,0.004019411452518833,0.0,0.2378353774547577,0.013773192425596919,0.0
438756dae970971e,dos_wisenet-camera_554,wisenet-camera,1,1,detected,0.9991610050201416,4.76837158203125e-06,0.09135604108476653,0.05765840318053961,104,13.446388244628906,7.082443714141846,-6.3639445304870605,118,119,13.286409378051758,0.8530984638832309,234.0,0.3607082962989807,0.02316048563059706,67.14,0.3298788070678711,0.021180974902227437,470.0,-0.6826620697975159,0.043832607179608386,3.02,-0.043300919234752655,0.002780280708866431,15.0,0.08697549998760223,0.005584553608401572,7.4,0.09499971568584442,0.006099775282765026,0.0,-0.10368388891220093,0.006657371743080246,0.0,0.07749384641647339,0.004975752248572551,66.0,-0.26313939690589905,0.016895747293351825,0.0,0.009250224567949772,0.0005939416846908879,0.0,0.04970339685678482,0.003191373252305982,0.0,0.18609218299388885,0.011948672582301735,0.0
e93fa94563bf35bb,dos_wisenet-camera_554,wisenet-camera,1,1,detected,0.999160885810852,4.76837158203125e-06,0.09108422515527108,0.057149010710418224,104,13.446272850036621,7.0823283195495605,-6.3639445304870605,118,119,13.309097290039062,0.8544315049517142,234.0,0.3637973964214325,0.023355450046527355,67.14,0.3234082758426666,0.020762506563754914,470.0,-0.6847692728042603,0.04396154206076269,3.02,-0.044079288840293884,0.0028298488079429363,15.0,0.07431554794311523,0.00477098815092972,7.7,0.09297512471675873,0.005968915397009643,0.0,-0.1036468893289566,0.006654032629183991,0.0,0.07479455322027206,0.004801739838359884,66.0,-0.261221319437027,0.0167701625608446,0.0,0.009281796403229237,0.0005958825829158311,0.0,0.0496709868311882,0.0031888305499406526,0.0,0.18549486994743347,0.011908595860113582,0.0
af250ed1c836bcb1,dos_wisenet-camera_554,wisenet-camera,1,1,detected,0.9991581439971924,2.3365020751953125e-05,0.0,1.0756775736808777e-06,105,13.941168308258057,7.07907247543335,-6.862095832824707,119,119,14.012605667114258,0.9166982078727943,234.0,-0.46063339710235596,0.03013442464887739,68.86,0.3179395794868469,0.020799460832001297,482.0,-0.18007372319698334,0.011780340021061285,5.01,-0.00834835134446621,0.0005461452993089644,15.0,-0.023349065333604813,0.0015274850984391005,7.4,2.7781352400779724e-06,1.8174432766523428e-07,0.0,0.0,0.0,0.0,0.2830003798007965,0.018513754483190006,66.0,0.0,0.0,0.0,0.0,0.0,0.0,0.0,0.0,0.0,0.0,0.0,0.0
85b69c8289dc7651,dos_wisenet-camera_554,wisenet-camera,1,1,detected,0.999160885810852,4.76837158203125e-06,0.09108422515527108,0.057149010710418224,104,13.446272850036621,7.0823283195495605,-6.3639445304870605,118,119,13.309097290039062,0.8544315049517142,234.0,0.3637973964214325,0.023355450046527355,67.14,0.3234082758426666,0.020762506563754914,470.0,-0.6847692728042603,0.04396154206076269,3.02,-0.044079288840293884,0.0028298488079429363,15.0,0.07431554794311523,0.00477098815092972,7.7,0.09297512471675873,0.005968915397009643,0.0,-0.1036468893289566,0.006654032629183991,0.0,0.07479455322027206,0.004801739838359884,66.0,-0.261221319437027,0.0167701625608446,0.0,0.009281796403229237,0.0005958825829158311,0.0,0.0496709868311882,0.0031888305499406526,0.0,0.18549486994743347,0.011908595860113582,0.0
e68306908a832ac4,dos_wisenet-camera_554,wisenet-camera,1,1,detected,0.9991610050201416,4.76837158203125e-06,0.09135604108476653,0.05765840318053961,104,13.446388244628906,7.082443714141846,-6.3639445304870605,118,119,13.286409378051758,0.8530984638832309,234.0,0.3607082962989807,0.02316048563059706,67.14,0.3298788070678711,0.021180974902227437,470.0,-0.6826620697975159,0.043832607179608386,3.02,-0.043300919234752655,0.002780280708866431,15.0,0.08697549998760223,0.005584553608401572,7.4,0.09499971568584442,0.006099775282765026,0.0,-0.10368388891220093,0.006657371743080246,0.0,0.07749384641647339,0.004975752248572551,66.0,-0.26313939690589905,0.016895747293351825,0.0,0.009250224567949772,0.0005939416846908879,0.0,0.04970339685678482,0.003191373252305982,0.0,0.18609218299388885,0.011948672582301735,0.0
dd88a8e016487621,dos_wisenet-camera_554,wisenet-camera,1,1,detected,0.9991610050201416,4.76837158203125e-06,0.09135604108476653,0.05765840318053961,104,13.446388244628906,7.082443714141846,-6.3639445304870605,118,119,13.286409378051758,0.8530984638832309,234.0,0.3607082962989807,0.02316048563059706,67.14,0.3298788070678711,0.021180974902227437,470.0,-0.6826620697975159,0.043832607179608386,3.02,-0.043300919234752655,0.002780280708866431,15.0,0.08697549998760223,0.005584553608401572,7.4,0.09499971568584442,0.006099775282765026,0.0,-0.10368388891220093,0.006657371743080246,0.0,0.07749384641647339,0.004975752248572551,66.0,-0.26313939690589905,0.016895747293351825,0.0,0.009250224567949772,0.0005939416846908879,0.0,0.04970339685678482,0.003191373252305982,0.0,0.18609218299388885,0.011948672582301735,0.0
8a4f03d4120bb758,dos_wisenet-camera_554,wisenet-camera,1,1,detected,0.999160885810852,3.337860107421875e-06,0.09127600129773963,0.05796032026410103,104,13.446275234222412,7.082330703735352,-6.3639445304870605,118,119,13.2959566116333,0.8541562740281817,234.0,0.36006370186805725,0.023131142721338475,67.14,0.32762986421585083,0.021047534393585334,470.0,-0.6817946434020996,0.04379971966448619,3.02,-0.042405866086483,0.002724229450453875,15.0,0.07940543442964554,0.005101148566525249,7.5,0.09354465454816818,0.006009477611727965,0.0,-0.1028810441493988,0.00660926414740943,0.0,0.07687392830848694,0.004938520039726625,66.0,-0.26185300946235657,0.016821910407690287,0.0,0.009349953383207321,0.000600657897540815,0.0,0.04923682659864426,0.0031630626949905047,0.0,0.18519183993339539,0.011897058376343556,0.0
a732bac8128acee7,dos_wisenet-camera_554,wisenet-camera,1,1,detected,0.9991610050201416,4.76837158203125e-06,0.09135604108476653,0.05765840318053961,104,13.446388244628906,7.082443714141846,-6.3639445304870605,118,119,13.286409378051758,0.8530984638832309,234.0,0.3607082962989807,0.02316048563059706,67.14,0.3298788070678711,0.021180974902227437,470.0,-0.6826620697975159,0.043832607179608386,3.02,-0.043300919234752655,0.002780280708866431,15.0,0.08697549998760223,0.005584553608401572,7.4,0.09499971568584442,0.006099775282765026,0.0,-0.10368388891220093,0.006657371743080246,0.0,0.07749384641647339,0.004975752248572551,66.0,-0.26313939690589905,0.016895747293351825,0.0,0.009250224567949772,0.0005939416846908879,0.0,0.04970339685678482,0.003191373252305982,0.0,0.18609218299388885,0.011948672582301735,0.0
10976093c16a1bff,dos_wisenet-camera_554,wisenet-camera,1,1,detected,0.999160885810852,4.76837158203125e-06,0.09108422515527108,0.057149010710418224,104,13.446272850036621,7.0823283195495605,-6.3639445304870605,118,119,13.309097290039062,0.8544315049517142,234.0,0.3637973964214325,0.023355450046527355,67.14,0.3234082758426666,0.020762506563754914,470.0,-0.6847692728042603,0.04396154206076269,3.02,-0.044079288840293884,0.0028298488079429363,15.0,0.07431554794311523,0.00477098815092972,7.7,0.09297512471675873,0.005968915397009643,0.0,-0.1036468893289566,0.006654032629183991,0.0,0.07479455322027206,0.004801739838359884,66.0,-0.261221319437027,0.0167701625608446,0.0,0.009281796403229237,0.0005958825829158311,0.0,0.0496709868311882,0.0031888305499406526,0.0,0.18549486994743347,0.011908595860113582,0.0
cf20120c9cf693bc,dos_wisenet-camera_554,wisenet-camera,1,1,detected,0.999160885810852,4.76837158203125e-06,0.09108422515527108,0.057149010710418224,104,13.446272850036621,7.0823283195495605,-6.3639445304870605,118,119,13.309097290039062,0.8544315049517142,234.0,0.3637973964214325,0.023355450046527355,67.14,0.3234082758426666,0.020762506563754914,470.0,-0.6847692728042603,0.04396154206076269,3.02,-0.044079288840293884,0.0028298488079429363,15.0,0.07431554794311523,0.00477098815092972,7.7,0.09297512471675873,0.005968915397009643,0.0,-0.1036468893289566,0.006654032629183991,0.0,0.07479455322027206,0.004801739838359884,66.0,-0.261221319437027,0.0167701625608446,0.0,0.009281796403229237,0.0005958825829158311,0.0,0.0496709868311882,0.0031888305499406526,0.0,0.18549486994743347,0.011908595860113582,0.0
eaa56ad28925cd35,dos_wisenet-camera_554,wisenet-camera,1,1,detected,0.9991610050201416,4.76837158203125e-06,0.09135604108476653,0.05765840318053961,104,13.446388244628906,7.082443714141846,-6.3639445304870605,118,119,13.286409378051758,0.8530984638832309,234.0,0.3607082962989807,0.02316048563059706,67.14,0.3298788070678711,0.021180974902227437,470.0,-0.6826620697975159,0.043832607179608386,3.02,-0.043300919234752655,0.002780280708866431,15.0,0.08697549998760223,0.005584553608401572,7.4,0.09499971568584442,0.006099775282765026,0.0,-0.10368388891220093,0.006657371743080246,0.0,0.07749384641647339,0.004975752248572551,66.0,-0.26313939690589905,0.016895747293351825,0.0,0.009250224567949772,0.0005939416846908879,0.0,0.04970339685678482,0.003191373252305982,0.0,0.18609218299388885,0.011948672582301735,0.0
a8fb01300933152c,dos_wisenet-camera_554,wisenet-camera,1,1,detected,0.999160885810852,4.76837158203125e-06,0.09108422515527108,0.057149010710418224,104,13.446272850036621,7.0823283195495605,-6.3639445304870605,118,119,13.309097290039062,0.8544315049517142,234.0,0.3637973964214325,0.023355450046527355,67.14,0.3234082758426666,0.020762506563754914,470.0,-0.6847692728042603,0.04396154206076269,3.02,-0.044079288840293884,0.0028298488079429363,15.0,0.07431554794311523,0.00477098815092972,7.7,0.09297512471675873,0.005968915397009643,0.0,-0.1036468893289566,0.006654032629183991,0.0,0.07479455322027206,0.004801739838359884,66.0,-0.261221319437027,0.0167701625608446,0.0,0.009281796403229237,0.0005958825829158311,0.0,0.0496709868311882,0.0031888305499406526,0.0,0.18549486994743347,0.011908595860113582,0.0
cf48b2f77a3a99c1,dos_wisenet-camera_554,wisenet-camera,1,1,detected,0.9991581439971924,2.3365020751953125e-05,0.0,1.0756775736808777e-06,105,13.941168308258057,7.07907247543335,-6.862095832824707,119,119,14.012605667114258,0.9166982078727943,234.0,-0.46063339710235596,0.03013442464887739,68.86,0.3179395794868469,0.020799460832001297,482.0,-0.18007372319698334,0.011780340021061285,5.01,-0.00834835134446621,0.0005461452993089644,15.0,-0.023349065333604813,0.0015274850984391005,7.4,2.7781352400779724e-06,1.8174432766523428e-07,0.0,0.0,0.0,0.0,0.2830003798007965,0.018513754483190006,66.0,0.0,0.0,0.0,0.0,0.0,0.0,0.0,0.0,0.0,0.0,0.0,0.0
a757f8b103800351,dos_wisenet-camera_554,wisenet-camera,1,1,detected,0.999160885810852,4.76837158203125e-06,0.09108422515527108,0.057149010710418224,104,13.446272850036621,7.0823283195495605,-6.3639445304870605,118,119,13.309097290039062,0.8544315049517142,234.0,0.3637973964214325,0.023355450046527355,67.14,0.3234082758426666,0.020762506563754914,470.0,-0.6847692728042603,0.04396154206076269,3.02,-0.044079288840293884,0.0028298488079429363,15.0,0.07431554794311523,0.00477098815092972,7.7,0.09297512471675873,0.005968915397009643,0.0,-0.1036468893289566,0.006654032629183991,0.0,0.07479455322027206,0.004801739838359884,66.0,-0.261221319437027,0.0167701625608446,0.0,0.009281796403229237,0.0005958825829158311,0.0,0.0496709868311882,0.0031888305499406526,0.0,0.18549486994743347,0.011908595860113582,0.0
6f3837c0d76295d1,dos_wisenet-camera_554,wisenet-camera,1,1,detected,0.9991610050201416,4.76837158203125e-06,0.09135604108476653,0.05765840318053961,104,13.446388244628906,7.082443714141846,-6.3639445304870605,118,119,13.286409378051758,0.8530984638832309,234.0,0.3607082962989807,0.02316048563059706,67.14,0.3298788070678711,0.021180974902227437,470.0,-0.6826620697975159,0.043832607179608386,3.02,-0.043300919234752655,0.002780280708866431,15.0,0.08697549998760223,0.005584553608401572,7.4,0.09499971568584442,0.006099775282765026,0.0,-0.10368388891220093,0.006657371743080246,0.0,0.07749384641647339,0.004975752248572551,66.0,-0.26313939690589905,0.016895747293351825,0.0,0.009250224567949772,0.0005939416846908879,0.0,0.04970339685678482,0.003191373252305982,0.0,0.18609218299388885,0.011948672582301735,0.0
8b07465d871c4a8b,dos_wisenet-camera_554,wisenet-camera,1,1,detected,0.9991610050201416,4.76837158203125e-06,0.09135604108476653,0.05765840318053961,104,13.446388244628906,7.082443714141846,-6.3639445304870605,118,119,13.286409378051758,0.8530984638832309,234.0,0.3607082962989807,0.02316048563059706,67.14,0.3298788070678711,0.021180974902227437,470.0,-0.6826620697975159,0.043832607179608386,3.02,-0.043300919234752655,0.002780280708866431,15.0,0.08697549998760223,0.005584553608401572,7.4,0.09499971568584442,0.006099775282765026,0.0,-0.10368388891220093,0.006657371743080246,0.0,0.07749384641647339,0.004975752248572551,66.0,-0.26313939690589905,0.016895747293351825,0.0,0.009250224567949772,0.0005939416846908879,0.0,0.04970339685678482,0.003191373252305982,0.0,0.18609218299388885,0.011948672582301735,0.0
13fd1e41de316721,dos_wisenet-camera_554,wisenet-camera,1,1,detected,0.999160885810852,4.76837158203125e-06,0.09108422515527108,0.057149010710418224,104,13.446272850036621,7.0823283195495605,-6.3639445304870605,118,119,13.309097290039062,0.8544315049517142,234.0,0.3637973964214325,0.023355450046527355,67.14,0.3234082758426666,0.020762506563754914,470.0,-0.6847692728042603,0.04396154206076269,3.02,-0.044079288840293884,0.0028298488079429363,15.0,0.07431554794311523,0.00477098815092972,7.7,0.09297512471675873,0.005968915397009643,0.0,-0.1036468893289566,0.006654032629183991,0.0,0.07479455322027206,0.004801739838359884,66.0,-0.261221319437027,0.0167701625608446,0.0,0.009281796403229237,0.0005958825829158311,0.0,0.0496709868311882,0.0031888305499406526,0.0,0.18549486994743347,0.011908595860113582,0.0
32a44de393b7055b,dos_wisenet-camera_554,wisenet-camera,1,1,detected,0.999157190322876,4.76837158203125e-06,0.11886081541996704,-3.1049717739224434,102,13.440413475036621,7.077902793884277,-6.362510681152344,116,119,11.222085952758789,0.5838012890103937,234.0,0.09963132441043854,0.005183073437637298,68.0,-1.0237520933151245,0.05325817269805624,272.0,1.2188533544540405,0.06340783366304394,4.0,0.5731683969497681,0.029817669403702524,15.0,0.2580302357673645,0.013423385356232359,2.5,0.28174281120300293,0.014656973493353934,0.0,0.5188623070716858,0.026992529282213365,0.0,-0.3147734999656677,0.016375313448841827,66.0,2.854053258895874,0.14847506768900792,0.0,0.5811583399772644,0.03023332644448871,0.0,0.18807625770568848,0.009784202521977599,0.0,0.08825337141752243,0.004591163551050559,0.0
69238d805364d242,dos_wisenet-camera_554,wisenet-camera,1,1,detected,0.9991610050201416,4.76837158203125e-06,0.09135604108476653,0.05765840318053961,104,13.446388244628906,7.082443714141846,-6.3639445304870605,118,119,13.286409378051758,0.8530984638832309,234.0,0.3607082962989807,0.02316048563059706,67.14,0.3298788070678711,0.021180974902227437,470.0,-0.6826620697975159,0.043832607179608386,3.02,-0.043300919234752655,0.002780280708866431,15.0,0.08697549998760223,0.005584553608401572,7.4,0.09499971568584442,0.006099775282765026,0.0,-0.10368388891220093,0.006657371743080246,0.0,0.07749384641647339,0.004975752248572551,66.0,-0.26313939690589905,0.016895747293351825,0.0,0.009250224567949772,0.0005939416846908879,0.0,0.04970339685678482,0.003191373252305982,0.0,0.18609218299388885,0.011948672582301735,0.0
c6b4396e91c68dac,dos_wisenet-camera_554,wisenet-camera,1,1,detected,0.999160885810852,4.76837158203125e-06,0.09108422515527108,0.057149010710418224,104,13.446272850036621,7.0823283195495605,-6.3639445304870605,118,119,13.309097290039062,0.8544315049517142,234.0,0.3637973964214325,0.023355450046527355,67.14,0.3234082758426666,0.020762506563754914,470.0,-0.6847692728042603,0.04396154206076269,3.02,-0.044079288840293884,0.0028298488079429363,15.0,0.07431554794311523,0.00477098815092972,7.7,0.09297512471675873,0.005968915397009643,0.0,-0.1036468893289566,0.006654032629183991,0.0,0.07479455322027206,0.004801739838359884,66.0,-0.261221319437027,0.0167701625608446,0.0,0.009281796403229237,0.0005958825829158311,0.0,0.0496709868311882,0.0031888305499406526,0.0,0.18549486994743347,0.011908595860113582,0.0
806f6e04aa8e7932,dos_wisenet-camera_554,wisenet-camera,1,1,detected,0.999160885810852,4.76837158203125e-06,0.09108422515527108,0.057149010710418224,104,13.446272850036621,7.0823283195495605,-6.3639445304870605,118,119,13.309097290039062,0.8544315049517142,234.0,0.3637973964214325,0.023355450046527355,67.14,0.3234082758426666,0.020762506563754914,470.0,-0.6847692728042603,0.04396154206076269,3.02,-0.044079288840293884,0.0028298488079429363,15.0,0.07431554794311523,0.00477098815092972,7.7,0.09297512471675873,0.005968915397009643,0.0,-0.1036468893289566,0.006654032629183991,0.0,0.07479455322027206,0.004801739838359884,66.0,-0.261221319437027,0.0167701625608446,0.0,0.009281796403229237,0.0005958825829158311,0.0,0.0496709868311882,0.0031888305499406526,0.0,0.18549486994743347,0.011908595860113582,0.0
31445b982825c16d,dos_wisenet-camera_554,wisenet-camera,1,1,detected,0.9991610050201416,4.76837158203125e-06,0.09135604108476653,0.05765840318053961,104,13.446388244628906,7.082443714141846,-6.3639445304870605,118,119,13.286409378051758,0.8530984638832309,234.0,0.3607082962989807,0.02316048563059706,67.14,0.3298788070678711,0.021180974902227437,470.0,-0.6826620697975159,0.043832607179608386,3.02,-0.043300919234752655,0.002780280708866431,15.0,0.08697549998760223,0.005584553608401572,7.4,0.09499971568584442,0.006099775282765026,0.0,-0.10368388891220093,0.006657371743080246,0.0,0.07749384641647339,0.004975752248572551,66.0,-0.26313939690589905,0.016895747293351825,0.0,0.009250224567949772,0.0005939416846908879,0.0,0.04970339685678482,0.003191373252305982,0.0,0.18609218299388885,0.011948672582301735,0.0
6826116f1801471d,dos_wisenet-camera_554,wisenet-camera,1,1,detected,0.999160885810852,4.76837158203125e-06,0.09108422515527108,0.057149010710418224,104,13.446272850036621,7.0823283195495605,-6.3639445304870605,118,119,13.309097290039062,0.8544315049517142,234.0,0.3637973964214325,0.023355450046527355,67.14,0.3234082758426666,0.020762506563754914,470.0,-0.6847692728042603,0.04396154206076269,3.02,-0.044079288840293884,0.0028298488079429363,15.0,0.07431554794311523,0.00477098815092972,7.7,0.09297512471675873,0.005968915397009643,0.0,-0.1036468893289566,0.006654032629183991,0.0,0.07479455322027206,0.004801739838359884,66.0,-0.261221319437027,0.0167701625608446,0.0,0.009281796403229237,0.0005958825829158311,0.0,0.0496709868311882,0.0031888305499406526,0.0,0.18549486994743347,0.011908595860113582,0.0
caf6816839116c29,dos_wisenet-camera_554,wisenet-camera,1,1,detected,0.999157190322876,4.76837158203125e-06,0.11886081541996704,-3.1049717739224434,102,13.440413475036621,7.077902793884277,-6.362510681152344,116,119,11.222085952758789,0.5838012890103937,234.0,0.09963132441043854,0.005183073437637298,68.0,-1.0237520933151245,0.05325817269805624,272.0,1.2188533544540405,0.06340783366304394,4.0,0.5731683969497681,0.029817669403702524,15.0,0.2580302357673645,0.013423385356232359,2.5,0.28174281120300293,0.014656973493353934,0.0,0.5188623070716858,0.026992529282213365,0.0,-0.3147734999656677,0.016375313448841827,66.0,2.854053258895874,0.14847506768900792,0.0,0.5811583399772644,0.03023332644448871,0.0,0.18807625770568848,0.009784202521977599,0.0,0.08825337141752243,0.004591163551050559,0.0
86f551b13fd6ab59,dos_wisenet-camera_554,wisenet-camera,1,1,detected,0.999160885810852,4.76837158203125e-06,0.09108422515527108,0.057149010710418224,104,13.446272850036621,7.0823283195495605,-6.3639445304870605,118,119,13.309097290039062,0.8544315049517142,234.0,0.3637973964214325,0.023355450046527355,67.14,0.3234082758426666,0.020762506563754914,470.0,-0.6847692728042603,0.04396154206076269,3.02,-0.044079288840293884,0.0028298488079429363,15.0,0.07431554794311523,0.00477098815092972,7.7,0.09297512471675873,0.005968915397009643,0.0,-0.1036468893289566,0.006654032629183991,0.0,0.07479455322027206,0.004801739838359884,66.0,-0.261221319437027,0.0167701625608446,0.0,0.009281796403229237,0.0005958825829158311,0.0,0.0496709868311882,0.0031888305499406526,0.0,0.18549486994743347,0.011908595860113582,0.0
4e8ce3af8b721236,dos_wisenet-camera_554,wisenet-camera,1,1,detected,0.9991610050201416,4.76837158203125e-06,0.09135604108476653,0.05765840318053961,104,13.446388244628906,7.082443714141846,-6.3639445304870605,118,119,13.286409378051758,0.8530984638832309,234.0,0.3607082962989807,0.02316048563059706,67.14,0.3298788070678711,0.021180974902227437,470.0,-0.6826620697975159,0.043832607179608386,3.02,-0.043300919234752655,0.002780280708866431,15.0,0.08697549998760223,0.005584553608401572,7.4,0.09499971568584442,0.006099775282765026,0.0,-0.10368388891220093,0.006657371743080246,0.0,0.07749384641647339,0.004975752248572551,66.0,-0.26313939690589905,0.016895747293351825,0.0,0.009250224567949772,0.0005939416846908879,0.0,0.04970339685678482,0.003191373252305982,0.0,0.18609218299388885,0.011948672582301735,0.0
a40547ee283ee519,dos_wisenet-camera_554,wisenet-camera,1,1,detected,0.9991610050201416,4.76837158203125e-06,0.09135604108476653,0.05765840318053961,104,13.446388244628906,7.082443714141846,-6.3639445304870605,118,119,13.286409378051758,0.8530984638832309,234.0,0.3607082962989807,0.02316048563059706,67.14,0.3298788070678711,0.021180974902227437,470.0,-0.6826620697975159,0.043832607179608386,3.02,-0.043300919234752655,0.002780280708866431,15.0,0.08697549998760223,0.005584553608401572,7.4,0.09499971568584442,0.006099775282765026,0.0,-0.10368388891220093,0.006657371743080246,0.0,0.07749384641647339,0.004975752248572551,66.0,-0.26313939690589905,0.016895747293351825,0.0,0.009250224567949772,0.0005939416846908879,0.0,0.04970339685678482,0.003191373252305982,0.0,0.18609218299388885,0.011948672582301735,0.0
b4d8b6f54265e8b4,dos_wisenet-camera_554,wisenet-camera,1,1,detected,0.999160885810852,4.76837158203125e-06,0.09108422515527108,0.057149010710418224,104,13.446272850036621,7.0823283195495605,-6.3639445304870605,118,119,13.309097290039062,0.8544315049517142,234.0,0.3637973964214325,0.023355450046527355,67.14,0.3234082758426666,0.020762506563754914,470.0,-0.6847692728042603,0.04396154206076269,3.02,-0.044079288840293884,0.0028298488079429363,15.0,0.07431554794311523,0.00477098815092972,7.7,0.09297512471675873,0.005968915397009643,0.0,-0.1036468893289566,0.006654032629183991,0.0,0.07479455322027206,0.004801739838359884,66.0,-0.261221319437027,0.0167701625608446,0.0,0.009281796403229237,0.0005958825829158311,0.0,0.0496709868311882,0.0031888305499406526,0.0,0.18549486994743347,0.011908595860113582,0.0
5d03f50c68245eec,dos_wisenet-camera_554,wisenet-camera,1,1,detected,0.9991592168807983,3.337860107421875e-06,0.07711362550381455,-0.17400211468338966,104,13.444255352020264,7.080310821533203,-6.3639445304870605,118,119,14.764266967773438,0.8550077458880583,234.0,-0.0508866012096405,0.00294687425329865,67.33,-0.24243706464767456,0.014039678950304562,404.0,-0.9874993562698364,0.05718669274357555,3.27,-0.08099931478500366,0.004690719945932232,15.0,0.21317043900489807,0.012344830728228985,7.8,0.09324569255113602,0.005399915185490645,0.0,-0.15642565488815308,0.00905870551358317,0.0,0.06519745290279388,0.0037756244428345845,66.0,-0.2860812246799469,0.01656713899771648,0.0,-0.020539749413728714,0.001189469472861082,0.0,0.06940716505050659,0.004019411452518833,0.0,0.2378353774547577,0.013773192425596919,0.0
084b57b5352454f6,dos_wisenet-camera_554,wisenet-camera,1,1,detected,0.999160885810852,4.76837158203125e-06,0.09108422515527108,0.057149010710418224,104,13.446272850036621,7.0823283195495605,-6.3639445304870605,118,119,13.309097290039062,0.8544315049517142,234.0,0.3637973964214325,0.023355450046527355,67.14,0.3234082758426666,0.020762506563754914,470.0,-0.6847692728042603,0.04396154206076269,3.02,-0.044079288840293884,0.0028298488079429363,15.0,0.07431554794311523,0.00477098815092972,7.7,0.09297512471675873,0.005968915397009643,0.0,-0.1036468893289566,0.006654032629183991,0.0,0.07479455322027206,0.004801739838359884,66.0,-0.261221319437027,0.0167701625608446,0.0,0.009281796403229237,0.0005958825829158311,0.0,0.0496709868311882,0.0031888305499406526,0.0,0.18549486994743347,0.011908595860113582,0.0
92e453676817d30b,dos_wisenet-camera_554,wisenet-camera,1,1,detected,0.999160885810852,4.76837158203125e-06,0.09108422515527108,0.057149010710418224,104,13.446272850036621,7.0823283195495605,-6.3639445304870605,118,119,13.309097290039062,0.8544315049517142,234.0,0.3637973964214325,0.023355450046527355,67.14,0.3234082758426666,0.020762506563754914,470.0,-0.6847692728042603,0.04396154206076269,3.02,-0.044079288840293884,0.0028298488079429363,15.0,0.07431554794311523,0.00477098815092972,7.7,0.09297512471675873,0.005968915397009643,0.0,-0.1036468893289566,0.006654032629183991,0.0,0.07479455322027206,0.004801739838359884,66.0,-0.261221319437027,0.0167701625608446,0.0,0.009281796403229237,0.0005958825829158311,0.0,0.0496709868311882,0.0031888305499406526,0.0,0.18549486994743347,0.011908595860113582,0.0
99cb0049beaab702,dos_wisenet-camera_554,wisenet-camera,1,1,detected,0.9991610050201416,4.76837158203125e-06,0.09135604108476653,0.05765840318053961,104,13.446388244628906,7.082443714141846,-6.3639445304870605,118,119,13.286409378051758,0.8530984638832309,234.0,0.3607082962989807,0.02316048563059706,67.14,0.3298788070678711,0.021180974902227437,470.0,-0.6826620697975159,0.043832607179608386,3.02,-0.043300919234752655,0.002780280708866431,15.0,0.08697549998760223,0.005584553608401572,7.4,0.09499971568584442,0.006099775282765026,0.0,-0.10368388891220093,0.006657371743080246,0.0,0.07749384641647339,0.004975752248572551,66.0,-0.26313939690589905,0.016895747293351825,0.0,0.009250224567949772,0.0005939416846908879,0.0,0.04970339685678482,0.003191373252305982,0.0,0.18609218299388885,0.011948672582301735,0.0
575bbcfc4021068c,dos_wisenet-camera_554,wisenet-camera,1,1,detected,0.9991592168807983,3.337860107421875e-06,0.07711362550381455,-0.17400211468338966,104,13.444255352020264,7.080310821533203,-6.3639445304870605,118,119,14.764266967773438,0.8550077458880583,234.0,-0.0508866012096405,0.00294687425329865,67.33,-0.24243706464767456,0.014039678950304562,404.0,-0.9874993562698364,0.05718669274357555,3.27,-0.08099931478500366,0.004690719945932232,15.0,0.21317043900489807,0.012344830728228985,7.8,0.09324569255113602,0.005399915185490645,0.0,-0.15642565488815308,0.00905870551358317,0.0,0.06519745290279388,0.0037756244428345845,66.0,-0.2860812246799469,0.01656713899771648,0.0,-0.020539749413728714,0.001189469472861082,0.0,0.06940716505050659,0.004019411452518833,0.0,0.2378353774547577,0.013773192425596919,0.0
36d6827dce196e80,dos_wisenet-camera_554,wisenet-camera,1,1,detected,0.9991564750671387,9.059906005859375e-06,0.12189571623690654,-3.0450910925865173,102,13.439550876617432,7.077040195465088,-6.362510681152344,116,119,11.173748016357422,0.6041211490709145,234.0,-0.03535853326320648,0.0019116985377833824,71.0,-0.6530562043190002,0.0353082120684602,284.0,1.1418536901474,0.06173559331684195,6.0,0.5485290288925171,0.029656833745327973,15.0,0.26581427454948425,0.01437154522772525,2.3,0.27520275115966797,0.014879143687030631,0.0,0.5076919794082642,0.027448933117626587,0.0,-0.31719622015953064,0.01714956742564838,66.0,2.7371890544891357,0.14798917913681114,0.0,0.5641646981239319,0.030502193641465523,0.0,0.18675126135349274,0.01009691523687085,0.0,0.08931723237037659,0.004829035787493615,0.0
889c3ad9a65e2045,dos_wisenet-camera_554,wisenet-camera,1,1,detected,0.999160885810852,4.76837158203125e-06,0.09108422515527108,0.057149010710418224,104,13.446272850036621,7.0823283195495605,-6.3639445304870605,118,119,13.309097290039062,0.8544315049517142,234.0,0.3637973964214325,0.023355450046527355,67.14,0.3234082758426666,0.020762506563754914,470.0,-0.6847692728042603,0.04396154206076269,3.02,-0.044079288840293884,0.0028298488079429363,15.0,0.07431554794311523,0.00477098815092972,7.7,0.09297512471675873,0.005968915397009643,0.0,-0.1036468893289566,0.006654032629183991,0.0,0.07479455322027206,0.004801739838359884,66.0,-0.261221319437027,0.0167701625608446,0.0,0.009281796403229237,0.0005958825829158311,0.0,0.0496709868311882,0.0031888305499406526,0.0,0.18549486994743347,0.011908595860113582,0.0
9e1d37a3961f0ae9,dos_wisenet-camera_554,wisenet-camera,1,1,detected,0.999160885810852,3.337860107421875e-06,0.09127600129773963,0.05796032026410103,104,13.446275234222412,7.082330703735352,-6.3639445304870605,118,119,13.2959566116333,0.8541562740281817,234.0,0.36006370186805725,0.023131142721338475,67.14,0.32762986421585083,0.021047534393585334,470.0,-0.6817946434020996,0.04379971966448619,3.02,-0.042405866086483,0.002724229450453875,15.0,0.07940543442964554,0.005101148566525249,7.5,0.09354465454816818,0.006009477611727965,0.0,-0.1028810441493988,0.00660926414740943,0.0,0.07687392830848694,0.004938520039726625,66.0,-0.26185300946235657,0.016821910407690287,0.0,0.009349953383207321,0.000600657897540815,0.0,0.04923682659864426,0.0031630626949905047,0.0,0.18519183993339539,0.011897058376343556,0.0
3a684ad57c0db666,dos_wisenet-camera_554,wisenet-camera,1,1,detected,0.999160885810852,4.76837158203125e-06,0.09108422515527108,0.057149010710418224,104,13.446272850036621,7.0823283195495605,-6.3639445304870605,118,119,13.309097290039062,0.8544315049517142,234.0,0.3637973964214325,0.023355450046527355,67.14,0.3234082758426666,0.020762506563754914,470.0,-0.6847692728042603,0.04396154206076269,3.02,-0.044079288840293884,0.0028298488079429363,15.0,0.07431554794311523,0.00477098815092972,7.7,0.09297512471675873,0.005968915397009643,0.0,-0.1036468893289566,0.006654032629183991,0.0,0.07479455322027206,0.004801739838359884,66.0,-0.261221319437027,0.0167701625608446,0.0,0.009281796403229237,0.0005958825829158311,0.0,0.0496709868311882,0.0031888305499406526,0.0,0.18549486994743347,0.011908595860113582,0.0
5c52003d8e770eff,dos_wisenet-camera_554,wisenet-camera,1,1,detected,0.999160885810852,4.76837158203125e-06,0.09108422515527108,0.057149010710418224,104,13.446272850036621,7.0823283195495605,-6.3639445304870605,118,119,13.309097290039062,0.8544315049517142,234.0,0.3637973964214325,0.023355450046527355,67.14,0.3234082758426666,0.020762506563754914,470.0,-0.6847692728042603,0.04396154206076269,3.02,-0.044079288840293884,0.0028298488079429363,15.0,0.07431554794311523,0.00477098815092972,7.7,0.09297512471675873,0.005968915397009643,0.0,-0.1036468893289566,0.006654032629183991,0.0,0.07479455322027206,0.004801739838359884,66.0,-0.261221319437027,0.0167701625608446,0.0,0.009281796403229237,0.0005958825829158311,0.0,0.0496709868311882,0.0031888305499406526,0.0,0.18549486994743347,0.011908595860113582,0.0
358b858f2603bf54,dos_wisenet-camera_554,wisenet-camera,1,1,detected,0.999160885810852,3.337860107421875e-06,0.09127600129773963,0.05796032026410103,104,13.446275234222412,7.082330703735352,-6.3639445304870605,118,119,13.2959566116333,0.8541562740281817,234.0,0.36006370186805725,0.023131142721338475,67.14,0.32762986421585083,0.021047534393585334,470.0,-0.6817946434020996,0.04379971966448619,3.02,-0.042405866086483,0.002724229450453875,15.0,0.07940543442964554,0.005101148566525249,7.5,0.09354465454816818,0.006009477611727965,0.0,-0.1028810441493988,0.00660926414740943,0.0,0.07687392830848694,0.004938520039726625,66.0,-0.26185300946235657,0.016821910407690287,0.0,0.009349953383207321,0.000600657897540815,0.0,0.04923682659864426,0.0031630626949905047,0.0,0.18519183993339539,0.011897058376343556,0.0
8b145cc1e866f65e,dos_wisenet-camera_554,wisenet-camera,1,1,detected,0.999160885810852,4.76837158203125e-06,0.09108422515527108,0.057149010710418224,104,13.446272850036621,7.0823283195495605,-6.3639445304870605,118,119,13.309097290039062,0.8544315049517142,234.0,0.3637973964214325,0.023355450046527355,67.14,0.3234082758426666,0.020762506563754914,470.0,-0.6847692728042603,0.04396154206076269,3.02,-0.044079288840293884,0.0028298488079429363,15.0,0.07431554794311523,0.00477098815092972,7.7,0.09297512471675873,0.005968915397009643,0.0,-0.1036468893289566,0.006654032629183991,0.0,0.07479455322027206,0.004801739838359884,66.0,-0.261221319437027,0.0167701625608446,0.0,0.009281796403229237,0.0005958825829158311,0.0,0.0496709868311882,0.0031888305499406526,0.0,0.18549486994743347,0.011908595860113582,0.0
16fb3659d9704e4a,dos_wisenet-camera_554,wisenet-camera,1,1,detected,0.999160885810852,4.76837158203125e-06,0.09108422515527108,0.057149010710418224,104,13.446272850036621,7.0823283195495605,-6.3639445304870605,118,119,13.309097290039062,0.8544315049517142,234.0,0.3637973964214325,0.023355450046527355,67.14,0.3234082758426666,0.020762506563754914,470.0,-0.6847692728042603,0.04396154206076269,3.02,-0.044079288840293884,0.0028298488079429363,15.0,0.07431554794311523,0.00477098815092972,7.7,0.09297512471675873,0.005968915397009643,0.0,-0.1036468893289566,0.006654032629183991,0.0,0.07479455322027206,0.004801739838359884,66.0,-0.261221319437027,0.0167701625608446,0.0,0.009281796403229237,0.0005958825829158311,0.0,0.0496709868311882,0.0031888305499406526,0.0,0.18549486994743347,0.011908595860113582,0.0
635b27d8196e2d7e,dos_wisenet-camera_554,wisenet-camera,1,1,detected,0.9991610050201416,4.76837158203125e-06,0.09135604108476653,0.05765840318053961,104,13.446388244628906,7.082443714141846,-6.3639445304870605,118,119,13.286409378051758,0.8530984638832309,234.0,0.3607082962989807,0.02316048563059706,67.14,0.3298788070678711,0.021180974902227437,470.0,-0.6826620697975159,0.043832607179608386,3.02,-0.043300919234752655,0.002780280708866431,15.0,0.08697549998760223,0.005584553608401572,7.4,0.09499971568584442,0.006099775282765026,0.0,-0.10368388891220093,0.006657371743080246,0.0,0.07749384641647339,0.004975752248572551,66.0,-0.26313939690589905,0.016895747293351825,0.0,0.009250224567949772,0.0005939416846908879,0.0,0.04970339685678482,0.003191373252305982,0.0,0.18609218299388885,0.011948672582301735,0.0
bb61622fa9c3cc6f,dos_wisenet-camera_554,wisenet-camera,1,1,detected,0.999160885810852,4.76837158203125e-06,0.09108422515527108,0.057149010710418224,104,13.446272850036621,7.0823283195495605,-6.3639445304870605,118,119,13.309097290039062,0.8544315049517142,234.0,0.3637973964214325,0.023355450046527355,67.14,0.3234082758426666,0.020762506563754914,470.0,-0.6847692728042603,0.04396154206076269,3.02,-0.044079288840293884,0.0028298488079429363,15.0,0.07431554794311523,0.00477098815092972,7.7,0.09297512471675873,0.005968915397009643,0.0,-0.1036468893289566,0.006654032629183991,0.0,0.07479455322027206,0.004801739838359884,66.0,-0.261221319437027,0.0167701625608446,0.0,0.009281796403229237,0.0005958825829158311,0.0,0.0496709868311882,0.0031888305499406526,0.0,0.18549486994743347,0.011908595860113582,0.0
5bda2968ff20738c,dos_wisenet-camera_554,wisenet-camera,1,1,detected,0.999160885810852,4.76837158203125e-06,0.09108422515527108,0.057149010710418224,104,13.446272850036621,7.0823283195495605,-6.3639445304870605,118,119,13.309097290039062,0.8544315049517142,234.0,0.3637973964214325,0.023355450046527355,67.14,0.3234082758426666,0.020762506563754914,470.0,-0.6847692728042603,0.04396154206076269,3.02,-0.044079288840293884,0.0028298488079429363,15.0,0.07431554794311523,0.00477098815092972,7.7,0.09297512471675873,0.005968915397009643,0.0,-0.1036468893289566,0.006654032629183991,0.0,0.07479455322027206,0.004801739838359884,66.0,-0.261221319437027,0.0167701625608446,0.0,0.009281796403229237,0.0005958825829158311,0.0,0.0496709868311882,0.0031888305499406526,0.0,0.18549486994743347,0.011908595860113582,0.0
dbc7cdb473caac08,dos_wisenet-camera_554,wisenet-camera,1,1,detected,0.9991598129272461,2.2411346435546875e-05,0.07785320195319066,-0.164829408749938,104,13.445050716400146,7.081106185913086,-6.3639445304870605,118,119,14.785158157348633,0.8540095132573802,234.0,-0.048691898584365845,0.002812505904033493,67.33,-0.27179157733917236,0.015699026699657982,404.0,-0.9710588455200195,0.05608959222358021,3.27,-0.07995089888572693,0.00461806546235376,15.0,0.2030893862247467,0.01173070088474714,13.0,0.10108666121959686,0.0058388939385172365,0.0,-0.15631327033042908,0.009028853022056398,0.0,0.06570709496736526,0.003795325257494497,66.0,-0.3043458163738251,0.01757940089224854,0.0,-0.0192157793790102,0.0011099278221906102,0.0,0.0703861266374588,0.004065592069426188,0.0,0.23584319651126862,0.013622602566313818,0.0
44a4933ef27efce1,dos_wisenet-camera_554,wisenet-camera,1,1,detected,0.9991610050201416,4.76837158203125e-06,0.09135604108476653,0.05765840318053961,104,13.446388244628906,7.082443714141846,-6.3639445304870605,118,119,13.286409378051758,0.8530984638832309,234.0,0.3607082962989807,0.02316048563059706,67.14,0.3298788070678711,0.021180974902227437,470.0,-0.6826620697975159,0.043832607179608386,3.02,-0.043300919234752655,0.002780280708866431,15.0,0.08697549998760223,0.005584553608401572,7.4,0.09499971568584442,0.006099775282765026,0.0,-0.10368388891220093,0.006657371743080246,0.0,0.07749384641647339,0.004975752248572551,66.0,-0.26313939690589905,0.016895747293351825,0.0,0.009250224567949772,0.0005939416846908879,0.0,0.04970339685678482,0.003191373252305982,0.0,0.18609218299388885,0.011948672582301735,0.0
0968c8ebc1d49e91,dos_wisenet-camera_554,wisenet-camera,1,1,detected,0.999157190322876,4.76837158203125e-06,0.11886081541996704,-3.1049717739224434,102,13.440413475036621,7.077902793884277,-6.362510681152344,116,119,11.222085952758789,0.5838012890103937,234.0,0.09963132441043854,0.005183073437637298,68.0,-1.0237520933151245,0.05325817269805624,272.0,1.2188533544540405,0.06340783366304394,4.0,0.5731683969497681,0.029817669403702524,15.0,0.2580302357673645,0.013423385356232359,2.5,0.28174281120300293,0.014656973493353934,0.0,0.5188623070716858,0.026992529282213365,0.0,-0.3147734999656677,0.016375313448841827,66.0,2.854053258895874,0.14847506768900792,0.0,0.5811583399772644,0.03023332644448871,0.0,0.18807625770568848,0.009784202521977599,0.0,0.08825337141752243,0.004591163551050559,0.0
8df83197bccb13db,dos_wisenet-camera_554,wisenet-camera,1,1,detected,0.999160885810852,4.76837158203125e-06,0.09108422515527108,0.057149010710418224,104,13.446272850036621,7.0823283195495605,-6.3639445304870605,118,119,13.309097290039062,0.8544315049517142,234.0,0.3637973964214325,0.023355450046527355,67.14,0.3234082758426666,0.020762506563754914,470.0,-0.6847692728042603,0.04396154206076269,3.02,-0.044079288840293884,0.0028298488079429363,15.0,0.07431554794311523,0.00477098815092972,7.7,0.09297512471675873,0.005968915397009643,0.0,-0.1036468893289566,0.006654032629183991,0.0,0.07479455322027206,0.004801739838359884,66.0,-0.261221319437027,0.0167701625608446,0.0,0.009281796403229237,0.0005958825829158311,0.0,0.0496709868311882,0.0031888305499406526,0.0,0.18549486994743347,0.011908595860113582,0.0
9dd762f658bf818f,dos_wisenet-camera_554,wisenet-camera,1,1,detected,0.999160885810852,4.76837158203125e-06,0.09108422515527108,0.057149010710418224,104,13.446272850036621,7.0823283195495605,-6.3639445304870605,118,119,13.309097290039062,0.8544315049517142,234.0,0.3637973964214325,0.023355450046527355,67.14,0.3234082758426666,0.020762506563754914,470.0,-0.6847692728042603,0.04396154206076269,3.02,-0.044079288840293884,0.0028298488079429363,15.0,0.07431554794311523,0.00477098815092972,7.7,0.09297512471675873,0.005968915397009643,0.0,-0.1036468893289566,0.006654032629183991,0.0,0.07479455322027206,0.004801739838359884,66.0,-0.261221319437027,0.0167701625608446,0.0,0.009281796403229237,0.0005958825829158311,0.0,0.0496709868311882,0.0031888305499406526,0.0,0.18549486994743347,0.011908595860113582,0.0
086c1a13ece5b967,dos_wisenet-camera_554,wisenet-camera,1,1,detected,0.9991596937179565,2.384185791015625e-06,0.09572925834329171,0.16878365632146597,104,13.444895267486572,7.080950736999512,-6.3639445304870605,118,119,13.272082328796387,0.9001402068029428,234.0,0.08841626346111298,0.005996574742755327,67.6,0.3383197784423828,0.022945550501288204,338.0,-0.4362114369869232,0.02958476623124041,3.58,-0.018492233008146286,0.0012541816748744168,15.0,0.06575942039489746,0.0044599405584664345,7.1,0.07484422624111176,0.005076090971836989,0.0,-0.05896751210093498,0.003999299222400488,0.0,0.030350537970662117,0.0020584365624538685,66.0,-0.2205047905445099,0.014955093168094812,0.0,0.007193179801106453,0.00048785640363985776,0.0,0.011495930142700672,0.000779677874178859,0.0,0.12182353436946869,0.008262325285827519,0.0
1d533dda5d1b955e,dos_wisenet-camera_554,wisenet-camera,1,1,detected,0.999160885810852,4.76837158203125e-06,0.09108422515527108,0.057149010710418224,104,13.446272850036621,7.0823283195495605,-6.3639445304870605,118,119,13.309097290039062,0.8544315049517142,234.0,0.3637973964214325,0.023355450046527355,67.14,0.3234082758426666,0.020762506563754914,470.0,-0.6847692728042603,0.04396154206076269,3.02,-0.044079288840293884,0.0028298488079429363,15.0,0.07431554794311523,0.00477098815092972,7.7,0.09297512471675873,0.005968915397009643,0.0,-0.1036468893289566,0.006654032629183991,0.0,0.07479455322027206,0.004801739838359884,66.0,-0.261221319437027,0.0167701625608446,0.0,0.009281796403229237,0.0005958825829158311,0.0,0.0496709868311882,0.0031888305499406526,0.0,0.18549486994743347,0.011908595860113582,0.0
0d5768a0d0623402,dos_wisenet-camera_554,wisenet-camera,1,1,detected,0.999160885810852,4.76837158203125e-06,0.09108422515527108,0.057149010710418224,104,13.446272850036621,7.0823283195495605,-6.3639445304870605,118,119,13.309097290039062,0.8544315049517142,234.0,0.3637973964214325,0.023355450046527355,67.14,0.3234082758426666,0.020762506563754914,470.0,-0.6847692728042603,0.04396154206076269,3.02,-0.044079288840293884,0.0028298488079429363,15.0,0.07431554794311523,0.00477098815092972,7.7,0.09297512471675873,0.005968915397009643,0.0,-0.1036468893289566,0.006654032629183991,0.0,0.07479455322027206,0.004801739838359884,66.0,-0.261221319437027,0.0167701625608446,0.0,0.009281796403229237,0.0005958825829158311,0.0,0.0496709868311882,0.0031888305499406526,0.0,0.18549486994743347,0.011908595860113582,0.0
8840ec16334a9e83,dos_wisenet-camera_554,wisenet-camera,1,1,detected,0.9991610050201416,4.76837158203125e-06,0.09135604108476653,0.05765840318053961,104,13.446388244628906,7.082443714141846,-6.3639445304870605,118,119,13.286409378051758,0.8530984638832309,234.0,0.3607082962989807,0.02316048563059706,67.14,0.3298788070678711,0.021180974902227437,470.0,-0.6826620697975159,0.043832607179608386,3.02,-0.043300919234752655,0.002780280708866431,15.0,0.08697549998760223,0.005584553608401572,7.4,0.09499971568584442,0.006099775282765026,0.0,-0.10368388891220093,0.006657371743080246,0.0,0.07749384641647339,0.004975752248572551,66.0,-0.26313939690589905,0.016895747293351825,0.0,0.009250224567949772,0.0005939416846908879,0.0,0.04970339685678482,0.003191373252305982,0.0,0.18609218299388885,0.011948672582301735,0.0
bf74789f052a4cb1,dos_wisenet-camera_554,wisenet-camera,1,1,detected,0.999160885810852,4.76837158203125e-06,0.09108422515527108,0.057149010710418224,104,13.446272850036621,7.0823283195495605,-6.3639445304870605,118,119,13.309097290039062,0.8544315049517142,234.0,0.3637973964214325,0.023355450046527355,67.14,0.3234082758426666,0.020762506563754914,470.0,-0.6847692728042603,0.04396154206076269,3.02,-0.044079288840293884,0.0028298488079429363,15.0,0.07431554794311523,0.00477098815092972,7.7,0.09297512471675873,0.005968915397009643,0.0,-0.1036468893289566,0.006654032629183991,0.0,0.07479455322027206,0.004801739838359884,66.0,-0.261221319437027,0.0167701625608446,0.0,0.009281796403229237,0.0005958825829158311,0.0,0.0496709868311882,0.0031888305499406526,0.0,0.18549486994743347,0.011908595860113582,0.0
ff6389a254c1ba4c,dos_wisenet-camera_554,wisenet-camera,1,1,detected,0.999160885810852,4.76837158203125e-06,0.09108422515527108,0.057149010710418224,104,13.446272850036621,7.0823283195495605,-6.3639445304870605,118,119,13.309097290039062,0.8544315049517142,234.0,0.3637973964214325,0.023355450046527355,67.14,0.3234082758426666,0.020762506563754914,470.0,-0.6847692728042603,0.04396154206076269,3.02,-0.044079288840293884,0.0028298488079429363,15.0,0.07431554794311523,0.00477098815092972,7.7,0.09297512471675873,0.005968915397009643,0.0,-0.1036468893289566,0.006654032629183991,0.0,0.07479455322027206,0.004801739838359884,66.0,-0.261221319437027,0.0167701625608446,0.0,0.009281796403229237,0.0005958825829158311,0.0,0.0496709868311882,0.0031888305499406526,0.0,0.18549486994743347,0.011908595860113582,0.0
6ab83c4af026529b,dos_wisenet-camera_554,wisenet-camera,1,1,detected,0.9991592168807983,3.337860107421875e-06,0.07711362550381455,-0.17400211468338966,104,13.444255352020264,7.080310821533203,-6.3639445304870605,118,119,14.764266967773438,0.8550077458880583,234.0,-0.0508866012096405,0.00294687425329865,67.33,-0.24243706464767456,0.014039678950304562,404.0,-0.9874993562698364,0.05718669274357555,3.27,-0.08099931478500366,0.004690719945932232,15.0,0.21317043900489807,0.012344830728228985,7.8,0.09324569255113602,0.005399915185490645,0.0,-0.15642565488815308,0.00905870551358317,0.0,0.06519745290279388,0.0037756244428345845,66.0,-0.2860812246799469,0.01656713899771648,0.0,-0.020539749413728714,0.001189469472861082,0.0,0.06940716505050659,0.004019411452518833,0.0,0.2378353774547577,0.013773192425596919,0.0
0b2aa731b1f8e7c3,dos_wisenet-camera_554,wisenet-camera,1,1,detected,0.9991610050201416,4.76837158203125e-06,0.09135604108476653,0.05765840318053961,104,13.446388244628906,7.082443714141846,-6.3639445304870605,118,119,13.286409378051758,0.8530984638832309,234.0,0.3607082962989807,0.02316048563059706,67.14,0.3298788070678711,0.021180974902227437,470.0,-0.6826620697975159,0.043832607179608386,3.02,-0.043300919234752655,0.002780280708866431,15.0,0.08697549998760223,0.005584553608401572,7.4,0.09499971568584442,0.006099775282765026,0.0,-0.10368388891220093,0.006657371743080246,0.0,0.07749384641647339,0.004975752248572551,66.0,-0.26313939690589905,0.016895747293351825,0.0,0.009250224567949772,0.0005939416846908879,0.0,0.04970339685678482,0.003191373252305982,0.0,0.18609218299388885,0.011948672582301735,0.0
c869c68ad85df287,dos_wisenet-camera_554,wisenet-camera,1,1,detected,0.999160885810852,4.76837158203125e-06,0.09108422515527108,0.057149010710418224,104,13.446272850036621,7.0823283195495605,-6.3639445304870605,118,119,13.309097290039062,0.8544315049517142,234.0,0.3637973964214325,0.023355450046527355,67.14,0.3234082758426666,0.020762506563754914,470.0,-0.6847692728042603,0.04396154206076269,3.02,-0.044079288840293884,0.0028298488079429363,15.0,0.07431554794311523,0.00477098815092972,7.7,0.09297512471675873,0.005968915397009643,0.0,-0.1036468893289566,0.006654032629183991,0.0,0.07479455322027206,0.004801739838359884,66.0,-0.261221319437027,0.0167701625608446,0.0,0.009281796403229237,0.0005958825829158311,0.0,0.0496709868311882,0.0031888305499406526,0.0,0.18549486994743347,0.011908595860113582,0.0
d9c48de1097499c1,dos_wisenet-camera_554,wisenet-camera,1,1,detected,0.9991598129272461,2.2411346435546875e-05,0.07785320195319066,-0.164829408749938,104,13.445050716400146,7.081106185913086,-6.3639445304870605,118,119,14.785158157348633,0.8540095132573802,234.0,-0.048691898584365845,0.002812505904033493,67.33,-0.27179157733917236,0.015699026699657982,404.0,-0.9710588455200195,0.05608959222358021,3.27,-0.07995089888572693,0.00461806546235376,15.0,0.2030893862247467,0.01173070088474714,13.0,0.10108666121959686,0.0058388939385172365,0.0,-0.15631327033042908,0.009028853022056398,0.0,0.06570709496736526,0.003795325257494497,66.0,-0.3043458163738251,0.01757940089224854,0.0,-0.0192157793790102,0.0011099278221906102,0.0,0.0703861266374588,0.004065592069426188,0.0,0.23584319651126862,0.013622602566313818,0.0
9628875b787bfe37,dos_wisenet-camera_554,wisenet-camera,1,1,detected,0.999160885810852,4.76837158203125e-06,0.09108422515527108,0.057149010710418224,104,13.446272850036621,7.0823283195495605,-6.3639445304870605,118,119,13.309097290039062,0.8544315049517142,234.0,0.3637973964214325,0.023355450046527355,67.14,0.3234082758426666,0.020762506563754914,470.0,-0.6847692728042603,0.04396154206076269,3.02,-0.044079288840293884,0.0028298488079429363,15.0,0.07431554794311523,0.00477098815092972,7.7,0.09297512471675873,0.005968915397009643,0.0,-0.1036468893289566,0.006654032629183991,0.0,0.07479455322027206,0.004801739838359884,66.0,-0.261221319437027,0.0167701625608446,0.0,0.009281796403229237,0.0005958825829158311,0.0,0.0496709868311882,0.0031888305499406526,0.0,0.18549486994743347,0.011908595860113582,0.0
9b1a19d518a4bf7a,dos_wisenet-camera_554,wisenet-camera,1,1,detected,0.999160885810852,4.76837158203125e-06,0.09108422515527108,0.057149010710418224,104,13.446272850036621,7.0823283195495605,-6.3639445304870605,118,119,13.309097290039062,0.8544315049517142,234.0,0.3637973964214325,0.023355450046527355,67.14,0.3234082758426666,0.020762506563754914,470.0,-0.6847692728042603,0.04396154206076269,3.02,-0.044079288840293884,0.0028298488079429363,15.0,0.07431554794311523,0.00477098815092972,7.7,0.09297512471675873,0.005968915397009643,0.0,-0.1036468893289566,0.006654032629183991,0.0,0.07479455322027206,0.004801739838359884,66.0,-0.261221319437027,0.0167701625608446,0.0,0.009281796403229237,0.0005958825829158311,0.0,0.0496709868311882,0.0031888305499406526,0.0,0.18549486994743347,0.011908595860113582,0.0
7eca0717a4bd34e9,dos_wisenet-camera_554,wisenet-camera,1,1,detected,0.999160885810852,4.76837158203125e-06,0.09108422515527108,0.057149010710418224,104,13.446272850036621,7.0823283195495605,-6.3639445304870605,118,119,13.309097290039062,0.8544315049517142,234.0,0.3637973964214325,0.023355450046527355,67.14,0.3234082758426666,0.020762506563754914,470.0,-0.6847692728042603,0.04396154206076269,3.02,-0.044079288840293884,0.0028298488079429363,15.0,0.07431554794311523,0.00477098815092972,7.7,0.09297512471675873,0.005968915397009643,0.0,-0.1036468893289566,0.006654032629183991,0.0,0.07479455322027206,0.004801739838359884,66.0,-0.261221319437027,0.0167701625608446,0.0,0.009281796403229237,0.0005958825829158311,0.0,0.0496709868311882,0.0031888305499406526,0.0,0.18549486994743347,0.011908595860113582,0.0
a38ac084472269f5,dos_wisenet-camera_554,wisenet-camera,1,1,detected,0.9991598129272461,2.2411346435546875e-05,0.07785320195319066,-0.164829408749938,104,13.445050716400146,7.081106185913086,-6.3639445304870605,118,119,14.785158157348633,0.8540095132573802,234.0,-0.048691898584365845,0.002812505904033493,67.33,-0.27179157733917236,0.015699026699657982,404.0,-0.9710588455200195,0.05608959222358021,3.27,-0.07995089888572693,0.00461806546235376,15.0,0.2030893862247467,0.01173070088474714,13.0,0.10108666121959686,0.0058388939385172365,0.0,-0.15631327033042908,0.009028853022056398,0.0,0.06570709496736526,0.003795325257494497,66.0,-0.3043458163738251,0.01757940089224854,0.0,-0.0192157793790102,0.0011099278221906102,0.0,0.0703861266374588,0.004065592069426188,0.0,0.23584319651126862,0.013622602566313818,0.0
b3b52b52f46c2241,dos_wisenet-camera_554,wisenet-camera,1,1,detected,0.999160885810852,3.337860107421875e-06,0.09127600129773963,0.05796032026410103,104,13.446275234222412,7.082330703735352,-6.3639445304870605,118,119,13.2959566116333,0.8541562740281817,234.0,0.36006370186805725,0.023131142721338475,67.14,0.32762986421585083,0.021047534393585334,470.0,-0.6817946434020996,0.04379971966448619,3.02,-0.042405866086483,0.002724229450453875,15.0,0.07940543442964554,0.005101148566525249,7.5,0.09354465454816818,0.006009477611727965,0.0,-0.1028810441493988,0.00660926414740943,0.0,0.07687392830848694,0.004938520039726625,66.0,-0.26185300946235657,0.016821910407690287,0.0,0.009349953383207321,0.000600657897540815,0.0,0.04923682659864426,0.0031630626949905047,0.0,0.18519183993339539,0.011897058376343556,0.0
67ecc55d9217fbca,dos_wisenet-camera_554,wisenet-camera,1,1,detected,0.999160885810852,4.76837158203125e-06,0.09108422515527108,0.057149010710418224,104,13.446272850036621,7.0823283195495605,-6.3639445304870605,118,119,13.309097290039062,0.8544315049517142,234.0,0.3637973964214325,0.023355450046527355,67.14,0.3234082758426666,0.020762506563754914,470.0,-0.6847692728042603,0.04396154206076269,3.02,-0.044079288840293884,0.0028298488079429363,15.0,0.07431554794311523,0.00477098815092972,7.7,0.09297512471675873,0.005968915397009643,0.0,-0.1036468893289566,0.006654032629183991,0.0,0.07479455322027206,0.004801739838359884,66.0,-0.261221319437027,0.0167701625608446,0.0,0.009281796403229237,0.0005958825829158311,0.0,0.0496709868311882,0.0031888305499406526,0.0,0.18549486994743347,0.011908595860113582,0.0
4dc73df704390a54,dos_wisenet-camera_554,wisenet-camera,1,1,detected,0.999160885810852,4.76837158203125e-06,0.09108422515527108,0.057149010710418224,104,13.446272850036621,7.0823283195495605,-6.3639445304870605,118,119,13.309097290039062,0.8544315049517142,234.0,0.3637973964214325,0.023355450046527355,67.14,0.3234082758426666,0.020762506563754914,470.0,-0.6847692728042603,0.04396154206076269,3.02,-0.044079288840293884,0.0028298488079429363,15.0,0.07431554794311523,0.00477098815092972,7.7,0.09297512471675873,0.005968915397009643,0.0,-0.1036468893289566,0.006654032629183991,0.0,0.07479455322027206,0.004801739838359884,66.0,-0.261221319437027,0.0167701625608446,0.0,0.009281796403229237,0.0005958825829158311,0.0,0.0496709868311882,0.0031888305499406526,0.0,0.18549486994743347,0.011908595860113582,0.0
fe487632d86b5ce5,dos_wisenet-camera_554,wisenet-camera,1,1,detected,0.999160885810852,4.76837158203125e-06,0.09108422515527108,0.057149010710418224,104,13.446272850036621,7.0823283195495605,-6.3639445304870605,118,119,13.309097290039062,0.8544315049517142,234.0,0.3637973964214325,0.023355450046527355,67.14,0.3234082758426666,0.020762506563754914,470.0,-0.6847692728042603,0.04396154206076269,3.02,-0.044079288840293884,0.0028298488079429363,15.0,0.07431554794311523,0.00477098815092972,7.7,0.09297512471675873,0.005968915397009643,0.0,-0.1036468893289566,0.006654032629183991,0.0,0.07479455322027206,0.004801739838359884,66.0,-0.261221319437027,0.0167701625608446,0.0,0.009281796403229237,0.0005958825829158311,0.0,0.0496709868311882,0.0031888305499406526,0.0,0.18549486994743347,0.011908595860113582,0.0
3f3c7d9631f74915,dos_wisenet-camera_554,wisenet-camera,1,1,detected,0.999160885810852,3.337860107421875e-06,0.09127600129773963,0.05796032026410103,104,13.446275234222412,7.082330703735352,-6.3639445304870605,118,119,13.2959566116333,0.8541562740281817,234.0,0.36006370186805725,0.023131142721338475,67.14,0.32762986421585083,0.021047534393585334,470.0,-0.6817946434020996,0.04379971966448619,3.02,-0.042405866086483,0.002724229450453875,15.0,0.07940543442964554,0.005101148566525249,7.5,0.09354465454816818,0.006009477611727965,0.0,-0.1028810441493988,0.00660926414740943,0.0,0.07687392830848694,0.004938520039726625,66.0,-0.26185300946235657,0.016821910407690287,0.0,0.009349953383207321,0.000600657897540815,0.0,0.04923682659864426,0.0031630626949905047,0.0,0.18519183993339539,0.011897058376343556,0.0
1a651b29099b3cfc,dos_wisenet-camera_554,wisenet-camera,1,1,detected,0.9991598129272461,2.2411346435546875e-05,0.07785320195319066,-0.164829408749938,104,13.445050716400146,7.081106185913086,-6.3639445304870605,118,119,14.785158157348633,0.8540095132573802,234.0,-0.048691898584365845,0.002812505904033493,67.33,-0.27179157733917236,0.015699026699657982,404.0,-0.9710588455200195,0.05608959222358021,3.27,-0.07995089888572693,0.00461806546235376,15.0,0.2030893862247467,0.01173070088474714,13.0,0.10108666121959686,0.0058388939385172365,0.0,-0.15631327033042908,0.009028853022056398,0.0,0.06570709496736526,0.003795325257494497,66.0,-0.3043458163738251,0.01757940089224854,0.0,-0.0192157793790102,0.0011099278221906102,0.0,0.0703861266374588,0.004065592069426188,0.0,0.23584319651126862,0.013622602566313818,0.0
f5c3c6402268eb71,dos_wisenet-camera_554,wisenet-camera,1,1,detected,0.9991598129272461,2.2411346435546875e-05,0.07785320195319066,-0.164829408749938,104,13.445050716400146,7.081106185913086,-6.3639445304870605,118,119,14.785158157348633,0.8540095132573802,234.0,-0.048691898584365845,0.002812505904033493,67.33,-0.27179157733917236,0.015699026699657982,404.0,-0.9710588455200195,0.05608959222358021,3.27,-0.07995089888572693,0.00461806546235376,15.0,0.2030893862247467,0.01173070088474714,13.0,0.10108666121959686,0.0058388939385172365,0.0,-0.15631327033042908,0.009028853022056398,0.0,0.06570709496736526,0.003795325257494497,66.0,-0.3043458163738251,0.01757940089224854,0.0,-0.0192157793790102,0.0011099278221906102,0.0,0.0703861266374588,0.004065592069426188,0.0,0.23584319651126862,0.013622602566313818,0.0
c5ba1b6e918f0d44,dos_wisenet-camera_554,wisenet-camera,1,1,detected,0.999160885810852,4.76837158203125e-06,0.09108422515527108,0.057149010710418224,104,13.446272850036621,7.0823283195495605,-6.3639445304870605,118,119,13.309097290039062,0.8544315049517142,234.0,0.3637973964214325,0.023355450046527355,67.14,0.3234082758426666,0.020762506563754914,470.0,-0.6847692728042603,0.04396154206076269,3.02,-0.044079288840293884,0.0028298488079429363,15.0,0.07431554794311523,0.00477098815092972,7.7,0.09297512471675873,0.005968915397009643,0.0,-0.1036468893289566,0.006654032629183991,0.0,0.07479455322027206,0.004801739838359884,66.0,-0.261221319437027,0.0167701625608446,0.0,0.009281796403229237,0.0005958825829158311,0.0,0.0496709868311882,0.0031888305499406526,0.0,0.18549486994743347,0.011908595860113582,0.0
055f3cdb2055cfe7,dos_wisenet-camera_554,wisenet-camera,1,1,detected,0.999160885810852,4.76837158203125e-06,0.09108422515527108,0.057149010710418224,104,13.446272850036621,7.0823283195495605,-6.3639445304870605,118,119,13.309097290039062,0.8544315049517142,234.0,0.3637973964214325,0.023355450046527355,67.14,0.3234082758426666,0.020762506563754914,470.0,-0.6847692728042603,0.04396154206076269,3.02,-0.044079288840293884,0.0028298488079429363,15.0,0.07431554794311523,0.00477098815092972,7.7,0.09297512471675873,0.005968915397009643,0.0,-0.1036468893289566,0.006654032629183991,0.0,0.07479455322027206,0.004801739838359884,66.0,-0.261221319437027,0.0167701625608446,0.0,0.009281796403229237,0.0005958825829158311,0.0,0.0496709868311882,0.0031888305499406526,0.0,0.18549486994743347,0.011908595860113582,0.0
839e67444899c0a9,dos_wisenet-camera_554,wisenet-camera,1,1,detected,0.999160885810852,4.76837158203125e-06,0.09108422515527108,0.057149010710418224,104,13.446272850036621,7.0823283195495605,-6.3639445304870605,118,119,13.309097290039062,0.8544315049517142,234.0,0.3637973964214325,0.023355450046527355,67.14,0.3234082758426666,0.020762506563754914,470.0,-0.6847692728042603,0.04396154206076269,3.02,-0.044079288840293884,0.0028298488079429363,15.0,0.07431554794311523,0.00477098815092972,7.7,0.09297512471675873,0.005968915397009643,0.0,-0.1036468893289566,0.006654032629183991,0.0,0.07479455322027206,0.004801739838359884,66.0,-0.261221319437027,0.0167701625608446,0.0,0.009281796403229237,0.0005958825829158311,0.0,0.0496709868311882,0.0031888305499406526,0.0,0.18549486994743347,0.011908595860113582,0.0
499829a13c1cb635,dos_wisenet-camera_554,wisenet-camera,1,1,detected,0.999160885810852,4.76837158203125e-06,0.09108422515527108,0.057149010710418224,104,13.446272850036621,7.0823283195495605,-6.3639445304870605,118,119,13.309097290039062,0.8544315049517142,234.0,0.3637973964214325,0.023355450046527355,67.14,0.3234082758426666,0.020762506563754914,470.0,-0.6847692728042603,0.04396154206076269,3.02,-0.044079288840293884,0.0028298488079429363,15.0,0.07431554794311523,0.00477098815092972,7.7,0.09297512471675873,0.005968915397009643,0.0,-0.1036468893289566,0.006654032629183991,0.0,0.07479455322027206,0.004801739838359884,66.0,-0.261221319437027,0.0167701625608446,0.0,0.009281796403229237,0.0005958825829158311,0.0,0.0496709868311882,0.0031888305499406526,0.0,0.18549486994743347,0.011908595860113582,0.0
064dc23fd23c8b64,dos_wisenet-camera_554,wisenet-camera,1,1,detected,0.9991582632064819,3.814697265625e-06,0.0,-3.762543201446533e-07,105,13.941302299499512,7.079206466674805,-6.862095832824707,119,119,14.019636154174805,0.9164651060560127,234.0,-0.45900100469589233,0.03000494448090028,68.86,0.3171405494213104,0.02073151143608769,482.0,-0.17790086567401886,0.0116293985046713,5.01,-0.008647114038467407,0.0005652627641112217,15.0,-0.03252774849534035,0.002126342377699177,7.5,-2.9943883419036865e-05,1.9574348429281165e-06,0.0,0.0,0.0,0.0,0.2826288342475891,0.018475476945674692,66.0,0.0,0.0,0.0,0.0,0.0,0.0,0.0,0.0,0.0,0.0,0.0,0.0
ead14c9e4e48d632,dos_wisenet-camera_554,wisenet-camera,1,1,detected,0.999160885810852,4.76837158203125e-06,0.09108422515527108,0.057149010710418224,104,13.446272850036621,7.0823283195495605,-6.3639445304870605,118,119,13.309097290039062,0.8544315049517142,234.0,0.3637973964214325,0.023355450046527355,67.14,0.3234082758426666,0.020762506563754914,470.0,-0.6847692728042603,0.04396154206076269,3.02,-0.044079288840293884,0.0028298488079429363,15.0,0.07431554794311523,0.00477098815092972,7.7,0.09297512471675873,0.005968915397009643,0.0,-0.1036468893289566,0.006654032629183991,0.0,0.07479455322027206,0.004801739838359884,66.0,-0.261221319437027,0.0167701625608446,0.0,0.009281796403229237,0.0005958825829158311,0.0,0.0496709868311882,0.0031888305499406526,0.0,0.18549486994743347,0.011908595860113582,0.0
9f4279f3bcfdaaf0,dos_wisenet-camera_554,wisenet-camera,1,1,detected,0.999160885810852,4.76837158203125e-06,0.09108422515527108,0.057149010710418224,104,13.446272850036621,7.0823283195495605,-6.3639445304870605,118,119,13.309097290039062,0.8544315049517142,234.0,0.3637973964214325,0.023355450046527355,67.14,0.3234082758426666,0.020762506563754914,470.0,-0.6847692728042603,0.04396154206076269,3.02,-0.044079288840293884,0.0028298488079429363,15.0,0.07431554794311523,0.00477098815092972,7.7,0.09297512471675873,0.005968915397009643,0.0,-0.1036468893289566,0.006654032629183991,0.0,0.07479455322027206,0.004801739838359884,66.0,-0.261221319437027,0.0167701625608446,0.0,0.009281796403229237,0.0005958825829158311,0.0,0.0496709868311882,0.0031888305499406526,0.0,0.18549486994743347,0.011908595860113582,0.0
6551cfebea8bcb7a,dos_wisenet-camera_554,wisenet-camera,1,1,detected,0.999160885810852,4.76837158203125e-06,0.09108422515527108,0.057149010710418224,104,13.446272850036621,7.0823283195495605,-6.3639445304870605,118,119,13.309097290039062,0.8544315049517142,234.0,0.3637973964214325,0.023355450046527355,67.14,0.3234082758426666,0.020762506563754914,470.0,-0.6847692728042603,0.04396154206076269,3.02,-0.044079288840293884,0.0028298488079429363,15.0,0.07431554794311523,0.00477098815092972,7.7,0.09297512471675873,0.005968915397009643,0.0,-0.1036468893289566,0.006654032629183991,0.0,0.07479455322027206,0.004801739838359884,66.0,-0.261221319437027,0.0167701625608446,0.0,0.009281796403229237,0.0005958825829158311,0.0,0.0496709868311882,0.0031888305499406526,0.0,0.18549486994743347,0.011908595860113582,0.0
4418fa138d68b516,dos_wisenet-camera_554,wisenet-camera,1,1,detected,0.999160885810852,3.337860107421875e-06,0.09127600129773963,0.05796032026410103,104,13.446275234222412,7.082330703735352,-6.3639445304870605,118,119,13.2959566116333,0.8541562740281817,234.0,0.36006370186805725,0.023131142721338475,67.14,0.32762986421585083,0.021047534393585334,470.0,-0.6817946434020996,0.04379971966448619,3.02,-0.042405866086483,0.002724229450453875,15.0,0.07940543442964554,0.005101148566525249,7.5,0.09354465454816818,0.006009477611727965,0.0,-0.1028810441493988,0.00660926414740943,0.0,0.07687392830848694,0.004938520039726625,66.0,-0.26185300946235657,0.016821910407690287,0.0,0.009349953383207321,0.000600657897540815,0.0,0.04923682659864426,0.0031630626949905047,0.0,0.18519183993339539,0.011897058376343556,0.0
8db72d14fb3d7866,dos_wisenet-camera_554,wisenet-camera,1,1,detected,0.999160885810852,4.76837158203125e-06,0.09108422515527108,0.057149010710418224,104,13.446272850036621,7.0823283195495605,-6.3639445304870605,118,119,13.309097290039062,0.8544315049517142,234.0,0.3637973964214325,0.023355450046527355,67.14,0.3234082758426666,0.020762506563754914,470.0,-0.6847692728042603,0.04396154206076269,3.02,-0.044079288840293884,0.0028298488079429363,15.0,0.07431554794311523,0.00477098815092972,7.7,0.09297512471675873,0.005968915397009643,0.0,-0.1036468893289566,0.006654032629183991,0.0,0.07479455322027206,0.004801739838359884,66.0,-0.261221319437027,0.0167701625608446,0.0,0.009281796403229237,0.0005958825829158311,0.0,0.0496709868311882,0.0031888305499406526,0.0,0.18549486994743347,0.011908595860113582,0.0
819b4970fa2f69ba,dos_wisenet-camera_554,wisenet-camera,1,1,detected,0.999160885810852,4.76837158203125e-06,0.09108422515527108,0.057149010710418224,104,13.446272850036621,7.0823283195495605,-6.3639445304870605,118,119,13.309097290039062,0.8544315049517142,234.0,0.3637973964214325,0.023355450046527355,67.14,0.3234082758426666,0.020762506563754914,470.0,-0.6847692728042603,0.04396154206076269,3.02,-0.044079288840293884,0.0028298488079429363,15.0,0.07431554794311523,0.00477098815092972,7.7,0.09297512471675873,0.005968915397009643,0.0,-0.1036468893289566,0.006654032629183991,0.0,0.07479455322027206,0.004801739838359884,66.0,-0.261221319437027,0.0167701625608446,0.0,0.009281796403229237,0.0005958825829158311,0.0,0.0496709868311882,0.0031888305499406526,0.0,0.18549486994743347,0.011908595860113582,0.0
7d64a1990153bfe7,dos_wisenet-camera_554,wisenet-camera,1,1,detected,0.999160885810852,4.76837158203125e-06,0.09108422515527108,0.057149010710418224,104,13.446272850036621,7.0823283195495605,-6.3639445304870605,118,119,13.309097290039062,0.8544315049517142,234.0,0.3637973964214325,0.023355450046527355,67.14,0.3234082758426666,0.020762506563754914,470.0,-0.6847692728042603,0.04396154206076269,3.02,-0.044079288840293884,0.0028298488079429363,15.0,0.07431554794311523,0.00477098815092972,7.7,0.09297512471675873,0.005968915397009643,0.0,-0.1036468893289566,0.006654032629183991,0.0,0.07479455322027206,0.004801739838359884,66.0,-0.261221319437027,0.0167701625608446,0.0,0.009281796403229237,0.0005958825829158311,0.0,0.0496709868311882,0.0031888305499406526,0.0,0.18549486994743347,0.011908595860113582,0.0
3460179f4fb2b2fd,dos_wisenet-camera_554,wisenet-camera,1,1,detected,0.999160885810852,4.76837158203125e-06,0.09108422515527108,0.057149010710418224,104,13.446272850036621,7.0823283195495605,-6.3639445304870605,118,119,13.309097290039062,0.8544315049517142,234.0,0.3637973964214325,0.023355450046527355,67.14,0.3234082758426666,0.020762506563754914,470.0,-0.6847692728042603,0.04396154206076269,3.02,-0.044079288840293884,0.0028298488079429363,15.0,0.07431554794311523,0.00477098815092972,7.7,0.09297512471675873,0.005968915397009643,0.0,-0.1036468893289566,0.006654032629183991,0.0,0.07479455322027206,0.004801739838359884,66.0,-0.261221319437027,0.0167701625608446,0.0,0.009281796403229237,0.0005958825829158311,0.0,0.0496709868311882,0.0031888305499406526,0.0,0.18549486994743347,0.011908595860113582,0.0
050fbab6f74eda0e,dos_wisenet-camera_554,wisenet-camera,1,1,detected,0.999160885810852,4.76837158203125e-06,0.09108422515527108,0.057149010710418224,104,13.446272850036621,7.0823283195495605,-6.3639445304870605,118,119,13.309097290039062,0.8544315049517142,234.0,0.3637973964214325,0.023355450046527355,67.14,0.3234082758426666,0.020762506563754914,470.0,-0.6847692728042603,0.04396154206076269,3.02,-0.044079288840293884,0.0028298488079429363,15.0,0.07431554794311523,0.00477098815092972,7.7,0.09297512471675873,0.005968915397009643,0.0,-0.1036468893289566,0.006654032629183991,0.0,0.07479455322027206,0.004801739838359884,66.0,-0.261221319437027,0.0167701625608446,0.0,0.009281796403229237,0.0005958825829158311,0.0,0.0496709868311882,0.0031888305499406526,0.0,0.18549486994743347,0.011908595860113582,0.0
f8f6423d91f28f43,dos_wisenet-camera_554,wisenet-camera,1,1,detected,0.999160885810852,4.76837158203125e-06,0.09108422515527108,0.057149010710418224,104,13.446272850036621,7.0823283195495605,-6.3639445304870605,118,119,13.309097290039062,0.8544315049517142,234.0,0.3637973964214325,0.023355450046527355,67.14,0.3234082758426666,0.020762506563754914,470.0,-0.6847692728042603,0.04396154206076269,3.02,-0.044079288840293884,0.0028298488079429363,15.0,0.07431554794311523,0.00477098815092972,7.7,0.09297512471675873,0.005968915397009643,0.0,-0.1036468893289566,0.006654032629183991,0.0,0.07479455322027206,0.004801739838359884,66.0,-0.261221319437027,0.0167701625608446,0.0,0.009281796403229237,0.0005958825829158311,0.0,0.0496709868311882,0.0031888305499406526,0.0,0.18549486994743347,0.011908595860113582,0.0
d546c2c52a9b49b0,dos_wisenet-camera_554,wisenet-camera,1,1,detected,0.999160885810852,4.76837158203125e-06,0.09108422515527108,0.057149010710418224,104,13.446272850036621,7.0823283195495605,-6.3639445304870605,118,119,13.309097290039062,0.8544315049517142,234.0,0.3637973964214325,0.023355450046527355,67.14,0.3234082758426666,0.020762506563754914,470.0,-0.6847692728042603,0.04396154206076269,3.02,-0.044079288840293884,0.0028298488079429363,15.0,0.07431554794311523,0.00477098815092972,7.7,0.09297512471675873,0.005968915397009643,0.0,-0.1036468893289566,0.006654032629183991,0.0,0.07479455322027206,0.004801739838359884,66.0,-0.261221319437027,0.0167701625608446,0.0,0.009281796403229237,0.0005958825829158311,0.0,0.0496709868311882,0.0031888305499406526,0.0,0.18549486994743347,0.011908595860113582,0.0
bc1d017cf614462b,dos_wisenet-camera_554,wisenet-camera,1,1,detected,0.999160885810852,4.76837158203125e-06,0.09108422515527108,0.057149010710418224,104,13.446272850036621,7.0823283195495605,-6.3639445304870605,118,119,13.309097290039062,0.8544315049517142,234.0,0.3637973964214325,0.023355450046527355,67.14,0.3234082758426666,0.020762506563754914,470.0,-0.6847692728042603,0.04396154206076269,3.02,-0.044079288840293884,0.0028298488079429363,15.0,0.07431554794311523,0.00477098815092972,7.7,0.09297512471675873,0.005968915397009643,0.0,-0.1036468893289566,0.006654032629183991,0.0,0.07479455322027206,0.004801739838359884,66.0,-0.261221319437027,0.0167701625608446,0.0,0.009281796403229237,0.0005958825829158311,0.0,0.0496709868311882,0.0031888305499406526,0.0,0.18549486994743347,0.011908595860113582,0.0
b11458d1e629bf5e,dos_wisenet-camera_554,wisenet-camera,1,1,detected,0.9991598129272461,2.2411346435546875e-05,0.07785320195319066,-0.164829408749938,104,13.445050716400146,7.081106185913086,-6.3639445304870605,118,119,14.785158157348633,0.8540095132573802,234.0,-0.048691898584365845,0.002812505904033493,67.33,-0.27179157733917236,0.015699026699657982,404.0,-0.9710588455200195,0.05608959222358021,3.27,-0.07995089888572693,0.00461806546235376,15.0,0.2030893862247467,0.01173070088474714,13.0,0.10108666121959686,0.0058388939385172365,0.0,-0.15631327033042908,0.009028853022056398,0.0,0.06570709496736526,0.003795325257494497,66.0,-0.3043458163738251,0.01757940089224854,0.0,-0.0192157793790102,0.0011099278221906102,0.0,0.0703861266374588,0.004065592069426188,0.0,0.23584319651126862,0.013622602566313818,0.0
e2cd998197c66b06,dos_wisenet-camera_554,wisenet-camera,1,1,detected,0.999160885810852,4.76837158203125e-06,0.09108422515527108,0.057149010710418224,104,13.446272850036621,7.0823283195495605,-6.3639445304870605,118,119,13.309097290039062,0.8544315049517142,234.0,0.3637973964214325,0.023355450046527355,67.14,0.3234082758426666,0.020762506563754914,470.0,-0.6847692728042603,0.04396154206076269,3.02,-0.044079288840293884,0.0028298488079429363,15.0,0.07431554794311523,0.00477098815092972,7.7,0.09297512471675873,0.005968915397009643,0.0,-0.1036468893289566,0.006654032629183991,0.0,0.07479455322027206,0.004801739838359884,66.0,-0.261221319437027,0.0167701625608446,0.0,0.009281796403229237,0.0005958825829158311,0.0,0.0496709868311882,0.0031888305499406526,0.0,0.18549486994743347,0.011908595860113582,0.0
cb3cfa579c1cda91,dos_wisenet-camera_554,wisenet-camera,1,1,detected,0.9991596937179565,2.384185791015625e-06,0.09572925834329171,0.16878365632146597,104,13.444895267486572,7.080950736999512,-6.3639445304870605,118,119,13.272082328796387,0.9001402068029428,234.0,0.08841626346111298,0.005996574742755327,67.6,0.3383197784423828,0.022945550501288204,338.0,-0.4362114369869232,0.02958476623124041,3.58,-0.018492233008146286,0.0012541816748744168,15.0,0.06575942039489746,0.0044599405584664345,7.1,0.07484422624111176,0.005076090971836989,0.0,-0.05896751210093498,0.003999299222400488,0.0,0.030350537970662117,0.0020584365624538685,66.0,-0.2205047905445099,0.014955093168094812,0.0,0.007193179801106453,0.00048785640363985776,0.0,0.011495930142700672,0.000779677874178859,0.0,0.12182353436946869,0.008262325285827519,0.0
aa58571b81a2afbd,dos_wisenet-camera_554,wisenet-camera,1,1,detected,0.999160885810852,4.76837158203125e-06,0.09108422515527108,0.057149010710418224,104,13.446272850036621,7.0823283195495605,-6.3639445304870605,118,119,13.309097290039062,0.8544315049517142,234.0,0.3637973964214325,0.023355450046527355,67.14,0.3234082758426666,0.020762506563754914,470.0,-0.6847692728042603,0.04396154206076269,3.02,-0.044079288840293884,0.0028298488079429363,15.0,0.07431554794311523,0.00477098815092972,7.7,0.09297512471675873,0.005968915397009643,0.0,-0.1036468893289566,0.006654032629183991,0.0,0.07479455322027206,0.004801739838359884,66.0,-0.261221319437027,0.0167701625608446,0.0,0.009281796403229237,0.0005958825829158311,0.0,0.0496709868311882,0.0031888305499406526,0.0,0.18549486994743347,0.011908595860113582,0.0
589f8366813c38d2,dos_wisenet-camera_554,wisenet-camera,1,1,detected,0.999160885810852,4.76837158203125e-06,0.09108422515527108,0.057149010710418224,104,13.446272850036621,7.0823283195495605,-6.3639445304870605,118,119,13.309097290039062,0.8544315049517142,234.0,0.3637973964214325,0.023355450046527355,67.14,0.3234082758426666,0.020762506563754914,470.0,-0.6847692728042603,0.04396154206076269,3.02,-0.044079288840293884,0.0028298488079429363,15.0,0.07431554794311523,0.00477098815092972,7.7,0.09297512471675873,0.005968915397009643,0.0,-0.1036468893289566,0.006654032629183991,0.0,0.07479455322027206,0.004801739838359884,66.0,-0.261221319437027,0.0167701625608446,0.0,0.009281796403229237,0.0005958825829158311,0.0,0.0496709868311882,0.0031888305499406526,0.0,0.18549486994743347,0.011908595860113582,0.0
7ce5de5dac43904e,dos_wisenet-camera_554,wisenet-camera,1,1,detected,0.9991592168807983,3.337860107421875e-06,0.07711362550381455,-0.17400211468338966,104,13.444255352020264,7.080310821533203,-6.3639445304870605,118,119,14.764266967773438,0.8550077458880583,234.0,-0.0508866012096405,0.00294687425329865,67.33,-0.24243706464767456,0.014039678950304562,404.0,-0.9874993562698364,0.05718669274357555,3.27,-0.08099931478500366,0.004690719945932232,15.0,0.21317043900489807,0.012344830728228985,7.8,0.09324569255113602,0.005399915185490645,0.0,-0.15642565488815308,0.00905870551358317,0.0,0.06519745290279388,0.0037756244428345845,66.0,-0.2860812246799469,0.01656713899771648,0.0,-0.020539749413728714,0.001189469472861082,0.0,0.06940716505050659,0.004019411452518833,0.0,0.2378353774547577,0.013773192425596919,0.0
e1a1ed030fb4283b,dos_wisenet-camera_554,wisenet-camera,1,1,detected,0.999160885810852,4.76837158203125e-06,0.09108422515527108,0.057149010710418224,104,13.446272850036621,7.0823283195495605,-6.3639445304870605,118,119,13.309097290039062,0.8544315049517142,234.0,0.3637973964214325,0.023355450046527355,67.14,0.3234082758426666,0.020762506563754914,470.0,-0.6847692728042603,0.04396154206076269,3.02,-0.044079288840293884,0.0028298488079429363,15.0,0.07431554794311523,0.00477098815092972,7.7,0.09297512471675873,0.005968915397009643,0.0,-0.1036468893289566,0.006654032629183991,0.0,0.07479455322027206,0.004801739838359884,66.0,-0.261221319437027,0.0167701625608446,0.0,0.009281796403229237,0.0005958825829158311,0.0,0.0496709868311882,0.0031888305499406526,0.0,0.18549486994743347,0.011908595860113582,0.0
2cf40cca8358bfd9,dos_wisenet-camera_554,wisenet-camera,1,1,detected,0.9991588592529297,7.152557373046875e-06,0.09608084459293034,0.1727039720863104,104,13.443889141082764,7.079944610595703,-6.3639445304870605,118,119,13.293869018554688,0.9010153918903402,234.0,0.087810218334198,0.005951492238560171,67.6,0.33688974380493164,0.022833295868537,338.0,-0.4397975504398346,0.029808053750859143,3.58,-0.01923574134707451,0.0013037362564611657,15.0,0.06096504628658295,0.004132013411208584,14.6,0.0724877342581749,0.004912983887438142,0.0,-0.05951831117272377,0.004033958390224402,0.0,0.026211902499198914,0.0017765578681077435,66.0,-0.22301916778087616,0.015115516978291268,0.0,0.0066061969846487045,0.0004477466384481626,0.0,0.008838240057229996,0.0005990272897732949,0.0,0.11907068639993668,0.008070225531750781,0.0
eb84e49f2bf6b15f,dos_wisenet-camera_554,wisenet-camera,1,1,detected,0.999160885810852,4.76837158203125e-06,0.09108422515527108,0.057149010710418224,104,13.446272850036621,7.0823283195495605,-6.3639445304870605,118,119,13.309097290039062,0.8544315049517142,234.0,0.3637973964214325,0.023355450046527355,67.14,0.3234082758426666,0.020762506563754914,470.0,-0.6847692728042603,0.04396154206076269,3.02,-0.044079288840293884,0.0028298488079429363,15.0,0.07431554794311523,0.00477098815092972,7.7,0.09297512471675873,0.005968915397009643,0.0,-0.1036468893289566,0.006654032629183991,0.0,0.07479455322027206,0.004801739838359884,66.0,-0.261221319437027,0.0167701625608446,0.0,0.009281796403229237,0.0005958825829158311,0.0,0.0496709868311882,0.0031888305499406526,0.0,0.18549486994743347,0.011908595860113582,0.0
5ab5e610804eda5f,dos_wisenet-camera_554,wisenet-camera,1,1,detected,0.999160885810852,4.76837158203125e-06,0.09108422515527108,0.057149010710418224,104,13.446272850036621,7.0823283195495605,-6.3639445304870605,118,119,13.309097290039062,0.8544315049517142,234.0,0.3637973964214325,0.023355450046527355,67.14,0.3234082758426666,0.020762506563754914,470.0,-0.6847692728042603,0.04396154206076269,3.02,-0.044079288840293884,0.0028298488079429363,15.0,0.07431554794311523,0.00477098815092972,7.7,0.09297512471675873,0.005968915397009643,0.0,-0.1036468893289566,0.006654032629183991,0.0,0.07479455322027206,0.004801739838359884,66.0,-0.261221319437027,0.0167701625608446,0.0,0.009281796403229237,0.0005958825829158311,0.0,0.0496709868311882,0.0031888305499406526,0.0,0.18549486994743347,0.011908595860113582,0.0
8c43d1e4cbfd6c67,dos_wisenet-camera_554,wisenet-camera,1,1,detected,0.999160885810852,4.76837158203125e-06,0.09108422515527108,0.057149010710418224,104,13.446272850036621,7.0823283195495605,-6.3639445304870605,118,119,13.309097290039062,0.8544315049517142,234.0,0.3637973964214325,0.023355450046527355,67.14,0.3234082758426666,0.020762506563754914,470.0,-0.6847692728042603,0.04396154206076269,3.02,-0.044079288840293884,0.0028298488079429363,15.0,0.07431554794311523,0.00477098815092972,7.7,0.09297512471675873,0.005968915397009643,0.0,-0.1036468893289566,0.006654032629183991,0.0,0.07479455322027206,0.004801739838359884,66.0,-0.261221319437027,0.0167701625608446,0.0,0.009281796403229237,0.0005958825829158311,0.0,0.0496709868311882,0.0031888305499406526,0.0,0.18549486994743347,0.011908595860113582,0.0
4503d6d0aa2a612a,dos_wisenet-camera_554,wisenet-camera,1,1,detected,0.9991592168807983,1.7642974853515625e-05,0.07559307427266078,-0.19594747573137283,104,13.444299221038818,7.080354690551758,-6.3639445304870605,118,119,14.963460922241211,0.8465152526930175,234.0,-0.05481800436973572,0.003101172720824227,67.33,-0.22698330879211426,0.012840935262086052,404.0,-1.013527750968933,0.05733745051905725,3.27,-0.25858473777770996,0.014628696247476806,30.0,0.22566619515419006,0.012766423303266713,7.8,0.0937245637178421,0.005302200684149518,0.0,-0.1626104861497879,0.009199225866859465,0.0,0.05895162373781204,0.003335020482521043,66.0,-0.27842649817466736,0.015751187421382914,0.0,-0.02318716049194336,0.0013117476715494428,0.0,0.07295450568199158,0.004127193710961045,0.0,0.24364447593688965,0.013783493416847996,0.0
3b22cb6bd02e8e53,dos_wisenet-camera_554,wisenet-camera,1,1,detected,0.9991592168807983,3.337860107421875e-06,0.07711362550381455,-0.17400211468338966,104,13.444255352020264,7.080310821533203,-6.3639445304870605,118,119,14.764266967773438,0.8550077458880583,234.0,-0.0508866012096405,0.00294687425329865,67.33,-0.24243706464767456,0.014039678950304562,404.0,-0.9874993562698364,0.05718669274357555,3.27,-0.08099931478500366,0.004690719945932232,15.0,0.21317043900489807,0.012344830728228985,7.8,0.09324569255113602,0.005399915185490645,0.0,-0.15642565488815308,0.00905870551358317,0.0,0.06519745290279388,0.0037756244428345845,66.0,-0.2860812246799469,0.01656713899771648,0.0,-0.020539749413728714,0.001189469472861082,0.0,0.06940716505050659,0.004019411452518833,0.0,0.2378353774547577,0.013773192425596919,0.0
07a84328506fcfe3,dos_wisenet-camera_554,wisenet-camera,1,1,detected,0.999160885810852,4.76837158203125e-06,0.09108422515527108,0.057149010710418224,104,13.446272850036621,7.0823283195495605,-6.3639445304870605,118,119,13.309097290039062,0.8544315049517142,234.0,0.3637973964214325,0.023355450046527355,67.14,0.3234082758426666,0.020762506563754914,470.0,-0.6847692728042603,0.04396154206076269,3.02,-0.044079288840293884,0.0028298488079429363,15.0,0.07431554794311523,0.00477098815092972,7.7,0.09297512471675873,0.005968915397009643,0.0,-0.1036468893289566,0.006654032629183991,0.0,0.07479455322027206,0.004801739838359884,66.0,-0.261221319437027,0.0167701625608446,0.0,0.009281796403229237,0.0005958825829158311,0.0,0.0496709868311882,0.0031888305499406526,0.0,0.18549486994743347,0.011908595860113582,0.0
d3d5a6fe748adf7e,dos_wisenet-camera_554,wisenet-camera,1,1,detected,0.999160885810852,4.76837158203125e-06,0.09108422515527108,0.057149010710418224,104,13.446272850036621,7.0823283195495605,-6.3639445304870605,118,119,13.309097290039062,0.8544315049517142,234.0,0.3637973964214325,0.023355450046527355,67.14,0.3234082758426666,0.020762506563754914,470.0,-0.6847692728042603,0.04396154206076269,3.02,-0.044079288840293884,0.0028298488079429363,15.0,0.07431554794311523,0.00477098815092972,7.7,0.09297512471675873,0.005968915397009643,0.0,-0.1036468893289566,0.006654032629183991,0.0,0.07479455322027206,0.004801739838359884,66.0,-0.261221319437027,0.0167701625608446,0.0,0.009281796403229237,0.0005958825829158311,0.0,0.0496709868311882,0.0031888305499406526,0.0,0.18549486994743347,0.011908595860113582,0.0
6cb172ac9a8fec5b,dos_wisenet-camera_554,wisenet-camera,1,1,detected,0.999160885810852,4.76837158203125e-06,0.09108422515527108,0.057149010710418224,104,13.446272850036621,7.0823283195495605,-6.3639445304870605,118,119,13.309097290039062,0.8544315049517142,234.0,0.3637973964214325,0.023355450046527355,67.14,0.3234082758426666,0.020762506563754914,470.0,-0.6847692728042603,0.04396154206076269,3.02,-0.044079288840293884,0.0028298488079429363,15.0,0.07431554794311523,0.00477098815092972,7.7,0.09297512471675873,0.005968915397009643,0.0,-0.1036468893289566,0.006654032629183991,0.0,0.07479455322027206,0.004801739838359884,66.0,-0.261221319437027,0.0167701625608446,0.0,0.009281796403229237,0.0005958825829158311,0.0,0.0496709868311882,0.0031888305499406526,0.0,0.18549486994743347,0.011908595860113582,0.0
e44ee611ca674b04,dos_wisenet-camera_554,wisenet-camera,1,1,detected,0.999160885810852,4.76837158203125e-06,0.09108422515527108,0.057149010710418224,104,13.446272850036621,7.0823283195495605,-6.3639445304870605,118,119,13.309097290039062,0.8544315049517142,234.0,0.3637973964214325,0.023355450046527355,67.14,0.3234082758426666,0.020762506563754914,470.0,-0.6847692728042603,0.04396154206076269,3.02,-0.044079288840293884,0.0028298488079429363,15.0,0.07431554794311523,0.00477098815092972,7.7,0.09297512471675873,0.005968915397009643,0.0,-0.1036468893289566,0.006654032629183991,0.0,0.07479455322027206,0.004801739838359884,66.0,-0.261221319437027,0.0167701625608446,0.0,0.009281796403229237,0.0005958825829158311,0.0,0.0496709868311882,0.0031888305499406526,0.0,0.18549486994743347,0.011908595860113582,0.0
72b7681123fd930a,dos_wisenet-camera_554,wisenet-camera,1,1,detected,0.9991592168807983,3.337860107421875e-06,0.07711362550381455,-0.17400211468338966,104,13.444255352020264,7.080310821533203,-6.3639445304870605,118,119,14.764266967773438,0.8550077458880583,234.0,-0.0508866012096405,0.00294687425329865,67.33,-0.24243706464767456,0.014039678950304562,404.0,-0.9874993562698364,0.05718669274357555,3.27,-0.08099931478500366,0.004690719945932232,15.0,0.21317043900489807,0.012344830728228985,7.8,0.09324569255113602,0.005399915185490645,0.0,-0.15642565488815308,0.00905870551358317,0.0,0.06519745290279388,0.0037756244428345845,66.0,-0.2860812246799469,0.01656713899771648,0.0,-0.020539749413728714,0.001189469472861082,0.0,0.06940716505050659,0.004019411452518833,0.0,0.2378353774547577,0.013773192425596919,0.0
a1350776fa0f6762,dos_wisenet-camera_554,wisenet-camera,1,1,detected,0.9991592168807983,3.337860107421875e-06,0.07711362550381455,-0.17400211468338966,104,13.444255352020264,7.080310821533203,-6.3639445304870605,118,119,14.764266967773438,0.8550077458880583,234.0,-0.0508866012096405,0.00294687425329865,67.33,-0.24243706464767456,0.014039678950304562,404.0,-0.9874993562698364,0.05718669274357555,3.27,-0.08099931478500366,0.004690719945932232,15.0,0.21317043900489807,0.012344830728228985,7.8,0.09324569255113602,0.005399915185490645,0.0,-0.15642565488815308,0.00905870551358317,0.0,0.06519745290279388,0.0037756244428345845,66.0,-0.2860812246799469,0.01656713899771648,0.0,-0.020539749413728714,0.001189469472861082,0.0,0.06940716505050659,0.004019411452518833,0.0,0.2378353774547577,0.013773192425596919,0.0
8204c81b49019a88,dos_wisenet-camera_554,wisenet-camera,1,1,detected,0.999160885810852,4.76837158203125e-06,0.09108422515527108,0.057149010710418224,104,13.446272850036621,7.0823283195495605,-6.3639445304870605,118,119,13.309097290039062,0.8544315049517142,234.0,0.3637973964214325,0.023355450046527355,67.14,0.3234082758426666,0.020762506563754914,470.0,-0.6847692728042603,0.04396154206076269,3.02,-0.044079288840293884,0.0028298488079429363,15.0,0.07431554794311523,0.00477098815092972,7.7,0.09297512471675873,0.005968915397009643,0.0,-0.1036468893289566,0.006654032629183991,0.0,0.07479455322027206,0.004801739838359884,66.0,-0.261221319437027,0.0167701625608446,0.0,0.009281796403229237,0.0005958825829158311,0.0,0.0496709868311882,0.0031888305499406526,0.0,0.18549486994743347,0.011908595860113582,0.0
6a79224422c90f6f,dos_wisenet-camera_554,wisenet-camera,1,1,detected,0.999160885810852,4.76837158203125e-06,0.09108422515527108,0.057149010710418224,104,13.446272850036621,7.0823283195495605,-6.3639445304870605,118,119,13.309097290039062,0.8544315049517142,234.0,0.3637973964214325,0.023355450046527355,67.14,0.3234082758426666,0.020762506563754914,470.0,-0.6847692728042603,0.04396154206076269,3.02,-0.044079288840293884,0.0028298488079429363,15.0,0.07431554794311523,0.00477098815092972,7.7,0.09297512471675873,0.005968915397009643,0.0,-0.1036468893289566,0.006654032629183991,0.0,0.07479455322027206,0.004801739838359884,66.0,-0.261221319437027,0.0167701625608446,0.0,0.009281796403229237,0.0005958825829158311,0.0,0.0496709868311882,0.0031888305499406526,0.0,0.18549486994743347,0.011908595860113582,0.0
a252a71032a54675,dos_wisenet-camera_554,wisenet-camera,1,1,detected,0.999160885810852,4.76837158203125e-06,0.09108422515527108,0.057149010710418224,104,13.446272850036621,7.0823283195495605,-6.3639445304870605,118,119,13.309097290039062,0.8544315049517142,234.0,0.3637973964214325,0.023355450046527355,67.14,0.3234082758426666,0.020762506563754914,470.0,-0.6847692728042603,0.04396154206076269,3.02,-0.044079288840293884,0.0028298488079429363,15.0,0.07431554794311523,0.00477098815092972,7.7,0.09297512471675873,0.005968915397009643,0.0,-0.1036468893289566,0.006654032629183991,0.0,0.07479455322027206,0.004801739838359884,66.0,-0.261221319437027,0.0167701625608446,0.0,0.009281796403229237,0.0005958825829158311,0.0,0.0496709868311882,0.0031888305499406526,0.0,0.18549486994743347,0.011908595860113582,0.0
84635c1789e58e13,dos_wisenet-camera_554,wisenet-camera,1,1,detected,0.9991580247879028,9.5367431640625e-06,0.0,1.648440957069397e-07,105,13.940966606140137,7.07887077331543,-6.862095832824707,119,119,14.030725479125977,0.9161515668843657,234.0,-0.45786023139953613,0.02989648461405529,68.86,0.316137433052063,0.020642539480395482,482.0,-0.17628289759159088,0.01151058461543734,5.01,-0.008969712071120739,0.0005856871607020265,15.0,-0.0436389334499836,0.0028494518916248883,7.7,-0.00018613971769809723,1.215419646562341e-05,0.0,0.0,0.0,0.0,0.28105098009109497,0.018351531156953618,66.0,0.0,0.0,0.0,0.0,0.0,0.0,0.0,0.0,0.0,0.0,0.0,0.0
6bbf83f07905f6f7,dos_wisenet-camera_554,wisenet-camera,1,1,detected,0.9991592168807983,1.7642974853515625e-05,0.07559307427266078,-0.19594747573137283,104,13.444299221038818,7.080354690551758,-6.3639445304870605,118,119,14.963460922241211,0.8465152526930175,234.0,-0.05481800436973572,0.003101172720824227,67.33,-0.22698330879211426,0.012840935262086052,404.0,-1.013527750968933,0.05733745051905725,3.27,-0.25858473777770996,0.014628696247476806,30.0,0.22566619515419006,0.012766423303266713,7.8,0.0937245637178421,0.005302200684149518,0.0,-0.1626104861497879,0.009199225866859465,0.0,0.05895162373781204,0.003335020482521043,66.0,-0.27842649817466736,0.015751187421382914,0.0,-0.02318716049194336,0.0013117476715494428,0.0,0.07295450568199158,0.004127193710961045,0.0,0.24364447593688965,0.013783493416847996,0.0
1e904fb0f0d49239,dos_wisenet-camera_554,wisenet-camera,1,1,detected,0.999160885810852,4.76837158203125e-06,0.09108422515527108,0.057149010710418224,104,13.446272850036621,7.0823283195495605,-6.3639445304870605,118,119,13.309097290039062,0.8544315049517142,234.0,0.3637973964214325,0.023355450046527355,67.14,0.3234082758426666,0.020762506563754914,470.0,-0.6847692728042603,0.04396154206076269,3.02,-0.044079288840293884,0.0028298488079429363,15.0,0.07431554794311523,0.00477098815092972,7.7,0.09297512471675873,0.005968915397009643,0.0,-0.1036468893289566,0.006654032629183991,0.0,0.07479455322027206,0.004801739838359884,66.0,-0.261221319437027,0.0167701625608446,0.0,0.009281796403229237,0.0005958825829158311,0.0,0.0496709868311882,0.0031888305499406526,0.0,0.18549486994743347,0.011908595860113582,0.0
e195f52d8875fb56,dos_wisenet-camera_554,wisenet-camera,1,1,detected,0.999160885810852,4.76837158203125e-06,0.09108422515527108,0.057149010710418224,104,13.446272850036621,7.0823283195495605,-6.3639445304870605,118,119,13.309097290039062,0.8544315049517142,234.0,0.3637973964214325,0.023355450046527355,67.14,0.3234082758426666,0.020762506563754914,470.0,-0.6847692728042603,0.04396154206076269,3.02,-0.044079288840293884,0.0028298488079429363,15.0,0.07431554794311523,0.00477098815092972,7.7,0.09297512471675873,0.005968915397009643,0.0,-0.1036468893289566,0.006654032629183991,0.0,0.07479455322027206,0.004801739838359884,66.0,-0.261221319437027,0.0167701625608446,0.0,0.009281796403229237,0.0005958825829158311,0.0,0.0496709868311882,0.0031888305499406526,0.0,0.18549486994743347,0.011908595860113582,0.0
5a0bd7fdfcf0c0f1,dos_wisenet-camera_554,wisenet-camera,1,1,detected,0.9991598129272461,2.2411346435546875e-05,0.07785320195319066,-0.164829408749938,104,13.445050716400146,7.081106185913086,-6.3639445304870605,118,119,14.785158157348633,0.8540095132573802,234.0,-0.048691898584365845,0.002812505904033493,67.33,-0.27179157733917236,0.015699026699657982,404.0,-0.9710588455200195,0.05608959222358021,3.27,-0.07995089888572693,0.00461806546235376,15.0,0.2030893862247467,0.01173070088474714,13.0,0.10108666121959686,0.0058388939385172365,0.0,-0.15631327033042908,0.009028853022056398,0.0,0.06570709496736526,0.003795325257494497,66.0,-0.3043458163738251,0.01757940089224854,0.0,-0.0192157793790102,0.0011099278221906102,0.0,0.0703861266374588,0.004065592069426188,0.0,0.23584319651126862,0.013622602566313818,0.0
c7353a3e86172590,dos_wisenet-camera_554,wisenet-camera,1,1,detected,0.999160885810852,4.76837158203125e-06,0.09108422515527108,0.057149010710418224,104,13.446272850036621,7.0823283195495605,-6.3639445304870605,118,119,13.309097290039062,0.8544315049517142,234.0,0.3637973964214325,0.023355450046527355,67.14,0.3234082758426666,0.020762506563754914,470.0,-0.6847692728042603,0.04396154206076269,3.02,-0.044079288840293884,0.0028298488079429363,15.0,0.07431554794311523,0.00477098815092972,7.7,0.09297512471675873,0.005968915397009643,0.0,-0.1036468893289566,0.006654032629183991,0.0,0.07479455322027206,0.004801739838359884,66.0,-0.261221319437027,0.0167701625608446,0.0,0.009281796403229237,0.0005958825829158311,0.0,0.0496709868311882,0.0031888305499406526,0.0,0.18549486994743347,0.011908595860113582,0.0
cd3a7ce429d3908d,dos_wisenet-camera_554,wisenet-camera,1,1,detected,0.999160885810852,4.76837158203125e-06,0.09108422515527108,0.057149010710418224,104,13.446272850036621,7.0823283195495605,-6.3639445304870605,118,119,13.309097290039062,0.8544315049517142,234.0,0.3637973964214325,0.023355450046527355,67.14,0.3234082758426666,0.020762506563754914,470.0,-0.6847692728042603,0.04396154206076269,3.02,-0.044079288840293884,0.0028298488079429363,15.0,0.07431554794311523,0.00477098815092972,7.7,0.09297512471675873,0.005968915397009643,0.0,-0.1036468893289566,0.006654032629183991,0.0,0.07479455322027206,0.004801739838359884,66.0,-0.261221319437027,0.0167701625608446,0.0,0.009281796403229237,0.0005958825829158311,0.0,0.0496709868311882,0.0031888305499406526,0.0,0.18549486994743347,0.011908595860113582,0.0
e79b206be1e8eb88,dos_wisenet-camera_554,wisenet-camera,1,1,detected,0.999160885810852,4.76837158203125e-06,0.09108422515527108,0.057149010710418224,104,13.446272850036621,7.0823283195495605,-6.3639445304870605,118,119,13.309097290039062,0.8544315049517142,234.0,0.3637973964214325,0.023355450046527355,67.14,0.3234082758426666,0.020762506563754914,470.0,-0.6847692728042603,0.04396154206076269,3.02,-0.044079288840293884,0.0028298488079429363,15.0,0.07431554794311523,0.00477098815092972,7.7,0.09297512471675873,0.005968915397009643,0.0,-0.1036468893289566,0.006654032629183991,0.0,0.07479455322027206,0.004801739838359884,66.0,-0.261221319437027,0.0167701625608446,0.0,0.009281796403229237,0.0005958825829158311,0.0,0.0496709868311882,0.0031888305499406526,0.0,0.18549486994743347,0.011908595860113582,0.0
b45e31276db1aa0a,dos_wisenet-camera_554,wisenet-camera,1,1,detected,0.999160885810852,4.76837158203125e-06,0.09108422515527108,0.057149010710418224,104,13.446272850036621,7.0823283195495605,-6.3639445304870605,118,119,13.309097290039062,0.8544315049517142,234.0,0.3637973964214325,0.023355450046527355,67.14,0.3234082758426666,0.020762506563754914,470.0,-0.6847692728042603,0.04396154206076269,3.02,-0.044079288840293884,0.0028298488079429363,15.0,0.07431554794311523,0.00477098815092972,7.7,0.09297512471675873,0.005968915397009643,0.0,-0.1036468893289566,0.006654032629183991,0.0,0.07479455322027206,0.004801739838359884,66.0,-0.261221319437027,0.0167701625608446,0.0,0.009281796403229237,0.0005958825829158311,0.0,0.0496709868311882,0.0031888305499406526,0.0,0.18549486994743347,0.011908595860113582,0.0
c11eda60ad17698e,dos_wisenet-camera_554,wisenet-camera,1,1,detected,0.999160885810852,4.76837158203125e-06,0.09108422515527108,0.057149010710418224,104,13.446272850036621,7.0823283195495605,-6.3639445304870605,118,119,13.309097290039062,0.8544315049517142,234.0,0.3637973964214325,0.023355450046527355,67.14,0.3234082758426666,0.020762506563754914,470.0,-0.6847692728042603,0.04396154206076269,3.02,-0.044079288840293884,0.0028298488079429363,15.0,0.07431554794311523,0.00477098815092972,7.7,0.09297512471675873,0.005968915397009643,0.0,-0.1036468893289566,0.006654032629183991,0.0,0.07479455322027206,0.004801739838359884,66.0,-0.261221319437027,0.0167701625608446,0.0,0.009281796403229237,0.0005958825829158311,0.0,0.0496709868311882,0.0031888305499406526,0.0,0.18549486994743347,0.011908595860113582,0.0
c43932ad4ee2d11f,dos_wisenet-camera_554,wisenet-camera,1,1,detected,0.999160885810852,4.76837158203125e-06,0.09108422515527108,0.057149010710418224,104,13.446272850036621,7.0823283195495605,-6.3639445304870605,118,119,13.309097290039062,0.8544315049517142,234.0,0.3637973964214325,0.023355450046527355,67.14,0.3234082758426666,0.020762506563754914,470.0,-0.6847692728042603,0.04396154206076269,3.02,-0.044079288840293884,0.0028298488079429363,15.0,0.07431554794311523,0.00477098815092972,7.7,0.09297512471675873,0.005968915397009643,0.0,-0.1036468893289566,0.006654032629183991,0.0,0.07479455322027206,0.004801739838359884,66.0,-0.261221319437027,0.0167701625608446,0.0,0.009281796403229237,0.0005958825829158311,0.0,0.0496709868311882,0.0031888305499406526,0.0,0.18549486994743347,0.011908595860113582,0.0
bab87dc014b5eb0d,dos_wisenet-camera_554,wisenet-camera,1,1,detected,0.9991607666015625,7.152557373046875e-06,0.09138207606317268,0.07019392494112253,104,13.446082592010498,7.0821380615234375,-6.3639445304870605,118,119,13.315235137939453,0.8554756815213286,234.0,0.36500006914138794,0.023450482073302817,67.14,0.3208561837673187,0.02061433084997374,470.0,-0.6865912675857544,0.04411203606092765,3.02,-0.04244318604469299,0.0027268848902310227,15.0,0.054020434617996216,0.0034706986126915836,7.9,0.09491802752017975,0.006098282414113776,0.0,-0.10186983644962311,0.006544921427252671,0.0,0.07841771095991135,0.005038171991092161,66.0,-0.2635052800178528,0.016929656643121474,0.0,0.009741953574120998,0.0006258999023925611,0.0,0.04845822602510452,0.003113338480671852,0.0,0.18365764617919922,0.011799615132900097,0.0
bffaf889b7f8076a,dos_wisenet-camera_554,wisenet-camera,1,1,detected,0.9991592168807983,3.337860107421875e-06,0.07711362550381455,-0.17400211468338966,104,13.444255352020264,7.080310821533203,-6.3639445304870605,118,119,14.764266967773438,0.8550077458880583,234.0,-0.0508866012096405,0.00294687425329865,67.33,-0.24243706464767456,0.014039678950304562,404.0,-0.9874993562698364,0.05718669274357555,3.27,-0.08099931478500366,0.004690719945932232,15.0,0.21317043900489807,0.012344830728228985,7.8,0.09324569255113602,0.005399915185490645,0.0,-0.15642565488815308,0.00905870551358317,0.0,0.06519745290279388,0.0037756244428345845,66.0,-0.2860812246799469,0.01656713899771648,0.0,-0.020539749413728714,0.001189469472861082,0.0,0.06940716505050659,0.004019411452518833,0.0,0.2378353774547577,0.013773192425596919,0.0
0c81b61ff78e467e,dos_wisenet-camera_554,wisenet-camera,1,1,detected,0.999160885810852,4.76837158203125e-06,0.09108422515527108,0.057149010710418224,104,13.446272850036621,7.0823283195495605,-6.3639445304870605,118,119,13.309097290039062,0.8544315049517142,234.0,0.3637973964214325,0.023355450046527355,67.14,0.3234082758426666,0.020762506563754914,470.0,-0.6847692728042603,0.04396154206076269,3.02,-0.044079288840293884,0.0028298488079429363,15.0,0.07431554794311523,0.00477098815092972,7.7,0.09297512471675873,0.005968915397009643,0.0,-0.1036468893289566,0.006654032629183991,0.0,0.07479455322027206,0.004801739838359884,66.0,-0.261221319437027,0.0167701625608446,0.0,0.009281796403229237,0.0005958825829158311,0.0,0.0496709868311882,0.0031888305499406526,0.0,0.18549486994743347,0.011908595860113582,0.0
9564881dcca587ed,dos_wisenet-camera_554,wisenet-camera,1,1,detected,0.9991598129272461,2.2411346435546875e-05,0.07785320195319066,-0.164829408749938,104,13.445050716400146,7.081106185913086,-6.3639445304870605,118,119,14.785158157348633,0.8540095132573802,234.0,-0.048691898584365845,0.002812505904033493,67.33,-0.27179157733917236,0.015699026699657982,404.0,-0.9710588455200195,0.05608959222358021,3.27,-0.07995089888572693,0.00461806546235376,15.0,0.2030893862247467,0.01173070088474714,13.0,0.10108666121959686,0.0058388939385172365,0.0,-0.15631327033042908,0.009028853022056398,0.0,0.06570709496736526,0.003795325257494497,66.0,-0.3043458163738251,0.01757940089224854,0.0,-0.0192157793790102,0.0011099278221906102,0.0,0.0703861266374588,0.004065592069426188,0.0,0.23584319651126862,0.013622602566313818,0.0
4f9c5fccf2b116b5,dos_wisenet-camera_554,wisenet-camera,1,1,detected,0.999160885810852,4.76837158203125e-06,0.09108422515527108,0.057149010710418224,104,13.446272850036621,7.0823283195495605,-6.3639445304870605,118,119,13.309097290039062,0.8544315049517142,234.0,0.3637973964214325,0.023355450046527355,67.14,0.3234082758426666,0.020762506563754914,470.0,-0.6847692728042603,0.04396154206076269,3.02,-0.044079288840293884,0.0028298488079429363,15.0,0.07431554794311523,0.00477098815092972,7.7,0.09297512471675873,0.005968915397009643,0.0,-0.1036468893289566,0.006654032629183991,0.0,0.07479455322027206,0.004801739838359884,66.0,-0.261221319437027,0.0167701625608446,0.0,0.009281796403229237,0.0005958825829158311,0.0,0.0496709868311882,0.0031888305499406526,0.0,0.18549486994743347,0.011908595860113582,0.0
e89e9cae5153cd36,dos_wisenet-camera_554,wisenet-camera,1,1,detected,0.999160885810852,4.76837158203125e-06,0.09108422515527108,0.057149010710418224,104,13.446272850036621,7.0823283195495605,-6.3639445304870605,118,119,13.309097290039062,0.8544315049517142,234.0,0.3637973964214325,0.023355450046527355,67.14,0.3234082758426666,0.020762506563754914,470.0,-0.6847692728042603,0.04396154206076269,3.02,-0.044079288840293884,0.0028298488079429363,15.0,0.07431554794311523,0.00477098815092972,7.7,0.09297512471675873,0.005968915397009643,0.0,-0.1036468893289566,0.006654032629183991,0.0,0.07479455322027206,0.004801739838359884,66.0,-0.261221319437027,0.0167701625608446,0.0,0.009281796403229237,0.0005958825829158311,0.0,0.0496709868311882,0.0031888305499406526,0.0,0.18549486994743347,0.011908595860113582,0.0
b0145e1317073a50,dos_wisenet-camera_554,wisenet-camera,1,1,detected,0.999160885810852,4.76837158203125e-06,0.09108422515527108,0.057149010710418224,104,13.446272850036621,7.0823283195495605,-6.3639445304870605,118,119,13.309097290039062,0.8544315049517142,234.0,0.3637973964214325,0.023355450046527355,67.14,0.3234082758426666,0.020762506563754914,470.0,-0.6847692728042603,0.04396154206076269,3.02,-0.044079288840293884,0.0028298488079429363,15.0,0.07431554794311523,0.00477098815092972,7.7,0.09297512471675873,0.005968915397009643,0.0,-0.1036468893289566,0.006654032629183991,0.0,0.07479455322027206,0.004801739838359884,66.0,-0.261221319437027,0.0167701625608446,0.0,0.009281796403229237,0.0005958825829158311,0.0,0.0496709868311882,0.0031888305499406526,0.0,0.18549486994743347,0.011908595860113582,0.0
596ce0568eb83a3f,dos_wisenet-camera_554,wisenet-camera,1,1,detected,0.999160885810852,4.76837158203125e-06,0.09108422515527108,0.057149010710418224,104,13.446272850036621,7.0823283195495605,-6.3639445304870605,118,119,13.309097290039062,0.8544315049517142,234.0,0.3637973964214325,0.023355450046527355,67.14,0.3234082758426666,0.020762506563754914,470.0,-0.6847692728042603,0.04396154206076269,3.02,-0.044079288840293884,0.0028298488079429363,15.0,0.07431554794311523,0.00477098815092972,7.7,0.09297512471675873,0.005968915397009643,0.0,-0.1036468893289566,0.006654032629183991,0.0,0.07479455322027206,0.004801739838359884,66.0,-0.261221319437027,0.0167701625608446,0.0,0.009281796403229237,0.0005958825829158311,0.0,0.0496709868311882,0.0031888305499406526,0.0,0.18549486994743347,0.011908595860113582,0.0
d76ec571bb5e3a9d,dos_wisenet-camera_554,wisenet-camera,1,1,detected,0.999160885810852,4.76837158203125e-06,0.09108422515527108,0.057149010710418224,104,13.446272850036621,7.0823283195495605,-6.3639445304870605,118,119,13.309097290039062,0.8544315049517142,234.0,0.3637973964214325,0.023355450046527355,67.14,0.3234082758426666,0.020762506563754914,470.0,-0.6847692728042603,0.04396154206076269,3.02,-0.044079288840293884,0.0028298488079429363,15.0,0.07431554794311523,0.00477098815092972,7.7,0.09297512471675873,0.005968915397009643,0.0,-0.1036468893289566,0.006654032629183991,0.0,0.07479455322027206,0.004801739838359884,66.0,-0.261221319437027,0.0167701625608446,0.0,0.009281796403229237,0.0005958825829158311,0.0,0.0496709868311882,0.0031888305499406526,0.0,0.18549486994743347,0.011908595860113582,0.0
b6767b59b69bd455,dos_wisenet-camera_554,wisenet-camera,1,1,detected,0.999160885810852,4.76837158203125e-06,0.09108422515527108,0.057149010710418224,104,13.446272850036621,7.0823283195495605,-6.3639445304870605,118,119,13.309097290039062,0.8544315049517142,234.0,0.3637973964214325,0.023355450046527355,67.14,0.3234082758426666,0.020762506563754914,470.0,-0.6847692728042603,0.04396154206076269,3.02,-0.044079288840293884,0.0028298488079429363,15.0,0.07431554794311523,0.00477098815092972,7.7,0.09297512471675873,0.005968915397009643,0.0,-0.1036468893289566,0.006654032629183991,0.0,0.07479455322027206,0.004801739838359884,66.0,-0.261221319437027,0.0167701625608446,0.0,0.009281796403229237,0.0005958825829158311,0.0,0.0496709868311882,0.0031888305499406526,0.0,0.18549486994743347,0.011908595860113582,0.0
9b057c936ffb0619,dos_wisenet-camera_554,wisenet-camera,1,1,detected,0.9991611242294312,2.0503997802734375e-05,0.09233514382812714,0.06183611508458853,104,13.44657564163208,7.0826311111450195,-6.3639445304870605,118,119,13.252872467041016,0.8526999706822287,234.0,0.3610854148864746,0.023232512306535606,67.14,0.3092370927333832,0.019896551525971716,470.0,-0.6850307583808899,0.04407540395793367,3.02,-0.035771336406469345,0.0023015551972538385,15.0,0.12201914936304092,0.007850805577680618,8.0,0.09967044740915298,0.006412872967353391,0.0,-0.09765343368053436,0.006283096758343907,0.0,0.07452325522899628,0.004794883351284324,66.0,-0.2602873146533966,0.016747085292329964,0.0,0.013437421061098576,0.000864573968650117,0.0,0.048294637352228165,0.003107313977159875,0.0,0.18236298859119415,0.011733374437274256,0.0
dab1f26a131f087d,dos_wisenet-camera_554,wisenet-camera,1,1,detected,0.999160885810852,1.4781951904296875e-05,0.08998323863940422,0.061911046504974365,104,13.446309566497803,7.082365036010742,-6.3639445304870605,118,119,13.462531089782715,0.8475111692881068,234.0,0.36693882942199707,0.023100021408059394,67.14,0.3306049704551697,0.020812683975569048,470.0,-0.6882197856903076,0.04332572763677955,3.02,-0.18855416774749756,0.011870112842532842,30.0,0.059008851647377014,0.003714803741175545,7.9,0.0952778309583664,0.0059980567832481025,0.0,-0.10734876990318298,0.0067579625922895405,0.0,0.07412062585353851,0.004666140257471642,66.0,-0.2660621702671051,0.016749499742848506,0.0,0.00677943229675293,0.00042678784209391677,0.0,0.051266804337501526,0.0032274160780000672,0.0,0.18806976079940796,0.011839617811825113,0.0
08677139688f15db,dos_wisenet-camera_554,wisenet-camera,1,1,detected,0.999160885810852,4.76837158203125e-06,0.09108422515527108,0.057149010710418224,104,13.446272850036621,7.0823283195495605,-6.3639445304870605,118,119,13.309097290039062,0.8544315049517142,234.0,0.3637973964214325,0.023355450046527355,67.14,0.3234082758426666,0.020762506563754914,470.0,-0.6847692728042603,0.04396154206076269,3.02,-0.044079288840293884,0.0028298488079429363,15.0,0.07431554794311523,0.00477098815092972,7.7,0.09297512471675873,0.005968915397009643,0.0,-0.1036468893289566,0.006654032629183991,0.0,0.07479455322027206,0.004801739838359884,66.0,-0.261221319437027,0.0167701625608446,0.0,0.009281796403229237,0.0005958825829158311,0.0,0.0496709868311882,0.0031888305499406526,0.0,0.18549486994743347,0.011908595860113582,0.0
9a690cdfc5a655d8,dos_wisenet-camera_554,wisenet-camera,1,1,detected,0.9991611242294312,2.0503997802734375e-05,0.09233514382812714,0.06183611508458853,104,13.44657564163208,7.0826311111450195,-6.3639445304870605,118,119,13.252872467041016,0.8526999706822287,234.0,0.3610854148864746,0.023232512306535606,67.14,0.3092370927333832,0.019896551525971716,470.0,-0.6850307583808899,0.04407540395793367,3.02,-0.035771336406469345,0.0023015551972538385,15.0,0.12201914936304092,0.007850805577680618,8.0,0.09967044740915298,0.006412872967353391,0.0,-0.09765343368053436,0.006283096758343907,0.0,0.07452325522899628,0.004794883351284324,66.0,-0.2602873146533966,0.016747085292329964,0.0,0.013437421061098576,0.000864573968650117,0.0,0.048294637352228165,0.003107313977159875,0.0,0.18236298859119415,0.011733374437274256,0.0
5970a733d5ee67fe,dos_wisenet-camera_554,wisenet-camera,1,1,detected,0.9991607666015625,7.152557373046875e-06,0.09138207606317268,0.07019392494112253,104,13.446082592010498,7.0821380615234375,-6.3639445304870605,118,119,13.315235137939453,0.8554756815213286,234.0,0.36500006914138794,0.023450482073302817,67.14,0.3208561837673187,0.02061433084997374,470.0,-0.6865912675857544,0.04411203606092765,3.02,-0.04244318604469299,0.0027268848902310227,15.0,0.054020434617996216,0.0034706986126915836,7.9,0.09491802752017975,0.006098282414113776,0.0,-0.10186983644962311,0.006544921427252671,0.0,0.07841771095991135,0.005038171991092161,66.0,-0.2635052800178528,0.016929656643121474,0.0,0.009741953574120998,0.0006258999023925611,0.0,0.04845822602510452,0.003113338480671852,0.0,0.18365764617919922,0.011799615132900097,0.0
ccf974b3d1e3c67e,dos_wisenet-camera_554,wisenet-camera,1,1,detected,0.999160885810852,4.76837158203125e-06,0.09108422515527108,0.057149010710418224,104,13.446272850036621,7.0823283195495605,-6.3639445304870605,118,119,13.309097290039062,0.8544315049517142,234.0,0.3637973964214325,0.023355450046527355,67.14,0.3234082758426666,0.020762506563754914,470.0,-0.6847692728042603,0.04396154206076269,3.02,-0.044079288840293884,0.0028298488079429363,15.0,0.07431554794311523,0.00477098815092972,7.7,0.09297512471675873,0.005968915397009643,0.0,-0.1036468893289566,0.006654032629183991,0.0,0.07479455322027206,0.004801739838359884,66.0,-0.261221319437027,0.0167701625608446,0.0,0.009281796403229237,0.0005958825829158311,0.0,0.0496709868311882,0.0031888305499406526,0.0,0.18549486994743347,0.011908595860113582,0.0
c6152ad9a0b35aa2,dos_wisenet-camera_554,wisenet-camera,1,1,detected,0.999160885810852,4.76837158203125e-06,0.09108422515527108,0.057149010710418224,104,13.446272850036621,7.0823283195495605,-6.3639445304870605,118,119,13.309097290039062,0.8544315049517142,234.0,0.3637973964214325,0.023355450046527355,67.14,0.3234082758426666,0.020762506563754914,470.0,-0.6847692728042603,0.04396154206076269,3.02,-0.044079288840293884,0.0028298488079429363,15.0,0.07431554794311523,0.00477098815092972,7.7,0.09297512471675873,0.005968915397009643,0.0,-0.1036468893289566,0.006654032629183991,0.0,0.07479455322027206,0.004801739838359884,66.0,-0.261221319437027,0.0167701625608446,0.0,0.009281796403229237,0.0005958825829158311,0.0,0.0496709868311882,0.0031888305499406526,0.0,0.18549486994743347,0.011908595860113582,0.0
73afde14a39873d3,dos_wisenet-camera_554,wisenet-camera,1,1,detected,0.999160885810852,4.76837158203125e-06,0.09108422515527108,0.057149010710418224,104,13.446272850036621,7.0823283195495605,-6.3639445304870605,118,119,13.309097290039062,0.8544315049517142,234.0,0.3637973964214325,0.023355450046527355,67.14,0.3234082758426666,0.020762506563754914,470.0,-0.6847692728042603,0.04396154206076269,3.02,-0.044079288840293884,0.0028298488079429363,15.0,0.07431554794311523,0.00477098815092972,7.7,0.09297512471675873,0.005968915397009643,0.0,-0.1036468893289566,0.006654032629183991,0.0,0.07479455322027206,0.004801739838359884,66.0,-0.261221319437027,0.0167701625608446,0.0,0.009281796403229237,0.0005958825829158311,0.0,0.0496709868311882,0.0031888305499406526,0.0,0.18549486994743347,0.011908595860113582,0.0
234bc684b999e27e,dos_wisenet-camera_554,wisenet-camera,1,1,detected,0.9991598129272461,2.2411346435546875e-05,0.07785320195319066,-0.164829408749938,104,13.445050716400146,7.081106185913086,-6.3639445304870605,118,119,14.785158157348633,0.8540095132573802,234.0,-0.048691898584365845,0.002812505904033493,67.33,-0.27179157733917236,0.015699026699657982,404.0,-0.9710588455200195,0.05608959222358021,3.27,-0.07995089888572693,0.00461806546235376,15.0,0.2030893862247467,0.01173070088474714,13.0,0.10108666121959686,0.0058388939385172365,0.0,-0.15631327033042908,0.009028853022056398,0.0,0.06570709496736526,0.003795325257494497,66.0,-0.3043458163738251,0.01757940089224854,0.0,-0.0192157793790102,0.0011099278221906102,0.0,0.0703861266374588,0.004065592069426188,0.0,0.23584319651126862,0.013622602566313818,0.0
aaba4dbb2f834286,dos_wisenet-camera_554,wisenet-camera,1,1,detected,0.9991598129272461,2.2411346435546875e-05,0.07785320195319066,-0.164829408749938,104,13.445050716400146,7.081106185913086,-6.3639445304870605,118,119,14.785158157348633,0.8540095132573802,234.0,-0.048691898584365845,0.002812505904033493,67.33,-0.27179157733917236,0.015699026699657982,404.0,-0.9710588455200195,0.05608959222358021,3.27,-0.07995089888572693,0.00461806546235376,15.0,0.2030893862247467,0.01173070088474714,13.0,0.10108666121959686,0.0058388939385172365,0.0,-0.15631327033042908,0.009028853022056398,0.0,0.06570709496736526,0.003795325257494497,66.0,-0.3043458163738251,0.01757940089224854,0.0,-0.0192157793790102,0.0011099278221906102,0.0,0.0703861266374588,0.004065592069426188,0.0,0.23584319651126862,0.013622602566313818,0.0
211f6c27dd066c20,dos_wisenet-camera_554,wisenet-camera,1,1,detected,0.999160885810852,4.76837158203125e-06,0.09108422515527108,0.057149010710418224,104,13.446272850036621,7.0823283195495605,-6.3639445304870605,118,119,13.309097290039062,0.8544315049517142,234.0,0.3637973964214325,0.023355450046527355,67.14,0.3234082758426666,0.020762506563754914,470.0,-0.6847692728042603,0.04396154206076269,3.02,-0.044079288840293884,0.0028298488079429363,15.0,0.07431554794311523,0.00477098815092972,7.7,0.09297512471675873,0.005968915397009643,0.0,-0.1036468893289566,0.006654032629183991,0.0,0.07479455322027206,0.004801739838359884,66.0,-0.261221319437027,0.0167701625608446,0.0,0.009281796403229237,0.0005958825829158311,0.0,0.0496709868311882,0.0031888305499406526,0.0,0.18549486994743347,0.011908595860113582,0.0
469e35b334472740,dos_wisenet-camera_554,wisenet-camera,1,1,detected,0.9991583824157715,6.29425048828125e-05,0.0,-7.767230272293091e-07,105,13.941373825073242,7.079277992248535,-6.862095832824707,119,119,13.982255935668945,0.9160984357406549,234.0,-0.46574002504348755,0.030514654456848186,68.86,0.3174106478691101,0.02079631493931798,482.0,-0.18707460165023804,0.012256874050016452,5.01,-0.007945224642753601,0.0005205603373534909,15.0,0.01729477383196354,0.0011331301133984148,8.0,0.0006304457783699036,4.1305951918004056e-05,0.0,0.0,0.0,0.0,0.28447970747947693,0.018638724410492604,66.0,0.0,0.0,0.0,0.0,0.0,0.0,0.0,0.0,0.0,0.0,0.0,0.0
f650daa36afc0e2c,dos_wisenet-camera_554,wisenet-camera,1,1,detected,0.9991607666015625,7.152557373046875e-06,0.09138207606317268,0.07019392494112253,104,13.446082592010498,7.0821380615234375,-6.3639445304870605,118,119,13.315235137939453,0.8554756815213286,234.0,0.36500006914138794,0.023450482073302817,67.14,0.3208561837673187,0.02061433084997374,470.0,-0.6865912675857544,0.04411203606092765,3.02,-0.04244318604469299,0.0027268848902310227,15.0,0.054020434617996216,0.0034706986126915836,7.9,0.09491802752017975,0.006098282414113776,0.0,-0.10186983644962311,0.006544921427252671,0.0,0.07841771095991135,0.005038171991092161,66.0,-0.2635052800178528,0.016929656643121474,0.0,0.009741953574120998,0.0006258999023925611,0.0,0.04845822602510452,0.003113338480671852,0.0,0.18365764617919922,0.011799615132900097,0.0
1b764605e3d8b7ee,dos_wisenet-camera_554,wisenet-camera,1,1,detected,0.9991592168807983,3.337860107421875e-06,0.07711362550381455,-0.17400211468338966,104,13.444255352020264,7.080310821533203,-6.3639445304870605,118,119,14.764266967773438,0.8550077458880583,234.0,-0.0508866012096405,0.00294687425329865,67.33,-0.24243706464767456,0.014039678950304562,404.0,-0.9874993562698364,0.05718669274357555,3.27,-0.08099931478500366,0.004690719945932232,15.0,0.21317043900489807,0.012344830728228985,7.8,0.09324569255113602,0.005399915185490645,0.0,-0.15642565488815308,0.00905870551358317,0.0,0.06519745290279388,0.0037756244428345845,66.0,-0.2860812246799469,0.01656713899771648,0.0,-0.020539749413728714,0.001189469472861082,0.0,0.06940716505050659,0.004019411452518833,0.0,0.2378353774547577,0.013773192425596919,0.0
f741b1b9a86aec1e,dos_wisenet-camera_554,wisenet-camera,1,1,detected,0.9991611242294312,2.0503997802734375e-05,0.09233514382812714,0.06183611508458853,104,13.44657564163208,7.0826311111450195,-6.3639445304870605,118,119,13.252872467041016,0.8526999706822287,234.0,0.3610854148864746,0.023232512306535606,67.14,0.3092370927333832,0.019896551525971716,470.0,-0.6850307583808899,0.04407540395793367,3.02,-0.035771336406469345,0.0023015551972538385,15.0,0.12201914936304092,0.007850805577680618,8.0,0.09967044740915298,0.006412872967353391,0.0,-0.09765343368053436,0.006283096758343907,0.0,0.07452325522899628,0.004794883351284324,66.0,-0.2602873146533966,0.016747085292329964,0.0,0.013437421061098576,0.000864573968650117,0.0,0.048294637352228165,0.003107313977159875,0.0,0.18236298859119415,0.011733374437274256,0.0
f13328ff3dd39ec2,dos_wisenet-camera_554,wisenet-camera,1,1,detected,0.999160885810852,1.4781951904296875e-05,0.08998323863940422,0.061911046504974365,104,13.446309566497803,7.082365036010742,-6.3639445304870605,118,119,13.462531089782715,0.8475111692881068,234.0,0.36693882942199707,0.023100021408059394,67.14,0.3306049704551697,0.020812683975569048,470.0,-0.6882197856903076,0.04332572763677955,3.02,-0.18855416774749756,0.011870112842532842,30.0,0.059008851647377014,0.003714803741175545,7.9,0.0952778309583664,0.0059980567832481025,0.0,-0.10734876990318298,0.0067579625922895405,0.0,0.07412062585353851,0.004666140257471642,66.0,-0.2660621702671051,0.016749499742848506,0.0,0.00677943229675293,0.00042678784209391677,0.0,0.051266804337501526,0.0032274160780000672,0.0,0.18806976079940796,0.011839617811825113,0.0
615dcfffcf044003,dos_wisenet-camera_554,wisenet-camera,1,1,detected,0.999160885810852,4.76837158203125e-06,0.09108422515527108,0.057149010710418224,104,13.446272850036621,7.0823283195495605,-6.3639445304870605,118,119,13.309097290039062,0.8544315049517142,234.0,0.3637973964214325,0.023355450046527355,67.14,0.3234082758426666,0.020762506563754914,470.0,-0.6847692728042603,0.04396154206076269,3.02,-0.044079288840293884,0.0028298488079429363,15.0,0.07431554794311523,0.00477098815092972,7.7,0.09297512471675873,0.005968915397009643,0.0,-0.1036468893289566,0.006654032629183991,0.0,0.07479455322027206,0.004801739838359884,66.0,-0.261221319437027,0.0167701625608446,0.0,0.009281796403229237,0.0005958825829158311,0.0,0.0496709868311882,0.0031888305499406526,0.0,0.18549486994743347,0.011908595860113582,0.0
13cbebf3302c20d0,dos_wisenet-camera_554,wisenet-camera,1,1,detected,0.999160885810852,4.76837158203125e-06,0.09108422515527108,0.057149010710418224,104,13.446272850036621,7.0823283195495605,-6.3639445304870605,118,119,13.309097290039062,0.8544315049517142,234.0,0.3637973964214325,0.023355450046527355,67.14,0.3234082758426666,0.020762506563754914,470.0,-0.6847692728042603,0.04396154206076269,3.02,-0.044079288840293884,0.0028298488079429363,15.0,0.07431554794311523,0.00477098815092972,7.7,0.09297512471675873,0.005968915397009643,0.0,-0.1036468893289566,0.006654032629183991,0.0,0.07479455322027206,0.004801739838359884,66.0,-0.261221319437027,0.0167701625608446,0.0,0.009281796403229237,0.0005958825829158311,0.0,0.0496709868311882,0.0031888305499406526,0.0,0.18549486994743347,0.011908595860113582,0.0
e1452a9965683a3f,dos_wisenet-camera_554,wisenet-camera,1,1,detected,0.9991607666015625,7.152557373046875e-06,0.09138207606317268,0.07019392494112253,104,13.446082592010498,7.0821380615234375,-6.3639445304870605,118,119,13.315235137939453,0.8554756815213286,234.0,0.36500006914138794,0.023450482073302817,67.14,0.3208561837673187,0.02061433084997374,470.0,-0.6865912675857544,0.04411203606092765,3.02,-0.04244318604469299,0.0027268848902310227,15.0,0.054020434617996216,0.0034706986126915836,7.9,0.09491802752017975,0.006098282414113776,0.0,-0.10186983644962311,0.006544921427252671,0.0,0.07841771095991135,0.005038171991092161,66.0,-0.2635052800178528,0.016929656643121474,0.0,0.009741953574120998,0.0006258999023925611,0.0,0.04845822602510452,0.003113338480671852,0.0,0.18365764617919922,0.011799615132900097,0.0
947d8991edef7a5a,dos_wisenet-camera_554,wisenet-camera,1,1,detected,0.9991607666015625,7.152557373046875e-06,0.09138207606317268,0.07019392494112253,104,13.446082592010498,7.0821380615234375,-6.3639445304870605,118,119,13.315235137939453,0.8554756815213286,234.0,0.36500006914138794,0.023450482073302817,67.14,0.3208561837673187,0.02061433084997374,470.0,-0.6865912675857544,0.04411203606092765,3.02,-0.04244318604469299,0.0027268848902310227,15.0,0.054020434617996216,0.0034706986126915836,7.9,0.09491802752017975,0.006098282414113776,0.0,-0.10186983644962311,0.006544921427252671,0.0,0.07841771095991135,0.005038171991092161,66.0,-0.2635052800178528,0.016929656643121474,0.0,0.009741953574120998,0.0006258999023925611,0.0,0.04845822602510452,0.003113338480671852,0.0,0.18365764617919922,0.011799615132900097,0.0
1977829aad819aeb,dos_wisenet-camera_554,wisenet-camera,1,1,detected,0.9991580247879028,9.5367431640625e-06,0.0,1.648440957069397e-07,105,13.940966606140137,7.07887077331543,-6.862095832824707,119,119,14.030725479125977,0.9161515668843657,234.0,-0.45786023139953613,0.02989648461405529,68.86,0.316137433052063,0.020642539480395482,482.0,-0.17628289759159088,0.01151058461543734,5.01,-0.008969712071120739,0.0005856871607020265,15.0,-0.0436389334499836,0.0028494518916248883,7.7,-0.00018613971769809723,1.215419646562341e-05,0.0,0.0,0.0,0.0,0.28105098009109497,0.018351531156953618,66.0,0.0,0.0,0.0,0.0,0.0,0.0,0.0,0.0,0.0,0.0,0.0,0.0
c4f4641c6087daeb,dos_wisenet-camera_554,wisenet-camera,1,1,detected,0.999160885810852,4.76837158203125e-06,0.09108422515527108,0.057149010710418224,104,13.446272850036621,7.0823283195495605,-6.3639445304870605,118,119,13.309097290039062,0.8544315049517142,234.0,0.3637973964214325,0.023355450046527355,67.14,0.3234082758426666,0.020762506563754914,470.0,-0.6847692728042603,0.04396154206076269,3.02,-0.044079288840293884,0.0028298488079429363,15.0,0.07431554794311523,0.00477098815092972,7.7,0.09297512471675873,0.005968915397009643,0.0,-0.1036468893289566,0.006654032629183991,0.0,0.07479455322027206,0.004801739838359884,66.0,-0.261221319437027,0.0167701625608446,0.0,0.009281796403229237,0.0005958825829158311,0.0,0.0496709868311882,0.0031888305499406526,0.0,0.18549486994743347,0.011908595860113582,0.0
568fe8074ff8482b,dos_wisenet-camera_554,wisenet-camera,1,1,detected,0.9991611242294312,1.5735626220703125e-05,0.09162552256946456,0.053485157899558544,104,13.446583271026611,7.082638740539551,-6.3639445304870605,118,119,13.239891052246094,0.8501310767863756,234.0,0.3606445789337158,0.023156925009143202,67.14,0.3231406807899475,0.020748806302815972,470.0,-0.6806032657623291,0.043701416039121796,3.02,-0.043225500732660294,0.002775501802656656,15.0,0.14360731840133667,0.00922100066723895,8.2,0.0944136381149292,0.006062283104689709,0.0,-0.10561202466487885,0.006781329536296388,0.0,0.07735744118690491,0.004967107698556598,66.0,-0.26097267866134644,0.016757009815768643,0.0,0.008874197490513325,0.0005698106607112297,0.0,0.04962919279932976,0.0031866817444374104,0.0,0.18596921861171722,0.011941050832187878,0.0
6d1dbb7533e9e2e7,dos_wisenet-camera_554,wisenet-camera,1,1,detected,0.9991611242294312,2.0503997802734375e-05,0.09233514382812714,0.06183611508458853,104,13.44657564163208,7.0826311111450195,-6.3639445304870605,118,119,13.252872467041016,0.8526999706822287,234.0,0.3610854148864746,0.023232512306535606,67.14,0.3092370927333832,0.019896551525971716,470.0,-0.6850307583808899,0.04407540395793367,3.02,-0.035771336406469345,0.0023015551972538385,15.0,0.12201914936304092,0.007850805577680618,8.0,0.09967044740915298,0.006412872967353391,0.0,-0.09765343368053436,0.006283096758343907,0.0,0.07452325522899628,0.004794883351284324,66.0,-0.2602873146533966,0.016747085292329964,0.0,0.013437421061098576,0.000864573968650117,0.0,0.048294637352228165,0.003107313977159875,0.0,0.18236298859119415,0.011733374437274256,0.0
c2957be2860fa39a,dos_wisenet-camera_554,wisenet-camera,1,1,detected,0.999160885810852,4.76837158203125e-06,0.09108422515527108,0.057149010710418224,104,13.446272850036621,7.0823283195495605,-6.3639445304870605,118,119,13.309097290039062,0.8544315049517142,234.0,0.3637973964214325,0.023355450046527355,67.14,0.3234082758426666,0.020762506563754914,470.0,-0.6847692728042603,0.04396154206076269,3.02,-0.044079288840293884,0.0028298488079429363,15.0,0.07431554794311523,0.00477098815092972,7.7,0.09297512471675873,0.005968915397009643,0.0,-0.1036468893289566,0.006654032629183991,0.0,0.07479455322027206,0.004801739838359884,66.0,-0.261221319437027,0.0167701625608446,0.0,0.009281796403229237,0.0005958825829158311,0.0,0.0496709868311882,0.0031888305499406526,0.0,0.18549486994743347,0.011908595860113582,0.0
58ca5b4d04bee8f6,dos_wisenet-camera_554,wisenet-camera,1,1,detected,0.9991611242294312,2.0503997802734375e-05,0.09233514382812714,0.06183611508458853,104,13.44657564163208,7.0826311111450195,-6.3639445304870605,118,119,13.252872467041016,0.8526999706822287,234.0,0.3610854148864746,0.023232512306535606,67.14,0.3092370927333832,0.019896551525971716,470.0,-0.6850307583808899,0.04407540395793367,3.02,-0.035771336406469345,0.0023015551972538385,15.0,0.12201914936304092,0.007850805577680618,8.0,0.09967044740915298,0.006412872967353391,0.0,-0.09765343368053436,0.006283096758343907,0.0,0.07452325522899628,0.004794883351284324,66.0,-0.2602873146533966,0.016747085292329964,0.0,0.013437421061098576,0.000864573968650117,0.0,0.048294637352228165,0.003107313977159875,0.0,0.18236298859119415,0.011733374437274256,0.0
d3e10011e140d067,dos_wisenet-camera_554,wisenet-camera,1,1,detected,0.9991611242294312,2.0503997802734375e-05,0.09233514382812714,0.06183611508458853,104,13.44657564163208,7.0826311111450195,-6.3639445304870605,118,119,13.252872467041016,0.8526999706822287,234.0,0.3610854148864746,0.023232512306535606,67.14,0.3092370927333832,0.019896551525971716,470.0,-0.6850307583808899,0.04407540395793367,3.02,-0.035771336406469345,0.0023015551972538385,15.0,0.12201914936304092,0.007850805577680618,8.0,0.09967044740915298,0.006412872967353391,0.0,-0.09765343368053436,0.006283096758343907,0.0,0.07452325522899628,0.004794883351284324,66.0,-0.2602873146533966,0.016747085292329964,0.0,0.013437421061098576,0.000864573968650117,0.0,0.048294637352228165,0.003107313977159875,0.0,0.18236298859119415,0.011733374437274256,0.0
77f91d79c16539c2,dos_wisenet-camera_554,wisenet-camera,1,1,detected,0.999160885810852,4.76837158203125e-06,0.09108422515527108,0.057149010710418224,104,13.446272850036621,7.0823283195495605,-6.3639445304870605,118,119,13.309097290039062,0.8544315049517142,234.0,0.3637973964214325,0.023355450046527355,67.14,0.3234082758426666,0.020762506563754914,470.0,-0.6847692728042603,0.04396154206076269,3.02,-0.044079288840293884,0.0028298488079429363,15.0,0.07431554794311523,0.00477098815092972,7.7,0.09297512471675873,0.005968915397009643,0.0,-0.1036468893289566,0.006654032629183991,0.0,0.07479455322027206,0.004801739838359884,66.0,-0.261221319437027,0.0167701625608446,0.0,0.009281796403229237,0.0005958825829158311,0.0,0.0496709868311882,0.0031888305499406526,0.0,0.18549486994743347,0.011908595860113582,0.0
73ca3b777f5a74db,dos_wisenet-camera_554,wisenet-camera,1,1,detected,0.999160885810852,4.76837158203125e-06,0.09108422515527108,0.057149010710418224,104,13.446272850036621,7.0823283195495605,-6.3639445304870605,118,119,13.309097290039062,0.8544315049517142,234.0,0.3637973964214325,0.023355450046527355,67.14,0.3234082758426666,0.020762506563754914,470.0,-0.6847692728042603,0.04396154206076269,3.02,-0.044079288840293884,0.0028298488079429363,15.0,0.07431554794311523,0.00477098815092972,7.7,0.09297512471675873,0.005968915397009643,0.0,-0.1036468893289566,0.006654032629183991,0.0,0.07479455322027206,0.004801739838359884,66.0,-0.261221319437027,0.0167701625608446,0.0,0.009281796403229237,0.0005958825829158311,0.0,0.0496709868311882,0.0031888305499406526,0.0,0.18549486994743347,0.011908595860113582,0.0
222bbed65211e41a,dos_wisenet-camera_554,wisenet-camera,1,1,detected,0.9991607666015625,7.152557373046875e-06,0.09138207606317268,0.07019392494112253,104,13.446082592010498,7.0821380615234375,-6.3639445304870605,118,119,13.315235137939453,0.8554756815213286,234.0,0.36500006914138794,0.023450482073302817,67.14,0.3208561837673187,0.02061433084997374,470.0,-0.6865912675857544,0.04411203606092765,3.02,-0.04244318604469299,0.0027268848902310227,15.0,0.054020434617996216,0.0034706986126915836,7.9,0.09491802752017975,0.006098282414113776,0.0,-0.10186983644962311,0.006544921427252671,0.0,0.07841771095991135,0.005038171991092161,66.0,-0.2635052800178528,0.016929656643121474,0.0,0.009741953574120998,0.0006258999023925611,0.0,0.04845822602510452,0.003113338480671852,0.0,0.18365764617919922,0.011799615132900097,0.0
985d8743c0d638ac,dos_wisenet-camera_554,wisenet-camera,1,1,detected,0.9991607666015625,7.152557373046875e-06,0.09138207606317268,0.07019392494112253,104,13.446082592010498,7.0821380615234375,-6.3639445304870605,118,119,13.315235137939453,0.8554756815213286,234.0,0.36500006914138794,0.023450482073302817,67.14,0.3208561837673187,0.02061433084997374,470.0,-0.6865912675857544,0.04411203606092765,3.02,-0.04244318604469299,0.0027268848902310227,15.0,0.054020434617996216,0.0034706986126915836,7.9,0.09491802752017975,0.006098282414113776,0.0,-0.10186983644962311,0.006544921427252671,0.0,0.07841771095991135,0.005038171991092161,66.0,-0.2635052800178528,0.016929656643121474,0.0,0.009741953574120998,0.0006258999023925611,0.0,0.04845822602510452,0.003113338480671852,0.0,0.18365764617919922,0.011799615132900097,0.0
4508d806f165ebfa,dos_wisenet-camera_554,wisenet-camera,1,1,detected,0.9991598129272461,5.7220458984375e-06,0.0774953865802248,-0.17782703414559364,104,13.444965362548828,7.081020832061768,-6.3639445304870605,118,119,14.705963134765625,0.8517825719761755,234.0,-0.0491938591003418,0.0028493524324743613,67.33,-0.24480170011520386,0.014179133990573,404.0,-0.9773238897323608,0.05660747608444605,3.27,-0.08104009926319122,0.0046939152200387805,15.0,0.27027350664138794,0.015654483865785263,8.2,0.09285496920347214,0.005378243081673725,0.0,-0.1594710499048233,0.009236706212227035,0.0,0.0674816220998764,0.003908596064508843,66.0,-0.28808921575546265,0.016686385713471204,0.0,-0.021149884909391403,0.0012250202995907772,0.0,0.06939888745546341,0.004019645793164969,0.0,0.2378842532634735,0.013778469265870542,0.0
2267b72ceab72674,dos_wisenet-camera_554,wisenet-camera,1,1,detected,0.9991592168807983,3.337860107421875e-06,0.07711362550381455,-0.17400211468338966,104,13.444255352020264,7.080310821533203,-6.3639445304870605,118,119,14.764266967773438,0.8550077458880583,234.0,-0.0508866012096405,0.00294687425329865,67.33,-0.24243706464767456,0.014039678950304562,404.0,-0.9874993562698364,0.05718669274357555,3.27,-0.08099931478500366,0.004690719945932232,15.0,0.21317043900489807,0.012344830728228985,7.8,0.09324569255113602,0.005399915185490645,0.0,-0.15642565488815308,0.00905870551358317,0.0,0.06519745290279388,0.0037756244428345845,66.0,-0.2860812246799469,0.01656713899771648,0.0,-0.020539749413728714,0.001189469472861082,0.0,0.06940716505050659,0.004019411452518833,0.0,0.2378353774547577,0.013773192425596919,0.0
bb23a95de7fe6049,dos_wisenet-camera_554,wisenet-camera,1,1,detected,0.9991611242294312,1.5735626220703125e-05,0.09162552256946456,0.053485157899558544,104,13.446583271026611,7.082638740539551,-6.3639445304870605,118,119,13.239891052246094,0.8501310767863756,234.0,0.3606445789337158,0.023156925009143202,67.14,0.3231406807899475,0.020748806302815972,470.0,-0.6806032657623291,0.043701416039121796,3.02,-0.043225500732660294,0.002775501802656656,15.0,0.14360731840133667,0.00922100066723895,8.2,0.0944136381149292,0.006062283104689709,0.0,-0.10561202466487885,0.006781329536296388,0.0,0.07735744118690491,0.004967107698556598,66.0,-0.26097267866134644,0.016757009815768643,0.0,0.008874197490513325,0.0005698106607112297,0.0,0.04962919279932976,0.0031866817444374104,0.0,0.18596921861171722,0.011941050832187878,0.0
d23a89c7d7144027,dos_wisenet-camera_554,wisenet-camera,1,1,detected,0.9991611242294312,2.0503997802734375e-05,0.09233514382812714,0.06183611508458853,104,13.44657564163208,7.0826311111450195,-6.3639445304870605,118,119,13.252872467041016,0.8526999706822287,234.0,0.3610854148864746,0.023232512306535606,67.14,0.3092370927333832,0.019896551525971716,470.0,-0.6850307583808899,0.04407540395793367,3.02,-0.035771336406469345,0.0023015551972538385,15.0,0.12201914936304092,0.007850805577680618,8.0,0.09967044740915298,0.006412872967353391,0.0,-0.09765343368053436,0.006283096758343907,0.0,0.07452325522899628,0.004794883351284324,66.0,-0.2602873146533966,0.016747085292329964,0.0,0.013437421061098576,0.000864573968650117,0.0,0.048294637352228165,0.003107313977159875,0.0,0.18236298859119415,0.011733374437274256,0.0
450be488879e81b7,dos_wisenet-camera_554,wisenet-camera,1,1,detected,0.9991598129272461,2.2411346435546875e-05,0.07785320195319066,-0.164829408749938,104,13.445050716400146,7.081106185913086,-6.3639445304870605,118,119,14.785158157348633,0.8540095132573802,234.0,-0.048691898584365845,0.002812505904033493,67.33,-0.27179157733917236,0.015699026699657982,404.0,-0.9710588455200195,0.05608959222358021,3.27,-0.07995089888572693,0.00461806546235376,15.0,0.2030893862247467,0.01173070088474714,13.0,0.10108666121959686,0.0058388939385172365,0.0,-0.15631327033042908,0.009028853022056398,0.0,0.06570709496736526,0.003795325257494497,66.0,-0.3043458163738251,0.01757940089224854,0.0,-0.0192157793790102,0.0011099278221906102,0.0,0.0703861266374588,0.004065592069426188,0.0,0.23584319651126862,0.013622602566313818,0.0
9a9148d869a25a94,dos_wisenet-camera_554,wisenet-camera,1,1,detected,0.9991592168807983,2.6226043701171875e-05,0.07757365679602353,-0.17337095364928246,104,13.44430685043335,7.080362319946289,-6.3639445304870605,118,119,14.78232192993164,0.8544247579369044,234.0,-0.04977649450302124,0.002877103439384252,67.33,-0.24449551105499268,0.01413194888056317,404.0,-0.9798202514648438,0.05663404471555825,3.27,-0.08571268618106842,0.00495423124252848,15.0,0.21721097826957703,0.012554890795162097,13.4,0.09291647374629974,0.005370613355962815,0.0,-0.16049298644065857,0.009276565734403858,0.0,0.065426304936409,0.0037816694172250285,66.0,-0.2980944812297821,0.017229993107602513,0.0,-0.023208286613225937,0.0013414492503700717,0.0,0.06686200946569443,0.0038646537752114263,0.0,0.23456703126430511,0.013558078349123669,0.0
a21a5e7c6f780b81,dos_wisenet-camera_554,wisenet-camera,1,1,detected,0.9991611242294312,1.5735626220703125e-05,0.09162552256946456,0.053485157899558544,104,13.446583271026611,7.082638740539551,-6.3639445304870605,118,119,13.239891052246094,0.8501310767863756,234.0,0.3606445789337158,0.023156925009143202,67.14,0.3231406807899475,0.020748806302815972,470.0,-0.6806032657623291,0.043701416039121796,3.02,-0.043225500732660294,0.002775501802656656,15.0,0.14360731840133667,0.00922100066723895,8.2,0.0944136381149292,0.006062283104689709,0.0,-0.10561202466487885,0.006781329536296388,0.0,0.07735744118690491,0.004967107698556598,66.0,-0.26097267866134644,0.016757009815768643,0.0,0.008874197490513325,0.0005698106607112297,0.0,0.04962919279932976,0.0031866817444374104,0.0,0.18596921861171722,0.011941050832187878,0.0
510eec39c496b7f4,dos_wisenet-camera_554,wisenet-camera,1,1,detected,0.9991607666015625,7.152557373046875e-06,0.09138207606317268,0.07019392494112253,104,13.446082592010498,7.0821380615234375,-6.3639445304870605,118,119,13.315235137939453,0.8554756815213286,234.0,0.36500006914138794,0.023450482073302817,67.14,0.3208561837673187,0.02061433084997374,470.0,-0.6865912675857544,0.04411203606092765,3.02,-0.04244318604469299,0.0027268848902310227,15.0,0.054020434617996216,0.0034706986126915836,7.9,0.09491802752017975,0.006098282414113776,0.0,-0.10186983644962311,0.006544921427252671,0.0,0.07841771095991135,0.005038171991092161,66.0,-0.2635052800178528,0.016929656643121474,0.0,0.009741953574120998,0.0006258999023925611,0.0,0.04845822602510452,0.003113338480671852,0.0,0.18365764617919922,0.011799615132900097,0.0
f6fb2f1a1b5cb2cd,dos_wisenet-camera_554,wisenet-camera,1,1,detected,0.9991593360900879,5.245208740234375e-06,0.09624964494182711,0.16120704356580973,104,13.444404125213623,7.0804595947265625,-6.3639445304870605,118,119,13.284420013427734,0.8997132015067977,234.0,0.08882811665534973,0.006016057090864485,67.6,0.33304160833358765,0.022555891139087035,338.0,-0.44606539607048035,0.030210647147132435,3.58,-0.016836155205965042,0.0011402613803322252,15.0,0.0793561339378357,0.005374548625551163,22.1,0.07333388179540634,0.004966679877809859,0.0,-0.059417225420475006,0.004024147238168582,0.0,0.028379153460264206,0.0019220334037901895,66.0,-0.21867121756076813,0.014809933819476071,0.0,0.006732519716024399,0.0004559730015905296,0.0,0.010300683788955212,0.0006976338583169172,0.0,0.119789719581604,0.00811299191108286,0.0
e75a799b6e7442c4,dos_wisenet-camera_554,wisenet-camera,1,1,detected,0.9991583824157715,6.29425048828125e-05,0.0,-7.767230272293091e-07,105,13.941373825073242,7.079277992248535,-6.862095832824707,119,119,13.982255935668945,0.9160984357406549,234.0,-0.46574002504348755,0.030514654456848186,68.86,0.3174106478691101,0.02079631493931798,482.0,-0.18707460165023804,0.012256874050016452,5.01,-0.007945224642753601,0.0005205603373534909,15.0,0.01729477383196354,0.0011331301133984148,8.0,0.0006304457783699036,4.1305951918004056e-05,0.0,0.0,0.0,0.0,0.28447970747947693,0.018638724410492604,66.0,0.0,0.0,0.0,0.0,0.0,0.0,0.0,0.0,0.0,0.0,0.0,0.0
abdf640170635d28,dos_wisenet-camera_554,wisenet-camera,1,1,detected,0.9991607666015625,7.152557373046875e-06,0.09138207606317268,0.07019392494112253,104,13.446082592010498,7.0821380615234375,-6.3639445304870605,118,119,13.315235137939453,0.8554756815213286,234.0,0.36500006914138794,0.023450482073302817,67.14,0.3208561837673187,0.02061433084997374,470.0,-0.6865912675857544,0.04411203606092765,3.02,-0.04244318604469299,0.0027268848902310227,15.0,0.054020434617996216,0.0034706986126915836,7.9,0.09491802752017975,0.006098282414113776,0.0,-0.10186983644962311,0.006544921427252671,0.0,0.07841771095991135,0.005038171991092161,66.0,-0.2635052800178528,0.016929656643121474,0.0,0.009741953574120998,0.0006258999023925611,0.0,0.04845822602510452,0.003113338480671852,0.0,0.18365764617919922,0.011799615132900097,0.0
274cff6a966dd252,dos_wisenet-camera_554,wisenet-camera,1,1,detected,0.999160885810852,4.76837158203125e-06,0.09108422515527108,0.057149010710418224,104,13.446272850036621,7.0823283195495605,-6.3639445304870605,118,119,13.309097290039062,0.8544315049517142,234.0,0.3637973964214325,0.023355450046527355,67.14,0.3234082758426666,0.020762506563754914,470.0,-0.6847692728042603,0.04396154206076269,3.02,-0.044079288840293884,0.0028298488079429363,15.0,0.07431554794311523,0.00477098815092972,7.7,0.09297512471675873,0.005968915397009643,0.0,-0.1036468893289566,0.006654032629183991,0.0,0.07479455322027206,0.004801739838359884,66.0,-0.261221319437027,0.0167701625608446,0.0,0.009281796403229237,0.0005958825829158311,0.0,0.0496709868311882,0.0031888305499406526,0.0,0.18549486994743347,0.011908595860113582,0.0
ad7920828adb1829,dos_wisenet-camera_554,wisenet-camera,1,1,detected,0.9991592168807983,2.6226043701171875e-05,0.07757365679602353,-0.17337095364928246,104,13.44430685043335,7.080362319946289,-6.3639445304870605,118,119,14.78232192993164,0.8544247579369044,234.0,-0.04977649450302124,0.002877103439384252,67.33,-0.24449551105499268,0.01413194888056317,404.0,-0.9798202514648438,0.05663404471555825,3.27,-0.08571268618106842,0.00495423124252848,15.0,0.21721097826957703,0.012554890795162097,13.4,0.09291647374629974,0.005370613355962815,0.0,-0.16049298644065857,0.009276565734403858,0.0,0.065426304936409,0.0037816694172250285,66.0,-0.2980944812297821,0.017229993107602513,0.0,-0.023208286613225937,0.0013414492503700717,0.0,0.06686200946569443,0.0038646537752114263,0.0,0.23456703126430511,0.013558078349123669,0.0
3597ed9d6e6fe641,dos_wisenet-camera_554,wisenet-camera,1,1,detected,0.9991611242294312,2.0503997802734375e-05,0.09233514382812714,0.06183611508458853,104,13.44657564163208,7.0826311111450195,-6.3639445304870605,118,119,13.252872467041016,0.8526999706822287,234.0,0.3610854148864746,0.023232512306535606,67.14,0.3092370927333832,0.019896551525971716,470.0,-0.6850307583808899,0.04407540395793367,3.02,-0.035771336406469345,0.0023015551972538385,15.0,0.12201914936304092,0.007850805577680618,8.0,0.09967044740915298,0.006412872967353391,0.0,-0.09765343368053436,0.006283096758343907,0.0,0.07452325522899628,0.004794883351284324,66.0,-0.2602873146533966,0.016747085292329964,0.0,0.013437421061098576,0.000864573968650117,0.0,0.048294637352228165,0.003107313977159875,0.0,0.18236298859119415,0.011733374437274256,0.0
671edee1b3cd8b37,dos_wisenet-camera_554,wisenet-camera,1,1,detected,0.9991593360900879,5.245208740234375e-06,0.09624964494182711,0.16120704356580973,104,13.444404125213623,7.0804595947265625,-6.3639445304870605,118,119,13.284420013427734,0.8997132015067977,234.0,0.08882811665534973,0.006016057090864485,67.6,0.33304160833358765,0.022555891139087035,338.0,-0.44606539607048035,0.030210647147132435,3.58,-0.016836155205965042,0.0011402613803322252,15.0,0.0793561339378357,0.005374548625551163,22.1,0.07333388179540634,0.004966679877809859,0.0,-0.059417225420475006,0.004024147238168582,0.0,0.028379153460264206,0.0019220334037901895,66.0,-0.21867121756076813,0.014809933819476071,0.0,0.006732519716024399,0.0004559730015905296,0.0,0.010300683788955212,0.0006976338583169172,0.0,0.119789719581604,0.00811299191108286,0.0
ea80025d36ed9480,dos_wisenet-camera_554,wisenet-camera,1,0,missed,0.0022302076686173677,2.6226043701171875e-06,0.34815501423392886,-1.179460084065795,102,0.25908327102661133,-6.103427410125732,-6.362510681152344,116,119,0.5437928438186646,0.32967712780673397,245.0,0.03374222293496132,0.020456391196501333,70.0,-0.004771582782268524,0.002892795895774822,350.0,-0.023299820721149445,0.014125632694647693,5.66,0.10809602588415146,0.06553375563120323,15.0,0.07347220182418823,0.044542889349077686,8.6,0.04668135941028595,0.028300807315568253,0.0,0.11824329197406769,0.07168558638374214,0.0,-0.07739108055830002,0.04691872915640639,66.0,0.390614777803421,0.23681216016156306,0.0,0.1528201699256897,0.09264799135319032,0.0,0.023954743519425392,0.014522682912437544,0.0,0.05259082466363907,0.031883450143153545,0.0
adeb759711942f17,dos_wisenet-camera_554,wisenet-camera,1,1,detected,0.9991611242294312,1.5735626220703125e-05,0.09162552256946456,0.053485157899558544,104,13.446583271026611,7.082638740539551,-6.3639445304870605,118,119,13.239891052246094,0.8501310767863756,234.0,0.3606445789337158,0.023156925009143202,67.14,0.3231406807899475,0.020748806302815972,470.0,-0.6806032657623291,0.043701416039121796,3.02,-0.043225500732660294,0.002775501802656656,15.0,0.14360731840133667,0.00922100066723895,8.2,0.0944136381149292,0.006062283104689709,0.0,-0.10561202466487885,0.006781329536296388,0.0,0.07735744118690491,0.004967107698556598,66.0,-0.26097267866134644,0.016757009815768643,0.0,0.008874197490513325,0.0005698106607112297,0.0,0.04962919279932976,0.0031866817444374104,0.0,0.18596921861171722,0.011941050832187878,0.0
885ab609e4c0c870,dos_wisenet-camera_554,wisenet-camera,1,1,detected,0.9991607666015625,7.152557373046875e-06,0.09138207606317268,0.07019392494112253,104,13.446082592010498,7.0821380615234375,-6.3639445304870605,118,119,13.315235137939453,0.8554756815213286,234.0,0.36500006914138794,0.023450482073302817,67.14,0.3208561837673187,0.02061433084997374,470.0,-0.6865912675857544,0.04411203606092765,3.02,-0.04244318604469299,0.0027268848902310227,15.0,0.054020434617996216,0.0034706986126915836,7.9,0.09491802752017975,0.006098282414113776,0.0,-0.10186983644962311,0.006544921427252671,0.0,0.07841771095991135,0.005038171991092161,66.0,-0.2635052800178528,0.016929656643121474,0.0,0.009741953574120998,0.0006258999023925611,0.0,0.04845822602510452,0.003113338480671852,0.0,0.18365764617919922,0.011799615132900097,0.0
fdd7151ef00cbc51,dos_wisenet-camera_554,wisenet-camera,1,1,detected,0.9991592168807983,3.337860107421875e-06,0.07711362550381455,-0.17400211468338966,104,13.444255352020264,7.080310821533203,-6.3639445304870605,118,119,14.764266967773438,0.8550077458880583,234.0,-0.0508866012096405,0.00294687425329865,67.33,-0.24243706464767456,0.014039678950304562,404.0,-0.9874993562698364,0.05718669274357555,3.27,-0.08099931478500366,0.004690719945932232,15.0,0.21317043900489807,0.012344830728228985,7.8,0.09324569255113602,0.005399915185490645,0.0,-0.15642565488815308,0.00905870551358317,0.0,0.06519745290279388,0.0037756244428345845,66.0,-0.2860812246799469,0.01656713899771648,0.0,-0.020539749413728714,0.001189469472861082,0.0,0.06940716505050659,0.004019411452518833,0.0,0.2378353774547577,0.013773192425596919,0.0
f7fec248caa142d1,dos_wisenet-camera_554,wisenet-camera,1,1,detected,0.9991592168807983,2.6226043701171875e-05,0.07757365679602353,-0.17337095364928246,104,13.44430685043335,7.080362319946289,-6.3639445304870605,118,119,14.78232192993164,0.8544247579369044,234.0,-0.04977649450302124,0.002877103439384252,67.33,-0.24449551105499268,0.01413194888056317,404.0,-0.9798202514648438,0.05663404471555825,3.27,-0.08571268618106842,0.00495423124252848,15.0,0.21721097826957703,0.012554890795162097,13.4,0.09291647374629974,0.005370613355962815,0.0,-0.16049298644065857,0.009276565734403858,0.0,0.065426304936409,0.0037816694172250285,66.0,-0.2980944812297821,0.017229993107602513,0.0,-0.023208286613225937,0.0013414492503700717,0.0,0.06686200946569443,0.0038646537752114263,0.0,0.23456703126430511,0.013558078349123669,0.0
b78295ffbff292cb,dos_wisenet-camera_554,wisenet-camera,1,1,detected,0.9991607666015625,7.152557373046875e-06,0.09138207606317268,0.07019392494112253,104,13.446082592010498,7.0821380615234375,-6.3639445304870605,118,119,13.315235137939453,0.8554756815213286,234.0,0.36500006914138794,0.023450482073302817,67.14,0.3208561837673187,0.02061433084997374,470.0,-0.6865912675857544,0.04411203606092765,3.02,-0.04244318604469299,0.0027268848902310227,15.0,0.054020434617996216,0.0034706986126915836,7.9,0.09491802752017975,0.006098282414113776,0.0,-0.10186983644962311,0.006544921427252671,0.0,0.07841771095991135,0.005038171991092161,66.0,-0.2635052800178528,0.016929656643121474,0.0,0.009741953574120998,0.0006258999023925611,0.0,0.04845822602510452,0.003113338480671852,0.0,0.18365764617919922,0.011799615132900097,0.0
ec213d56fbb5e387,dos_wisenet-camera_554,wisenet-camera,1,1,detected,0.999160885810852,4.76837158203125e-06,0.09108422515527108,0.057149010710418224,104,13.446272850036621,7.0823283195495605,-6.3639445304870605,118,119,13.309097290039062,0.8544315049517142,234.0,0.3637973964214325,0.023355450046527355,67.14,0.3234082758426666,0.020762506563754914,470.0,-0.6847692728042603,0.04396154206076269,3.02,-0.044079288840293884,0.0028298488079429363,15.0,0.07431554794311523,0.00477098815092972,7.7,0.09297512471675873,0.005968915397009643,0.0,-0.1036468893289566,0.006654032629183991,0.0,0.07479455322027206,0.004801739838359884,66.0,-0.261221319437027,0.0167701625608446,0.0,0.009281796403229237,0.0005958825829158311,0.0,0.0496709868311882,0.0031888305499406526,0.0,0.18549486994743347,0.011908595860113582,0.0
64b2f8fc13fd5ee4,dos_wisenet-camera_554,wisenet-camera,1,1,detected,0.9991592168807983,2.6226043701171875e-05,0.07757365679602353,-0.17337095364928246,104,13.44430685043335,7.080362319946289,-6.3639445304870605,118,119,14.78232192993164,0.8544247579369044,234.0,-0.04977649450302124,0.002877103439384252,67.33,-0.24449551105499268,0.01413194888056317,404.0,-0.9798202514648438,0.05663404471555825,3.27,-0.08571268618106842,0.00495423124252848,15.0,0.21721097826957703,0.012554890795162097,13.4,0.09291647374629974,0.005370613355962815,0.0,-0.16049298644065857,0.009276565734403858,0.0,0.065426304936409,0.0037816694172250285,66.0,-0.2980944812297821,0.017229993107602513,0.0,-0.023208286613225937,0.0013414492503700717,0.0,0.06686200946569443,0.0038646537752114263,0.0,0.23456703126430511,0.013558078349123669,0.0
56a92fbd4ee16876,dos_wisenet-camera_554,wisenet-camera,1,1,detected,0.999160885810852,4.76837158203125e-06,0.09108422515527108,0.057149010710418224,104,13.446272850036621,7.0823283195495605,-6.3639445304870605,118,119,13.309097290039062,0.8544315049517142,234.0,0.3637973964214325,0.023355450046527355,67.14,0.3234082758426666,0.020762506563754914,470.0,-0.6847692728042603,0.04396154206076269,3.02,-0.044079288840293884,0.0028298488079429363,15.0,0.07431554794311523,0.00477098815092972,7.7,0.09297512471675873,0.005968915397009643,0.0,-0.1036468893289566,0.006654032629183991,0.0,0.07479455322027206,0.004801739838359884,66.0,-0.261221319437027,0.0167701625608446,0.0,0.009281796403229237,0.0005958825829158311,0.0,0.0496709868311882,0.0031888305499406526,0.0,0.18549486994743347,0.011908595860113582,0.0
b08354ff00c96cf3,dos_wisenet-camera_554,wisenet-camera,1,1,detected,0.9991592168807983,2.6226043701171875e-05,0.07757365679602353,-0.17337095364928246,104,13.44430685043335,7.080362319946289,-6.3639445304870605,118,119,14.78232192993164,0.8544247579369044,234.0,-0.04977649450302124,0.002877103439384252,67.33,-0.24449551105499268,0.01413194888056317,404.0,-0.9798202514648438,0.05663404471555825,3.27,-0.08571268618106842,0.00495423124252848,15.0,0.21721097826957703,0.012554890795162097,13.4,0.09291647374629974,0.005370613355962815,0.0,-0.16049298644065857,0.009276565734403858,0.0,0.065426304936409,0.0037816694172250285,66.0,-0.2980944812297821,0.017229993107602513,0.0,-0.023208286613225937,0.0013414492503700717,0.0,0.06686200946569443,0.0038646537752114263,0.0,0.23456703126430511,0.013558078349123669,0.0
9b2ae01e7d4475e9,dos_wisenet-camera_554,wisenet-camera,1,1,detected,0.9991592168807983,2.6226043701171875e-05,0.07757365679602353,-0.17337095364928246,104,13.44430685043335,7.080362319946289,-6.3639445304870605,118,119,14.78232192993164,0.8544247579369044,234.0,-0.04977649450302124,0.002877103439384252,67.33,-0.24449551105499268,0.01413194888056317,404.0,-0.9798202514648438,0.05663404471555825,3.27,-0.08571268618106842,0.00495423124252848,15.0,0.21721097826957703,0.012554890795162097,13.4,0.09291647374629974,0.005370613355962815,0.0,-0.16049298644065857,0.009276565734403858,0.0,0.065426304936409,0.0037816694172250285,66.0,-0.2980944812297821,0.017229993107602513,0.0,-0.023208286613225937,0.0013414492503700717,0.0,0.06686200946569443,0.0038646537752114263,0.0,0.23456703126430511,0.013558078349123669,0.0
224603743c53f00c,dos_wisenet-camera_554,wisenet-camera,1,1,detected,0.9991607666015625,7.152557373046875e-06,0.09138207606317268,0.07019392494112253,104,13.446082592010498,7.0821380615234375,-6.3639445304870605,118,119,13.315235137939453,0.8554756815213286,234.0,0.36500006914138794,0.023450482073302817,67.14,0.3208561837673187,0.02061433084997374,470.0,-0.6865912675857544,0.04411203606092765,3.02,-0.04244318604469299,0.0027268848902310227,15.0,0.054020434617996216,0.0034706986126915836,7.9,0.09491802752017975,0.006098282414113776,0.0,-0.10186983644962311,0.006544921427252671,0.0,0.07841771095991135,0.005038171991092161,66.0,-0.2635052800178528,0.016929656643121474,0.0,0.009741953574120998,0.0006258999023925611,0.0,0.04845822602510452,0.003113338480671852,0.0,0.18365764617919922,0.011799615132900097,0.0
853f5bed6d01f6d2,dos_wisenet-camera_554,wisenet-camera,1,1,detected,0.9991611242294312,2.0503997802734375e-05,0.09233514382812714,0.06183611508458853,104,13.44657564163208,7.0826311111450195,-6.3639445304870605,118,119,13.252872467041016,0.8526999706822287,234.0,0.3610854148864746,0.023232512306535606,67.14,0.3092370927333832,0.019896551525971716,470.0,-0.6850307583808899,0.04407540395793367,3.02,-0.035771336406469345,0.0023015551972538385,15.0,0.12201914936304092,0.007850805577680618,8.0,0.09967044740915298,0.006412872967353391,0.0,-0.09765343368053436,0.006283096758343907,0.0,0.07452325522899628,0.004794883351284324,66.0,-0.2602873146533966,0.016747085292329964,0.0,0.013437421061098576,0.000864573968650117,0.0,0.048294637352228165,0.003107313977159875,0.0,0.18236298859119415,0.011733374437274256,0.0
f51f95112668c268,dos_wisenet-camera_554,wisenet-camera,1,1,detected,0.999160885810852,4.76837158203125e-06,0.09108422515527108,0.057149010710418224,104,13.446272850036621,7.0823283195495605,-6.3639445304870605,118,119,13.309097290039062,0.8544315049517142,234.0,0.3637973964214325,0.023355450046527355,67.14,0.3234082758426666,0.020762506563754914,470.0,-0.6847692728042603,0.04396154206076269,3.02,-0.044079288840293884,0.0028298488079429363,15.0,0.07431554794311523,0.00477098815092972,7.7,0.09297512471675873,0.005968915397009643,0.0,-0.1036468893289566,0.006654032629183991,0.0,0.07479455322027206,0.004801739838359884,66.0,-0.261221319437027,0.0167701625608446,0.0,0.009281796403229237,0.0005958825829158311,0.0,0.0496709868311882,0.0031888305499406526,0.0,0.18549486994743347,0.011908595860113582,0.0
28bace276299b027,dos_wisenet-camera_554,wisenet-camera,1,1,detected,0.9991592168807983,2.6226043701171875e-05,0.07757365679602353,-0.17337095364928246,104,13.44430685043335,7.080362319946289,-6.3639445304870605,118,119,14.78232192993164,0.8544247579369044,234.0,-0.04977649450302124,0.002877103439384252,67.33,-0.24449551105499268,0.01413194888056317,404.0,-0.9798202514648438,0.05663404471555825,3.27,-0.08571268618106842,0.00495423124252848,15.0,0.21721097826957703,0.012554890795162097,13.4,0.09291647374629974,0.005370613355962815,0.0,-0.16049298644065857,0.009276565734403858,0.0,0.065426304936409,0.0037816694172250285,66.0,-0.2980944812297821,0.017229993107602513,0.0,-0.023208286613225937,0.0013414492503700717,0.0,0.06686200946569443,0.0038646537752114263,0.0,0.23456703126430511,0.013558078349123669,0.0
b00d37ce10ba47e6,dos_wisenet-camera_554,wisenet-camera,1,1,detected,0.9991607666015625,7.152557373046875e-06,0.09138207606317268,0.07019392494112253,104,13.446082592010498,7.0821380615234375,-6.3639445304870605,118,119,13.315235137939453,0.8554756815213286,234.0,0.36500006914138794,0.023450482073302817,67.14,0.3208561837673187,0.02061433084997374,470.0,-0.6865912675857544,0.04411203606092765,3.02,-0.04244318604469299,0.0027268848902310227,15.0,0.054020434617996216,0.0034706986126915836,7.9,0.09491802752017975,0.006098282414113776,0.0,-0.10186983644962311,0.006544921427252671,0.0,0.07841771095991135,0.005038171991092161,66.0,-0.2635052800178528,0.016929656643121474,0.0,0.009741953574120998,0.0006258999023925611,0.0,0.04845822602510452,0.003113338480671852,0.0,0.18365764617919922,0.011799615132900097,0.0
7aa2c2ed8dbd0370,dos_wisenet-camera_554,wisenet-camera,1,1,detected,0.9991592168807983,2.6226043701171875e-05,0.07757365679602353,-0.17337095364928246,104,13.44430685043335,7.080362319946289,-6.3639445304870605,118,119,14.78232192993164,0.8544247579369044,234.0,-0.04977649450302124,0.002877103439384252,67.33,-0.24449551105499268,0.01413194888056317,404.0,-0.9798202514648438,0.05663404471555825,3.27,-0.08571268618106842,0.00495423124252848,15.0,0.21721097826957703,0.012554890795162097,13.4,0.09291647374629974,0.005370613355962815,0.0,-0.16049298644065857,0.009276565734403858,0.0,0.065426304936409,0.0037816694172250285,66.0,-0.2980944812297821,0.017229993107602513,0.0,-0.023208286613225937,0.0013414492503700717,0.0,0.06686200946569443,0.0038646537752114263,0.0,0.23456703126430511,0.013558078349123669,0.0
9ad6641b6acd1f84,dos_wisenet-camera_554,wisenet-camera,1,1,detected,0.9991592168807983,2.6226043701171875e-05,0.07757365679602353,-0.17337095364928246,104,13.44430685043335,7.080362319946289,-6.3639445304870605,118,119,14.78232192993164,0.8544247579369044,234.0,-0.04977649450302124,0.002877103439384252,67.33,-0.24449551105499268,0.01413194888056317,404.0,-0.9798202514648438,0.05663404471555825,3.27,-0.08571268618106842,0.00495423124252848,15.0,0.21721097826957703,0.012554890795162097,13.4,0.09291647374629974,0.005370613355962815,0.0,-0.16049298644065857,0.009276565734403858,0.0,0.065426304936409,0.0037816694172250285,66.0,-0.2980944812297821,0.017229993107602513,0.0,-0.023208286613225937,0.0013414492503700717,0.0,0.06686200946569443,0.0038646537752114263,0.0,0.23456703126430511,0.013558078349123669,0.0
e935de964593ad47,dos_wisenet-camera_554,wisenet-camera,1,1,detected,0.9991607666015625,7.152557373046875e-06,0.09138207606317268,0.07019392494112253,104,13.446082592010498,7.0821380615234375,-6.3639445304870605,118,119,13.315235137939453,0.8554756815213286,234.0,0.36500006914138794,0.023450482073302817,67.14,0.3208561837673187,0.02061433084997374,470.0,-0.6865912675857544,0.04411203606092765,3.02,-0.04244318604469299,0.0027268848902310227,15.0,0.054020434617996216,0.0034706986126915836,7.9,0.09491802752017975,0.006098282414113776,0.0,-0.10186983644962311,0.006544921427252671,0.0,0.07841771095991135,0.005038171991092161,66.0,-0.2635052800178528,0.016929656643121474,0.0,0.009741953574120998,0.0006258999023925611,0.0,0.04845822602510452,0.003113338480671852,0.0,0.18365764617919922,0.011799615132900097,0.0
7609bab8033d55d9,dos_wisenet-camera_554,wisenet-camera,1,1,detected,0.9991592168807983,2.6226043701171875e-05,0.07757365679602353,-0.17337095364928246,104,13.44430685043335,7.080362319946289,-6.3639445304870605,118,119,14.78232192993164,0.8544247579369044,234.0,-0.04977649450302124,0.002877103439384252,67.33,-0.24449551105499268,0.01413194888056317,404.0,-0.9798202514648438,0.05663404471555825,3.27,-0.08571268618106842,0.00495423124252848,15.0,0.21721097826957703,0.012554890795162097,13.4,0.09291647374629974,0.005370613355962815,0.0,-0.16049298644065857,0.009276565734403858,0.0,0.065426304936409,0.0037816694172250285,66.0,-0.2980944812297821,0.017229993107602513,0.0,-0.023208286613225937,0.0013414492503700717,0.0,0.06686200946569443,0.0038646537752114263,0.0,0.23456703126430511,0.013558078349123669,0.0
c63ddca8c34b1ba8,dos_wisenet-camera_554,wisenet-camera,1,1,detected,0.999160885810852,4.76837158203125e-06,0.09108422515527108,0.057149010710418224,104,13.446272850036621,7.0823283195495605,-6.3639445304870605,118,119,13.309097290039062,0.8544315049517142,234.0,0.3637973964214325,0.023355450046527355,67.14,0.3234082758426666,0.020762506563754914,470.0,-0.6847692728042603,0.04396154206076269,3.02,-0.044079288840293884,0.0028298488079429363,15.0,0.07431554794311523,0.00477098815092972,7.7,0.09297512471675873,0.005968915397009643,0.0,-0.1036468893289566,0.006654032629183991,0.0,0.07479455322027206,0.004801739838359884,66.0,-0.261221319437027,0.0167701625608446,0.0,0.009281796403229237,0.0005958825829158311,0.0,0.0496709868311882,0.0031888305499406526,0.0,0.18549486994743347,0.011908595860113582,0.0
62a53a11d832dfbf,dos_wisenet-camera_554,wisenet-camera,1,1,detected,0.999160885810852,1.4781951904296875e-05,0.08998323863940422,0.061911046504974365,104,13.446309566497803,7.082365036010742,-6.3639445304870605,118,119,13.462531089782715,0.8475111692881068,234.0,0.36693882942199707,0.023100021408059394,67.14,0.3306049704551697,0.020812683975569048,470.0,-0.6882197856903076,0.04332572763677955,3.02,-0.18855416774749756,0.011870112842532842,30.0,0.059008851647377014,0.003714803741175545,7.9,0.0952778309583664,0.0059980567832481025,0.0,-0.10734876990318298,0.0067579625922895405,0.0,0.07412062585353851,0.004666140257471642,66.0,-0.2660621702671051,0.016749499742848506,0.0,0.00677943229675293,0.00042678784209391677,0.0,0.051266804337501526,0.0032274160780000672,0.0,0.18806976079940796,0.011839617811825113,0.0
71f1d98cd1da0cd6,dos_wisenet-camera_554,wisenet-camera,1,1,detected,0.9991592168807983,2.6226043701171875e-05,0.07757365679602353,-0.17337095364928246,104,13.44430685043335,7.080362319946289,-6.3639445304870605,118,119,14.78232192993164,0.8544247579369044,234.0,-0.04977649450302124,0.002877103439384252,67.33,-0.24449551105499268,0.01413194888056317,404.0,-0.9798202514648438,0.05663404471555825,3.27,-0.08571268618106842,0.00495423124252848,15.0,0.21721097826957703,0.012554890795162097,13.4,0.09291647374629974,0.005370613355962815,0.0,-0.16049298644065857,0.009276565734403858,0.0,0.065426304936409,0.0037816694172250285,66.0,-0.2980944812297821,0.017229993107602513,0.0,-0.023208286613225937,0.0013414492503700717,0.0,0.06686200946569443,0.0038646537752114263,0.0,0.23456703126430511,0.013558078349123669,0.0
6576c910ff1d4659,dos_wisenet-camera_554,wisenet-camera,1,1,detected,0.9991611242294312,2.0503997802734375e-05,0.09233514382812714,0.06183611508458853,104,13.44657564163208,7.0826311111450195,-6.3639445304870605,118,119,13.252872467041016,0.8526999706822287,234.0,0.3610854148864746,0.023232512306535606,67.14,0.3092370927333832,0.019896551525971716,470.0,-0.6850307583808899,0.04407540395793367,3.02,-0.035771336406469345,0.0023015551972538385,15.0,0.12201914936304092,0.007850805577680618,8.0,0.09967044740915298,0.006412872967353391,0.0,-0.09765343368053436,0.006283096758343907,0.0,0.07452325522899628,0.004794883351284324,66.0,-0.2602873146533966,0.016747085292329964,0.0,0.013437421061098576,0.000864573968650117,0.0,0.048294637352228165,0.003107313977159875,0.0,0.18236298859119415,0.011733374437274256,0.0
60f1733931e6d6af,dos_wisenet-camera_554,wisenet-camera,1,1,detected,0.9991598129272461,5.7220458984375e-06,0.0774953865802248,-0.17782703414559364,104,13.444965362548828,7.081020832061768,-6.3639445304870605,118,119,14.705963134765625,0.8517825719761755,234.0,-0.0491938591003418,0.0028493524324743613,67.33,-0.24480170011520386,0.014179133990573,404.0,-0.9773238897323608,0.05660747608444605,3.27,-0.08104009926319122,0.0046939152200387805,15.0,0.27027350664138794,0.015654483865785263,8.2,0.09285496920347214,0.005378243081673725,0.0,-0.1594710499048233,0.009236706212227035,0.0,0.0674816220998764,0.003908596064508843,66.0,-0.28808921575546265,0.016686385713471204,0.0,-0.021149884909391403,0.0012250202995907772,0.0,0.06939888745546341,0.004019645793164969,0.0,0.2378842532634735,0.013778469265870542,0.0
793f57e0e37ecf3e,dos_wisenet-camera_554,wisenet-camera,1,1,detected,0.999160885810852,4.76837158203125e-06,0.09108422515527108,0.057149010710418224,104,13.446272850036621,7.0823283195495605,-6.3639445304870605,118,119,13.309097290039062,0.8544315049517142,234.0,0.3637973964214325,0.023355450046527355,67.14,0.3234082758426666,0.020762506563754914,470.0,-0.6847692728042603,0.04396154206076269,3.02,-0.044079288840293884,0.0028298488079429363,15.0,0.07431554794311523,0.00477098815092972,7.7,0.09297512471675873,0.005968915397009643,0.0,-0.1036468893289566,0.006654032629183991,0.0,0.07479455322027206,0.004801739838359884,66.0,-0.261221319437027,0.0167701625608446,0.0,0.009281796403229237,0.0005958825829158311,0.0,0.0496709868311882,0.0031888305499406526,0.0,0.18549486994743347,0.011908595860113582,0.0
45241805a9fbed3e,dos_wisenet-camera_554,wisenet-camera,1,1,detected,0.9991611242294312,1.5735626220703125e-05,0.09162552256946456,0.053485157899558544,104,13.446583271026611,7.082638740539551,-6.3639445304870605,118,119,13.239891052246094,0.8501310767863756,234.0,0.3606445789337158,0.023156925009143202,67.14,0.3231406807899475,0.020748806302815972,470.0,-0.6806032657623291,0.043701416039121796,3.02,-0.043225500732660294,0.002775501802656656,15.0,0.14360731840133667,0.00922100066723895,8.2,0.0944136381149292,0.006062283104689709,0.0,-0.10561202466487885,0.006781329536296388,0.0,0.07735744118690491,0.004967107698556598,66.0,-0.26097267866134644,0.016757009815768643,0.0,0.008874197490513325,0.0005698106607112297,0.0,0.04962919279932976,0.0031866817444374104,0.0,0.18596921861171722,0.011941050832187878,0.0
c3ea79c340862dd5,dos_wisenet-camera_554,wisenet-camera,1,1,detected,0.9991611242294312,2.0503997802734375e-05,0.09233514382812714,0.06183611508458853,104,13.44657564163208,7.0826311111450195,-6.3639445304870605,118,119,13.252872467041016,0.8526999706822287,234.0,0.3610854148864746,0.023232512306535606,67.14,0.3092370927333832,0.019896551525971716,470.0,-0.6850307583808899,0.04407540395793367,3.02,-0.035771336406469345,0.0023015551972538385,15.0,0.12201914936304092,0.007850805577680618,8.0,0.09967044740915298,0.006412872967353391,0.0,-0.09765343368053436,0.006283096758343907,0.0,0.07452325522899628,0.004794883351284324,66.0,-0.2602873146533966,0.016747085292329964,0.0,0.013437421061098576,0.000864573968650117,0.0,0.048294637352228165,0.003107313977159875,0.0,0.18236298859119415,0.011733374437274256,0.0
d1de78431ba24f8b,dos_wisenet-camera_554,wisenet-camera,1,1,detected,0.999160885810852,4.76837158203125e-06,0.09108422515527108,0.057149010710418224,104,13.446272850036621,7.0823283195495605,-6.3639445304870605,118,119,13.309097290039062,0.8544315049517142,234.0,0.3637973964214325,0.023355450046527355,67.14,0.3234082758426666,0.020762506563754914,470.0,-0.6847692728042603,0.04396154206076269,3.02,-0.044079288840293884,0.0028298488079429363,15.0,0.07431554794311523,0.00477098815092972,7.7,0.09297512471675873,0.005968915397009643,0.0,-0.1036468893289566,0.006654032629183991,0.0,0.07479455322027206,0.004801739838359884,66.0,-0.261221319437027,0.0167701625608446,0.0,0.009281796403229237,0.0005958825829158311,0.0,0.0496709868311882,0.0031888305499406526,0.0,0.18549486994743347,0.011908595860113582,0.0
6e5fa068e3af06fe,dos_wisenet-camera_554,wisenet-camera,1,1,detected,0.9991611242294312,2.0503997802734375e-05,0.09233514382812714,0.06183611508458853,104,13.44657564163208,7.0826311111450195,-6.3639445304870605,118,119,13.252872467041016,0.8526999706822287,234.0,0.3610854148864746,0.023232512306535606,67.14,0.3092370927333832,0.019896551525971716,470.0,-0.6850307583808899,0.04407540395793367,3.02,-0.035771336406469345,0.0023015551972538385,15.0,0.12201914936304092,0.007850805577680618,8.0,0.09967044740915298,0.006412872967353391,0.0,-0.09765343368053436,0.006283096758343907,0.0,0.07452325522899628,0.004794883351284324,66.0,-0.2602873146533966,0.016747085292329964,0.0,0.013437421061098576,0.000864573968650117,0.0,0.048294637352228165,0.003107313977159875,0.0,0.18236298859119415,0.011733374437274256,0.0
e3c9c016b751f4c8,dos_wisenet-camera_554,wisenet-camera,1,1,detected,0.9991598129272461,5.7220458984375e-06,0.0774953865802248,-0.17782703414559364,104,13.444965362548828,7.081020832061768,-6.3639445304870605,118,119,14.705963134765625,0.8517825719761755,234.0,-0.0491938591003418,0.0028493524324743613,67.33,-0.24480170011520386,0.014179133990573,404.0,-0.9773238897323608,0.05660747608444605,3.27,-0.08104009926319122,0.0046939152200387805,15.0,0.27027350664138794,0.015654483865785263,8.2,0.09285496920347214,0.005378243081673725,0.0,-0.1594710499048233,0.009236706212227035,0.0,0.0674816220998764,0.003908596064508843,66.0,-0.28808921575546265,0.016686385713471204,0.0,-0.021149884909391403,0.0012250202995907772,0.0,0.06939888745546341,0.004019645793164969,0.0,0.2378842532634735,0.013778469265870542,0.0
174c84c7bb3dc3b7,dos_wisenet-camera_554,wisenet-camera,1,1,detected,0.9991598129272461,2.2411346435546875e-05,0.07785320195319066,-0.164829408749938,104,13.445050716400146,7.081106185913086,-6.3639445304870605,118,119,14.785158157348633,0.8540095132573802,234.0,-0.048691898584365845,0.002812505904033493,67.33,-0.27179157733917236,0.015699026699657982,404.0,-0.9710588455200195,0.05608959222358021,3.27,-0.07995089888572693,0.00461806546235376,15.0,0.2030893862247467,0.01173070088474714,13.0,0.10108666121959686,0.0058388939385172365,0.0,-0.15631327033042908,0.009028853022056398,0.0,0.06570709496736526,0.003795325257494497,66.0,-0.3043458163738251,0.01757940089224854,0.0,-0.0192157793790102,0.0011099278221906102,0.0,0.0703861266374588,0.004065592069426188,0.0,0.23584319651126862,0.013622602566313818,0.0
6ee73edd00520dc1,dos_wisenet-camera_554,wisenet-camera,1,1,detected,0.9991611242294312,2.0503997802734375e-05,0.09233514382812714,0.06183611508458853,104,13.44657564163208,7.0826311111450195,-6.3639445304870605,118,119,13.252872467041016,0.8526999706822287,234.0,0.3610854148864746,0.023232512306535606,67.14,0.3092370927333832,0.019896551525971716,470.0,-0.6850307583808899,0.04407540395793367,3.02,-0.035771336406469345,0.0023015551972538385,15.0,0.12201914936304092,0.007850805577680618,8.0,0.09967044740915298,0.006412872967353391,0.0,-0.09765343368053436,0.006283096758343907,0.0,0.07452325522899628,0.004794883351284324,66.0,-0.2602873146533966,0.016747085292329964,0.0,0.013437421061098576,0.000864573968650117,0.0,0.048294637352228165,0.003107313977159875,0.0,0.18236298859119415,0.011733374437274256,0.0
e340507fa26fae9e,dos_wisenet-camera_554,wisenet-camera,1,1,detected,0.9991577863693237,3.8623809814453125e-05,0.0,7.012858986854553e-07,105,13.940747737884521,7.0786519050598145,-6.862095832824707,119,119,14.031350135803223,0.916102196864645,234.0,-0.45599010586738586,0.029771442782811085,68.86,0.3165211081504822,0.020665558176814005,482.0,-0.17775169014930725,0.01160534889844101,5.01,-0.008924825116991997,0.0005826988719671839,15.0,-0.04515867680311203,0.0029483950315849767,7.9,4.0908344089984894e-05,2.6708922183691667e-06,0.0,0.0,0.0,0.0,0.28062155842781067,0.01832168848151841,66.0,0.0,0.0,0.0,0.0,0.0,0.0,0.0,0.0,0.0,0.0,0.0,0.0
defcca216dd56350,dos_wisenet-camera_554,wisenet-camera,1,1,detected,0.9991611242294312,2.0503997802734375e-05,0.09233514382812714,0.06183611508458853,104,13.44657564163208,7.0826311111450195,-6.3639445304870605,118,119,13.252872467041016,0.8526999706822287,234.0,0.3610854148864746,0.023232512306535606,67.14,0.3092370927333832,0.019896551525971716,470.0,-0.6850307583808899,0.04407540395793367,3.02,-0.035771336406469345,0.0023015551972538385,15.0,0.12201914936304092,0.007850805577680618,8.0,0.09967044740915298,0.006412872967353391,0.0,-0.09765343368053436,0.006283096758343907,0.0,0.07452325522899628,0.004794883351284324,66.0,-0.2602873146533966,0.016747085292329964,0.0,0.013437421061098576,0.000864573968650117,0.0,0.048294637352228165,0.003107313977159875,0.0,0.18236298859119415,0.011733374437274256,0.0
bbf192ec1cff1f5a,dos_wisenet-camera_554,wisenet-camera,1,1,detected,0.9991577863693237,3.8623809814453125e-05,0.0,7.012858986854553e-07,105,13.940747737884521,7.0786519050598145,-6.862095832824707,119,119,14.031350135803223,0.916102196864645,234.0,-0.45599010586738586,0.029771442782811085,68.86,0.3165211081504822,0.020665558176814005,482.0,-0.17775169014930725,0.01160534889844101,5.01,-0.008924825116991997,0.0005826988719671839,15.0,-0.04515867680311203,0.0029483950315849767,7.9,4.0908344089984894e-05,2.6708922183691667e-06,0.0,0.0,0.0,0.0,0.28062155842781067,0.01832168848151841,66.0,0.0,0.0,0.0,0.0,0.0,0.0,0.0,0.0,0.0,0.0,0.0,0.0
2dce83f8506fb029,dos_wisenet-camera_554,wisenet-camera,1,1,detected,0.9991611242294312,2.0503997802734375e-05,0.09233514382812714,0.06183611508458853,104,13.44657564163208,7.0826311111450195,-6.3639445304870605,118,119,13.252872467041016,0.8526999706822287,234.0,0.3610854148864746,0.023232512306535606,67.14,0.3092370927333832,0.019896551525971716,470.0,-0.6850307583808899,0.04407540395793367,3.02,-0.035771336406469345,0.0023015551972538385,15.0,0.12201914936304092,0.007850805577680618,8.0,0.09967044740915298,0.006412872967353391,0.0,-0.09765343368053436,0.006283096758343907,0.0,0.07452325522899628,0.004794883351284324,66.0,-0.2602873146533966,0.016747085292329964,0.0,0.013437421061098576,0.000864573968650117,0.0,0.048294637352228165,0.003107313977159875,0.0,0.18236298859119415,0.011733374437274256,0.0
07e5ea8f03da476c,dos_wisenet-camera_80,wisenet-camera,1,1,detected,0.9991593360900879,1.2874603271484375e-05,0.09395198571778862,0.17211621347814798,104,13.444392681121826,7.080448150634766,-6.3639445304870605,118,119,13.583922386169434,0.8873698952747041,234.0,0.08670011162757874,0.005663685847734354,67.6,0.3398071229457855,0.022197904443933644,338.0,-0.48949211835861206,0.03197607859184486,3.58,-0.23752839863300323,0.015516545532852784,36.0,0.03764369338750839,0.0024590747288895575,17.0,0.07816461473703384,0.005106104409431081,0.0,-0.06260837614536285,0.004089892934017015,0.0,0.021383877843618393,0.0013969020805050141,66.0,-0.2282753884792328,0.01491209253189284,0.0,0.005023145116865635,0.0003281370159211908,0.0,0.012691991403698921,0.0008291044929846434,0.0,0.1248309314250946,0.008154582115288914,0.0
f206ad3f0a2fa43f,dos_wisenet-camera_80,wisenet-camera,1,1,detected,0.9991593360900879,1.2874603271484375e-05,0.09395198571778862,0.17211621347814798,104,13.444392681121826,7.080448150634766,-6.3639445304870605,118,119,13.583922386169434,0.8873698952747041,234.0,0.08670011162757874,0.005663685847734354,67.6,0.3398071229457855,0.022197904443933644,338.0,-0.48949211835861206,0.03197607859184486,3.58,-0.23752839863300323,0.015516545532852784,36.0,0.03764369338750839,0.0024590747288895575,17.0,0.07816461473703384,0.005106104409431081,0.0,-0.06260837614536285,0.004089892934017015,0.0,0.021383877843618393,0.0013969020805050141,66.0,-0.2282753884792328,0.01491209253189284,0.0,0.005023145116865635,0.0003281370159211908,0.0,0.012691991403698921,0.0008291044929846434,0.0,0.1248309314250946,0.008154582115288914,0.0
aa892eeaad1b66ec,dos_wisenet-camera_80,wisenet-camera,1,1,detected,0.9991593360900879,1.2874603271484375e-05,0.09395198571778862,0.17211621347814798,104,13.444392681121826,7.080448150634766,-6.3639445304870605,118,119,13.583922386169434,0.8873698952747041,234.0,0.08670011162757874,0.005663685847734354,67.6,0.3398071229457855,0.022197904443933644,338.0,-0.48949211835861206,0.03197607859184486,3.58,-0.23752839863300323,0.015516545532852784,36.0,0.03764369338750839,0.0024590747288895575,17.0,0.07816461473703384,0.005106104409431081,0.0,-0.06260837614536285,0.004089892934017015,0.0,0.021383877843618393,0.0013969020805050141,66.0,-0.2282753884792328,0.01491209253189284,0.0,0.005023145116865635,0.0003281370159211908,0.0,0.012691991403698921,0.0008291044929846434,0.0,0.1248309314250946,0.008154582115288914,0.0
3ccd9c334e5d204f,dos_wisenet-camera_80,wisenet-camera,1,1,detected,0.9991593360900879,1.2874603271484375e-05,0.09395198571778862,0.17211621347814798,104,13.444392681121826,7.080448150634766,-6.3639445304870605,118,119,13.583922386169434,0.8873698952747041,234.0,0.08670011162757874,0.005663685847734354,67.6,0.3398071229457855,0.022197904443933644,338.0,-0.48949211835861206,0.03197607859184486,3.58,-0.23752839863300323,0.015516545532852784,36.0,0.03764369338750839,0.0024590747288895575,17.0,0.07816461473703384,0.005106104409431081,0.0,-0.06260837614536285,0.004089892934017015,0.0,0.021383877843618393,0.0013969020805050141,66.0,-0.2282753884792328,0.01491209253189284,0.0,0.005023145116865635,0.0003281370159211908,0.0,0.012691991403698921,0.0008291044929846434,0.0,0.1248309314250946,0.008154582115288914,0.0
084a07047dbbb867,dos_wisenet-camera_80,wisenet-camera,1,1,detected,0.9991593360900879,1.2874603271484375e-05,0.09395198571778862,0.17211621347814798,104,13.444392681121826,7.080448150634766,-6.3639445304870605,118,119,13.583922386169434,0.8873698952747041,234.0,0.08670011162757874,0.005663685847734354,67.6,0.3398071229457855,0.022197904443933644,338.0,-0.48949211835861206,0.03197607859184486,3.58,-0.23752839863300323,0.015516545532852784,36.0,0.03764369338750839,0.0024590747288895575,17.0,0.07816461473703384,0.005106104409431081,0.0,-0.06260837614536285,0.004089892934017015,0.0,0.021383877843618393,0.0013969020805050141,66.0,-0.2282753884792328,0.01491209253189284,0.0,0.005023145116865635,0.0003281370159211908,0.0,0.012691991403698921,0.0008291044929846434,0.0,0.1248309314250946,0.008154582115288914,0.0
641aef4336a19e91,dos_wisenet-camera_80,wisenet-camera,1,1,detected,0.9991593360900879,1.2874603271484375e-05,0.09395198571778862,0.17211621347814798,104,13.444392681121826,7.080448150634766,-6.3639445304870605,118,119,13.583922386169434,0.8873698952747041,234.0,0.08670011162757874,0.005663685847734354,67.6,0.3398071229457855,0.022197904443933644,338.0,-0.48949211835861206,0.03197607859184486,3.58,-0.23752839863300323,0.015516545532852784,36.0,0.03764369338750839,0.0024590747288895575,17.0,0.07816461473703384,0.005106104409431081,0.0,-0.06260837614536285,0.004089892934017015,0.0,0.021383877843618393,0.0013969020805050141,66.0,-0.2282753884792328,0.01491209253189284,0.0,0.005023145116865635,0.0003281370159211908,0.0,0.012691991403698921,0.0008291044929846434,0.0,0.1248309314250946,0.008154582115288914,0.0
eb234d677aa9b96e,dos_wisenet-camera_80,wisenet-camera,1,1,detected,0.9991593360900879,1.2874603271484375e-05,0.09395198571778862,0.17211621347814798,104,13.444392681121826,7.080448150634766,-6.3639445304870605,118,119,13.583922386169434,0.8873698952747041,234.0,0.08670011162757874,0.005663685847734354,67.6,0.3398071229457855,0.022197904443933644,338.0,-0.48949211835861206,0.03197607859184486,3.58,-0.23752839863300323,0.015516545532852784,36.0,0.03764369338750839,0.0024590747288895575,17.0,0.07816461473703384,0.005106104409431081,0.0,-0.06260837614536285,0.004089892934017015,0.0,0.021383877843618393,0.0013969020805050141,66.0,-0.2282753884792328,0.01491209253189284,0.0,0.005023145116865635,0.0003281370159211908,0.0,0.012691991403698921,0.0008291044929846434,0.0,0.1248309314250946,0.008154582115288914,0.0
816d7d301651644d,dos_wisenet-camera_80,wisenet-camera,1,1,detected,0.9991593360900879,1.2874603271484375e-05,0.09395198571778862,0.17211621347814798,104,13.444392681121826,7.080448150634766,-6.3639445304870605,118,119,13.583922386169434,0.8873698952747041,234.0,0.08670011162757874,0.005663685847734354,67.6,0.3398071229457855,0.022197904443933644,338.0,-0.48949211835861206,0.03197607859184486,3.58,-0.23752839863300323,0.015516545532852784,36.0,0.03764369338750839,0.0024590747288895575,17.0,0.07816461473703384,0.005106104409431081,0.0,-0.06260837614536285,0.004089892934017015,0.0,0.021383877843618393,0.0013969020805050141,66.0,-0.2282753884792328,0.01491209253189284,0.0,0.005023145116865635,0.0003281370159211908,0.0,0.012691991403698921,0.0008291044929846434,0.0,0.1248309314250946,0.008154582115288914,0.0
acf9c827eb0e43c3,dos_wisenet-camera_80,wisenet-camera,1,1,detected,0.9991593360900879,1.2874603271484375e-05,0.09395198571778862,0.17211621347814798,104,13.444392681121826,7.080448150634766,-6.3639445304870605,118,119,13.583922386169434,0.8873698952747041,234.0,0.08670011162757874,0.005663685847734354,67.6,0.3398071229457855,0.022197904443933644,338.0,-0.48949211835861206,0.03197607859184486,3.58,-0.23752839863300323,0.015516545532852784,36.0,0.03764369338750839,0.0024590747288895575,17.0,0.07816461473703384,0.005106104409431081,0.0,-0.06260837614536285,0.004089892934017015,0.0,0.021383877843618393,0.0013969020805050141,66.0,-0.2282753884792328,0.01491209253189284,0.0,0.005023145116865635,0.0003281370159211908,0.0,0.012691991403698921,0.0008291044929846434,0.0,0.1248309314250946,0.008154582115288914,0.0
b230baf7d17fef6c,dos_wisenet-camera_80,wisenet-camera,1,1,detected,0.9991593360900879,1.2874603271484375e-05,0.09395198571778862,0.17211621347814798,104,13.444392681121826,7.080448150634766,-6.3639445304870605,118,119,13.583922386169434,0.8873698952747041,234.0,0.08670011162757874,0.005663685847734354,67.6,0.3398071229457855,0.022197904443933644,338.0,-0.48949211835861206,0.03197607859184486,3.58,-0.23752839863300323,0.015516545532852784,36.0,0.03764369338750839,0.0024590747288895575,17.0,0.07816461473703384,0.005106104409431081,0.0,-0.06260837614536285,0.004089892934017015,0.0,0.021383877843618393,0.0013969020805050141,66.0,-0.2282753884792328,0.01491209253189284,0.0,0.005023145116865635,0.0003281370159211908,0.0,0.012691991403698921,0.0008291044929846434,0.0,0.1248309314250946,0.008154582115288914,0.0
1d49f289e6fc9f94,dos_wisenet-camera_80,wisenet-camera,1,1,detected,0.9991593360900879,1.2874603271484375e-05,0.09395198571778862,0.17211621347814798,104,13.444392681121826,7.080448150634766,-6.3639445304870605,118,119,13.583922386169434,0.8873698952747041,234.0,0.08670011162757874,0.005663685847734354,67.6,0.3398071229457855,0.022197904443933644,338.0,-0.48949211835861206,0.03197607859184486,3.58,-0.23752839863300323,0.015516545532852784,36.0,0.03764369338750839,0.0024590747288895575,17.0,0.07816461473703384,0.005106104409431081,0.0,-0.06260837614536285,0.004089892934017015,0.0,0.021383877843618393,0.0013969020805050141,66.0,-0.2282753884792328,0.01491209253189284,0.0,0.005023145116865635,0.0003281370159211908,0.0,0.012691991403698921,0.0008291044929846434,0.0,0.1248309314250946,0.008154582115288914,0.0
1777cce92165326e,dos_wisenet-camera_80,wisenet-camera,1,1,detected,0.9991594552993774,1.7642974853515625e-05,0.09300440571573386,0.19078140798956156,104,13.444530963897705,7.0805864334106445,-6.3639445304870605,118,119,13.664398193359375,0.8818230272133032,234.0,0.0885094553232193,0.005711899984592987,67.6,0.3489421606063843,0.022518754798715616,338.0,-0.5131170153617859,0.033113671996244994,3.58,-0.30339765548706055,0.019579569859215544,35.9,0.034710586071014404,0.002240025038231468,17.0,0.07612095028162003,0.004912415889952111,0.0,-0.06600695103406906,0.004259715543584658,0.0,0.022036107257008553,0.001422085812664319,66.0,-0.23840685188770294,0.01538543072772694,0.0,0.002419047988951206,0.00015611168456931276,0.0,0.012738119810819626,0.0008220462557979035,0.0,0.12482105195522308,0.00805524519540097,0.0
75264d75b7ccff5c,dos_wisenet-camera_80,wisenet-camera,1,1,detected,0.9991593360900879,1.2874603271484375e-05,0.09395198571778862,0.17211621347814798,104,13.444392681121826,7.080448150634766,-6.3639445304870605,118,119,13.583922386169434,0.8873698952747041,234.0,0.08670011162757874,0.005663685847734354,67.6,0.3398071229457855,0.022197904443933644,338.0,-0.48949211835861206,0.03197607859184486,3.58,-0.23752839863300323,0.015516545532852784,36.0,0.03764369338750839,0.0024590747288895575,17.0,0.07816461473703384,0.005106104409431081,0.0,-0.06260837614536285,0.004089892934017015,0.0,0.021383877843618393,0.0013969020805050141,66.0,-0.2282753884792328,0.01491209253189284,0.0,0.005023145116865635,0.0003281370159211908,0.0,0.012691991403698921,0.0008291044929846434,0.0,0.1248309314250946,0.008154582115288914,0.0
39d1c446e8c0a586,dos_wisenet-camera_80,wisenet-camera,1,1,detected,0.9991593360900879,1.2874603271484375e-05,0.09395198571778862,0.17211621347814798,104,13.444392681121826,7.080448150634766,-6.3639445304870605,118,119,13.583922386169434,0.8873698952747041,234.0,0.08670011162757874,0.005663685847734354,67.6,0.3398071229457855,0.022197904443933644,338.0,-0.48949211835861206,0.03197607859184486,3.58,-0.23752839863300323,0.015516545532852784,36.0,0.03764369338750839,0.0024590747288895575,17.0,0.07816461473703384,0.005106104409431081,0.0,-0.06260837614536285,0.004089892934017015,0.0,0.021383877843618393,0.0013969020805050141,66.0,-0.2282753884792328,0.01491209253189284,0.0,0.005023145116865635,0.0003281370159211908,0.0,0.012691991403698921,0.0008291044929846434,0.0,0.1248309314250946,0.008154582115288914,0.0
13fa4a4d932654f5,dos_wisenet-camera_80,wisenet-camera,1,1,detected,0.9991594552993774,1.7642974853515625e-05,0.09300440571573386,0.19078140798956156,104,13.444530963897705,7.0805864334106445,-6.3639445304870605,118,119,13.664398193359375,0.8818230272133032,234.0,0.0885094553232193,0.005711899984592987,67.6,0.3489421606063843,0.022518754798715616,338.0,-0.5131170153617859,0.033113671996244994,3.58,-0.30339765548706055,0.019579569859215544,35.9,0.034710586071014404,0.002240025038231468,17.0,0.07612095028162003,0.004912415889952111,0.0,-0.06600695103406906,0.004259715543584658,0.0,0.022036107257008553,0.001422085812664319,66.0,-0.23840685188770294,0.01538543072772694,0.0,0.002419047988951206,0.00015611168456931276,0.0,0.012738119810819626,0.0008220462557979035,0.0,0.12482105195522308,0.00805524519540097,0.0
4b4ede36e54e234d,dos_wisenet-camera_80,wisenet-camera,1,1,detected,0.9991594552993774,1.7642974853515625e-05,0.09300440571573386,0.19078140798956156,104,13.444530963897705,7.0805864334106445,-6.3639445304870605,118,119,13.664398193359375,0.8818230272133032,234.0,0.0885094553232193,0.005711899984592987,67.6,0.3489421606063843,0.022518754798715616,338.0,-0.5131170153617859,0.033113671996244994,3.58,-0.30339765548706055,0.019579569859215544,35.9,0.034710586071014404,0.002240025038231468,17.0,0.07612095028162003,0.004912415889952111,0.0,-0.06600695103406906,0.004259715543584658,0.0,0.022036107257008553,0.001422085812664319,66.0,-0.23840685188770294,0.01538543072772694,0.0,0.002419047988951206,0.00015611168456931276,0.0,0.012738119810819626,0.0008220462557979035,0.0,0.12482105195522308,0.00805524519540097,0.0
48868bc9374795a4,dos_wisenet-camera_80,wisenet-camera,1,1,detected,0.9991593360900879,1.2874603271484375e-05,0.09395198571778862,0.17211621347814798,104,13.444392681121826,7.080448150634766,-6.3639445304870605,118,119,13.583922386169434,0.8873698952747041,234.0,0.08670011162757874,0.005663685847734354,67.6,0.3398071229457855,0.022197904443933644,338.0,-0.48949211835861206,0.03197607859184486,3.58,-0.23752839863300323,0.015516545532852784,36.0,0.03764369338750839,0.0024590747288895575,17.0,0.07816461473703384,0.005106104409431081,0.0,-0.06260837614536285,0.004089892934017015,0.0,0.021383877843618393,0.0013969020805050141,66.0,-0.2282753884792328,0.01491209253189284,0.0,0.005023145116865635,0.0003281370159211908,0.0,0.012691991403698921,0.0008291044929846434,0.0,0.1248309314250946,0.008154582115288914,0.0
8226c48fc62d7de9,dos_wisenet-camera_80,wisenet-camera,1,1,detected,0.9991593360900879,1.2874603271484375e-05,0.09395198571778862,0.17211621347814798,104,13.444392681121826,7.080448150634766,-6.3639445304870605,118,119,13.583922386169434,0.8873698952747041,234.0,0.08670011162757874,0.005663685847734354,67.6,0.3398071229457855,0.022197904443933644,338.0,-0.48949211835861206,0.03197607859184486,3.58,-0.23752839863300323,0.015516545532852784,36.0,0.03764369338750839,0.0024590747288895575,17.0,0.07816461473703384,0.005106104409431081,0.0,-0.06260837614536285,0.004089892934017015,0.0,0.021383877843618393,0.0013969020805050141,66.0,-0.2282753884792328,0.01491209253189284,0.0,0.005023145116865635,0.0003281370159211908,0.0,0.012691991403698921,0.0008291044929846434,0.0,0.1248309314250946,0.008154582115288914,0.0
d6d6ffa3c43bb844,dos_wisenet-camera_80,wisenet-camera,1,1,detected,0.9991593360900879,1.2874603271484375e-05,0.09395198571778862,0.17211621347814798,104,13.444392681121826,7.080448150634766,-6.3639445304870605,118,119,13.583922386169434,0.8873698952747041,234.0,0.08670011162757874,0.005663685847734354,67.6,0.3398071229457855,0.022197904443933644,338.0,-0.48949211835861206,0.03197607859184486,3.58,-0.23752839863300323,0.015516545532852784,36.0,0.03764369338750839,0.0024590747288895575,17.0,0.07816461473703384,0.005106104409431081,0.0,-0.06260837614536285,0.004089892934017015,0.0,0.021383877843618393,0.0013969020805050141,66.0,-0.2282753884792328,0.01491209253189284,0.0,0.005023145116865635,0.0003281370159211908,0.0,0.012691991403698921,0.0008291044929846434,0.0,0.1248309314250946,0.008154582115288914,0.0
c11a4552afda6906,dos_wisenet-camera_80,wisenet-camera,1,1,detected,0.9991594552993774,1.7642974853515625e-05,0.09300440571573386,0.19078140798956156,104,13.444530963897705,7.0805864334106445,-6.3639445304870605,118,119,13.664398193359375,0.8818230272133032,234.0,0.0885094553232193,0.005711899984592987,67.6,0.3489421606063843,0.022518754798715616,338.0,-0.5131170153617859,0.033113671996244994,3.58,-0.30339765548706055,0.019579569859215544,35.9,0.034710586071014404,0.002240025038231468,17.0,0.07612095028162003,0.004912415889952111,0.0,-0.06600695103406906,0.004259715543584658,0.0,0.022036107257008553,0.001422085812664319,66.0,-0.23840685188770294,0.01538543072772694,0.0,0.002419047988951206,0.00015611168456931276,0.0,0.012738119810819626,0.0008220462557979035,0.0,0.12482105195522308,0.00805524519540097,0.0
63e3086ec6267323,dos_wisenet-camera_80,wisenet-camera,1,1,detected,0.9991593360900879,1.2874603271484375e-05,0.09395198571778862,0.17211621347814798,104,13.444392681121826,7.080448150634766,-6.3639445304870605,118,119,13.583922386169434,0.8873698952747041,234.0,0.08670011162757874,0.005663685847734354,67.6,0.3398071229457855,0.022197904443933644,338.0,-0.48949211835861206,0.03197607859184486,3.58,-0.23752839863300323,0.015516545532852784,36.0,0.03764369338750839,0.0024590747288895575,17.0,0.07816461473703384,0.005106104409431081,0.0,-0.06260837614536285,0.004089892934017015,0.0,0.021383877843618393,0.0013969020805050141,66.0,-0.2282753884792328,0.01491209253189284,0.0,0.005023145116865635,0.0003281370159211908,0.0,0.012691991403698921,0.0008291044929846434,0.0,0.1248309314250946,0.008154582115288914,0.0
16c6c7918409991c,dos_wisenet-camera_80,wisenet-camera,1,1,detected,0.9991565942764282,9.5367431640625e-06,0.11263106197303324,-3.1317482963204384,102,13.439749717712402,7.077239036560059,-6.362510681152344,116,119,11.925201416015625,0.6146778772965643,234.0,0.09637123346328735,0.004967401652278095,68.0,-1.0843238830566406,0.055890871733545455,272.0,1.2650755643844604,0.06520761666056663,4.0,0.06477348506450653,0.003338713277503222,35.9,-0.034211769700050354,0.0017634266495107989,29.4,0.2830270230770111,0.014588470558568465,0.0,0.5344454646110535,0.027547694353967464,0.0,-0.29607710242271423,0.015261129643386561,66.0,2.9392049312591553,0.1514996841612763,0.0,0.6041553020477295,0.03114084917018029,0.0,0.18778195977210999,0.009679116721021777,0.0,0.08608392626047134,0.004437148121630616,0.0
446dd1593ec9ece2,dos_wisenet-camera_80,wisenet-camera,1,1,detected,0.9991593360900879,1.2874603271484375e-05,0.09395198571778862,0.17211621347814798,104,13.444392681121826,7.080448150634766,-6.3639445304870605,118,119,13.583922386169434,0.8873698952747041,234.0,0.08670011162757874,0.005663685847734354,67.6,0.3398071229457855,0.022197904443933644,338.0,-0.48949211835861206,0.03197607859184486,3.58,-0.23752839863300323,0.015516545532852784,36.0,0.03764369338750839,0.0024590747288895575,17.0,0.07816461473703384,0.005106104409431081,0.0,-0.06260837614536285,0.004089892934017015,0.0,0.021383877843618393,0.0013969020805050141,66.0,-0.2282753884792328,0.01491209253189284,0.0,0.005023145116865635,0.0003281370159211908,0.0,0.012691991403698921,0.0008291044929846434,0.0,0.1248309314250946,0.008154582115288914,0.0
d8543535d4ea137e,dos_wisenet-camera_80,wisenet-camera,1,1,detected,0.9991593360900879,1.2874603271484375e-05,0.09395198571778862,0.17211621347814798,104,13.444392681121826,7.080448150634766,-6.3639445304870605,118,119,13.583922386169434,0.8873698952747041,234.0,0.08670011162757874,0.005663685847734354,67.6,0.3398071229457855,0.022197904443933644,338.0,-0.48949211835861206,0.03197607859184486,3.58,-0.23752839863300323,0.015516545532852784,36.0,0.03764369338750839,0.0024590747288895575,17.0,0.07816461473703384,0.005106104409431081,0.0,-0.06260837614536285,0.004089892934017015,0.0,0.021383877843618393,0.0013969020805050141,66.0,-0.2282753884792328,0.01491209253189284,0.0,0.005023145116865635,0.0003281370159211908,0.0,0.012691991403698921,0.0008291044929846434,0.0,0.1248309314250946,0.008154582115288914,0.0
27ec7bd498286824,dos_wisenet-camera_80,wisenet-camera,1,1,detected,0.9991593360900879,1.2874603271484375e-05,0.09395198571778862,0.17211621347814798,104,13.444392681121826,7.080448150634766,-6.3639445304870605,118,119,13.583922386169434,0.8873698952747041,234.0,0.08670011162757874,0.005663685847734354,67.6,0.3398071229457855,0.022197904443933644,338.0,-0.48949211835861206,0.03197607859184486,3.58,-0.23752839863300323,0.015516545532852784,36.0,0.03764369338750839,0.0024590747288895575,17.0,0.07816461473703384,0.005106104409431081,0.0,-0.06260837614536285,0.004089892934017015,0.0,0.021383877843618393,0.0013969020805050141,66.0,-0.2282753884792328,0.01491209253189284,0.0,0.005023145116865635,0.0003281370159211908,0.0,0.012691991403698921,0.0008291044929846434,0.0,0.1248309314250946,0.008154582115288914,0.0
5b0e9f47e00d0d90,dos_wisenet-camera_80,wisenet-camera,1,1,detected,0.9991593360900879,1.2874603271484375e-05,0.09395198571778862,0.17211621347814798,104,13.444392681121826,7.080448150634766,-6.3639445304870605,118,119,13.583922386169434,0.8873698952747041,234.0,0.08670011162757874,0.005663685847734354,67.6,0.3398071229457855,0.022197904443933644,338.0,-0.48949211835861206,0.03197607859184486,3.58,-0.23752839863300323,0.015516545532852784,36.0,0.03764369338750839,0.0024590747288895575,17.0,0.07816461473703384,0.005106104409431081,0.0,-0.06260837614536285,0.004089892934017015,0.0,0.021383877843618393,0.0013969020805050141,66.0,-0.2282753884792328,0.01491209253189284,0.0,0.005023145116865635,0.0003281370159211908,0.0,0.012691991403698921,0.0008291044929846434,0.0,0.1248309314250946,0.008154582115288914,0.0
df8b6613864dd03c,dos_wisenet-camera_80,wisenet-camera,1,1,detected,0.9991593360900879,1.2874603271484375e-05,0.09395198571778862,0.17211621347814798,104,13.444392681121826,7.080448150634766,-6.3639445304870605,118,119,13.583922386169434,0.8873698952747041,234.0,0.08670011162757874,0.005663685847734354,67.6,0.3398071229457855,0.022197904443933644,338.0,-0.48949211835861206,0.03197607859184486,3.58,-0.23752839863300323,0.015516545532852784,36.0,0.03764369338750839,0.0024590747288895575,17.0,0.07816461473703384,0.005106104409431081,0.0,-0.06260837614536285,0.004089892934017015,0.0,0.021383877843618393,0.0013969020805050141,66.0,-0.2282753884792328,0.01491209253189284,0.0,0.005023145116865635,0.0003281370159211908,0.0,0.012691991403698921,0.0008291044929846434,0.0,0.1248309314250946,0.008154582115288914,0.0
329417f80f43fc96,dos_wisenet-camera_80,wisenet-camera,1,1,detected,0.9991594552993774,1.7642974853515625e-05,0.09300440571573386,0.19078140798956156,104,13.444530963897705,7.0805864334106445,-6.3639445304870605,118,119,13.664398193359375,0.8818230272133032,234.0,0.0885094553232193,0.005711899984592987,67.6,0.3489421606063843,0.022518754798715616,338.0,-0.5131170153617859,0.033113671996244994,3.58,-0.30339765548706055,0.019579569859215544,35.9,0.034710586071014404,0.002240025038231468,17.0,0.07612095028162003,0.004912415889952111,0.0,-0.06600695103406906,0.004259715543584658,0.0,0.022036107257008553,0.001422085812664319,66.0,-0.23840685188770294,0.01538543072772694,0.0,0.002419047988951206,0.00015611168456931276,0.0,0.012738119810819626,0.0008220462557979035,0.0,0.12482105195522308,0.00805524519540097,0.0
b0d5cdd141ea1ce7,dos_wisenet-camera_80,wisenet-camera,1,1,detected,0.9991594552993774,1.7642974853515625e-05,0.09300440571573386,0.19078140798956156,104,13.444530963897705,7.0805864334106445,-6.3639445304870605,118,119,13.664398193359375,0.8818230272133032,234.0,0.0885094553232193,0.005711899984592987,67.6,0.3489421606063843,0.022518754798715616,338.0,-0.5131170153617859,0.033113671996244994,3.58,-0.30339765548706055,0.019579569859215544,35.9,0.034710586071014404,0.002240025038231468,17.0,0.07612095028162003,0.004912415889952111,0.0,-0.06600695103406906,0.004259715543584658,0.0,0.022036107257008553,0.001422085812664319,66.0,-0.23840685188770294,0.01538543072772694,0.0,0.002419047988951206,0.00015611168456931276,0.0,0.012738119810819626,0.0008220462557979035,0.0,0.12482105195522308,0.00805524519540097,0.0
deafb4ca028242b5,dos_wisenet-camera_80,wisenet-camera,1,1,detected,0.9991593360900879,1.2874603271484375e-05,0.09395198571778862,0.17211621347814798,104,13.444392681121826,7.080448150634766,-6.3639445304870605,118,119,13.583922386169434,0.8873698952747041,234.0,0.08670011162757874,0.005663685847734354,67.6,0.3398071229457855,0.022197904443933644,338.0,-0.48949211835861206,0.03197607859184486,3.58,-0.23752839863300323,0.015516545532852784,36.0,0.03764369338750839,0.0024590747288895575,17.0,0.07816461473703384,0.005106104409431081,0.0,-0.06260837614536285,0.004089892934017015,0.0,0.021383877843618393,0.0013969020805050141,66.0,-0.2282753884792328,0.01491209253189284,0.0,0.005023145116865635,0.0003281370159211908,0.0,0.012691991403698921,0.0008291044929846434,0.0,0.1248309314250946,0.008154582115288914,0.0
1c946218209bbaa3,dos_wisenet-camera_80,wisenet-camera,1,1,detected,0.9991594552993774,1.7642974853515625e-05,0.09300440571573386,0.19078140798956156,104,13.444530963897705,7.0805864334106445,-6.3639445304870605,118,119,13.664398193359375,0.8818230272133032,234.0,0.0885094553232193,0.005711899984592987,67.6,0.3489421606063843,0.022518754798715616,338.0,-0.5131170153617859,0.033113671996244994,3.58,-0.30339765548706055,0.019579569859215544,35.9,0.034710586071014404,0.002240025038231468,17.0,0.07612095028162003,0.004912415889952111,0.0,-0.06600695103406906,0.004259715543584658,0.0,0.022036107257008553,0.001422085812664319,66.0,-0.23840685188770294,0.01538543072772694,0.0,0.002419047988951206,0.00015611168456931276,0.0,0.012738119810819626,0.0008220462557979035,0.0,0.12482105195522308,0.00805524519540097,0.0
325d7252b785f2f1,dos_wisenet-camera_80,wisenet-camera,1,1,detected,0.9991593360900879,1.2874603271484375e-05,0.09395198571778862,0.17211621347814798,104,13.444392681121826,7.080448150634766,-6.3639445304870605,118,119,13.583922386169434,0.8873698952747041,234.0,0.08670011162757874,0.005663685847734354,67.6,0.3398071229457855,0.022197904443933644,338.0,-0.48949211835861206,0.03197607859184486,3.58,-0.23752839863300323,0.015516545532852784,36.0,0.03764369338750839,0.0024590747288895575,17.0,0.07816461473703384,0.005106104409431081,0.0,-0.06260837614536285,0.004089892934017015,0.0,0.021383877843618393,0.0013969020805050141,66.0,-0.2282753884792328,0.01491209253189284,0.0,0.005023145116865635,0.0003281370159211908,0.0,0.012691991403698921,0.0008291044929846434,0.0,0.1248309314250946,0.008154582115288914,0.0
11b127eb72e1c4fa,dos_wisenet-camera_80,wisenet-camera,1,1,detected,0.9991593360900879,1.2874603271484375e-05,0.09395198571778862,0.17211621347814798,104,13.444392681121826,7.080448150634766,-6.3639445304870605,118,119,13.583922386169434,0.8873698952747041,234.0,0.08670011162757874,0.005663685847734354,67.6,0.3398071229457855,0.022197904443933644,338.0,-0.48949211835861206,0.03197607859184486,3.58,-0.23752839863300323,0.015516545532852784,36.0,0.03764369338750839,0.0024590747288895575,17.0,0.07816461473703384,0.005106104409431081,0.0,-0.06260837614536285,0.004089892934017015,0.0,0.021383877843618393,0.0013969020805050141,66.0,-0.2282753884792328,0.01491209253189284,0.0,0.005023145116865635,0.0003281370159211908,0.0,0.012691991403698921,0.0008291044929846434,0.0,0.1248309314250946,0.008154582115288914,0.0
aa56204deb82183f,dos_wisenet-camera_80,wisenet-camera,1,1,detected,0.9991594552993774,1.7642974853515625e-05,0.09300440571573386,0.19078140798956156,104,13.444530963897705,7.0805864334106445,-6.3639445304870605,118,119,13.664398193359375,0.8818230272133032,234.0,0.0885094553232193,0.005711899984592987,67.6,0.3489421606063843,0.022518754798715616,338.0,-0.5131170153617859,0.033113671996244994,3.58,-0.30339765548706055,0.019579569859215544,35.9,0.034710586071014404,0.002240025038231468,17.0,0.07612095028162003,0.004912415889952111,0.0,-0.06600695103406906,0.004259715543584658,0.0,0.022036107257008553,0.001422085812664319,66.0,-0.23840685188770294,0.01538543072772694,0.0,0.002419047988951206,0.00015611168456931276,0.0,0.012738119810819626,0.0008220462557979035,0.0,0.12482105195522308,0.00805524519540097,0.0
f5efab6fcbcc5c3a,dos_wisenet-camera_80,wisenet-camera,1,1,detected,0.9991593360900879,1.2874603271484375e-05,0.09395198571778862,0.17211621347814798,104,13.444392681121826,7.080448150634766,-6.3639445304870605,118,119,13.583922386169434,0.8873698952747041,234.0,0.08670011162757874,0.005663685847734354,67.6,0.3398071229457855,0.022197904443933644,338.0,-0.48949211835861206,0.03197607859184486,3.58,-0.23752839863300323,0.015516545532852784,36.0,0.03764369338750839,0.0024590747288895575,17.0,0.07816461473703384,0.005106104409431081,0.0,-0.06260837614536285,0.004089892934017015,0.0,0.021383877843618393,0.0013969020805050141,66.0,-0.2282753884792328,0.01491209253189284,0.0,0.005023145116865635,0.0003281370159211908,0.0,0.012691991403698921,0.0008291044929846434,0.0,0.1248309314250946,0.008154582115288914,0.0
ac7b72def550bff4,dos_wisenet-camera_80,wisenet-camera,1,1,detected,0.9991593360900879,1.2874603271484375e-05,0.09395198571778862,0.17211621347814798,104,13.444392681121826,7.080448150634766,-6.3639445304870605,118,119,13.583922386169434,0.8873698952747041,234.0,0.08670011162757874,0.005663685847734354,67.6,0.3398071229457855,0.022197904443933644,338.0,-0.48949211835861206,0.03197607859184486,3.58,-0.23752839863300323,0.015516545532852784,36.0,0.03764369338750839,0.0024590747288895575,17.0,0.07816461473703384,0.005106104409431081,0.0,-0.06260837614536285,0.004089892934017015,0.0,0.021383877843618393,0.0013969020805050141,66.0,-0.2282753884792328,0.01491209253189284,0.0,0.005023145116865635,0.0003281370159211908,0.0,0.012691991403698921,0.0008291044929846434,0.0,0.1248309314250946,0.008154582115288914,0.0
bcc1aeea15137d31,dos_wisenet-camera_80,wisenet-camera,1,1,detected,0.9991594552993774,1.7642974853515625e-05,0.09300440571573386,0.19078140798956156,104,13.444530963897705,7.0805864334106445,-6.3639445304870605,118,119,13.664398193359375,0.8818230272133032,234.0,0.0885094553232193,0.005711899984592987,67.6,0.3489421606063843,0.022518754798715616,338.0,-0.5131170153617859,0.033113671996244994,3.58,-0.30339765548706055,0.019579569859215544,35.9,0.034710586071014404,0.002240025038231468,17.0,0.07612095028162003,0.004912415889952111,0.0,-0.06600695103406906,0.004259715543584658,0.0,0.022036107257008553,0.001422085812664319,66.0,-0.23840685188770294,0.01538543072772694,0.0,0.002419047988951206,0.00015611168456931276,0.0,0.012738119810819626,0.0008220462557979035,0.0,0.12482105195522308,0.00805524519540097,0.0
99af8503c2f8e116,dos_wisenet-camera_80,wisenet-camera,1,1,detected,0.9991594552993774,1.7642974853515625e-05,0.09300440571573386,0.19078140798956156,104,13.444530963897705,7.0805864334106445,-6.3639445304870605,118,119,13.664398193359375,0.8818230272133032,234.0,0.0885094553232193,0.005711899984592987,67.6,0.3489421606063843,0.022518754798715616,338.0,-0.5131170153617859,0.033113671996244994,3.58,-0.30339765548706055,0.019579569859215544,35.9,0.034710586071014404,0.002240025038231468,17.0,0.07612095028162003,0.004912415889952111,0.0,-0.06600695103406906,0.004259715543584658,0.0,0.022036107257008553,0.001422085812664319,66.0,-0.23840685188770294,0.01538543072772694,0.0,0.002419047988951206,0.00015611168456931276,0.0,0.012738119810819626,0.0008220462557979035,0.0,0.12482105195522308,0.00805524519540097,0.0
289a58140fb8a7a3,dos_wisenet-camera_80,wisenet-camera,1,1,detected,0.9991594552993774,1.7642974853515625e-05,0.09300440571573386,0.19078140798956156,104,13.444530963897705,7.0805864334106445,-6.3639445304870605,118,119,13.664398193359375,0.8818230272133032,234.0,0.0885094553232193,0.005711899984592987,67.6,0.3489421606063843,0.022518754798715616,338.0,-0.5131170153617859,0.033113671996244994,3.58,-0.30339765548706055,0.019579569859215544,35.9,0.034710586071014404,0.002240025038231468,17.0,0.07612095028162003,0.004912415889952111,0.0,-0.06600695103406906,0.004259715543584658,0.0,0.022036107257008553,0.001422085812664319,66.0,-0.23840685188770294,0.01538543072772694,0.0,0.002419047988951206,0.00015611168456931276,0.0,0.012738119810819626,0.0008220462557979035,0.0,0.12482105195522308,0.00805524519540097,0.0
700839a53dcd6a0b,dos_wisenet-camera_80,wisenet-camera,1,1,detected,0.9991594552993774,1.7642974853515625e-05,0.09300440571573386,0.19078140798956156,104,13.444530963897705,7.0805864334106445,-6.3639445304870605,118,119,13.664398193359375,0.8818230272133032,234.0,0.0885094553232193,0.005711899984592987,67.6,0.3489421606063843,0.022518754798715616,338.0,-0.5131170153617859,0.033113671996244994,3.58,-0.30339765548706055,0.019579569859215544,35.9,0.034710586071014404,0.002240025038231468,17.0,0.07612095028162003,0.004912415889952111,0.0,-0.06600695103406906,0.004259715543584658,0.0,0.022036107257008553,0.001422085812664319,66.0,-0.23840685188770294,0.01538543072772694,0.0,0.002419047988951206,0.00015611168456931276,0.0,0.012738119810819626,0.0008220462557979035,0.0,0.12482105195522308,0.00805524519540097,0.0
0ddf22d399c7c6b4,dos_wisenet-camera_80,wisenet-camera,1,1,detected,0.9991593360900879,1.2874603271484375e-05,0.09395198571778862,0.17211621347814798,104,13.444392681121826,7.080448150634766,-6.3639445304870605,118,119,13.583922386169434,0.8873698952747041,234.0,0.08670011162757874,0.005663685847734354,67.6,0.3398071229457855,0.022197904443933644,338.0,-0.48949211835861206,0.03197607859184486,3.58,-0.23752839863300323,0.015516545532852784,36.0,0.03764369338750839,0.0024590747288895575,17.0,0.07816461473703384,0.005106104409431081,0.0,-0.06260837614536285,0.004089892934017015,0.0,0.021383877843618393,0.0013969020805050141,66.0,-0.2282753884792328,0.01491209253189284,0.0,0.005023145116865635,0.0003281370159211908,0.0,0.012691991403698921,0.0008291044929846434,0.0,0.1248309314250946,0.008154582115288914,0.0
e5ab12bd04e78b7c,dos_wisenet-camera_80,wisenet-camera,1,1,detected,0.9991593360900879,1.2874603271484375e-05,0.09395198571778862,0.17211621347814798,104,13.444392681121826,7.080448150634766,-6.3639445304870605,118,119,13.583922386169434,0.8873698952747041,234.0,0.08670011162757874,0.005663685847734354,67.6,0.3398071229457855,0.022197904443933644,338.0,-0.48949211835861206,0.03197607859184486,3.58,-0.23752839863300323,0.015516545532852784,36.0,0.03764369338750839,0.0024590747288895575,17.0,0.07816461473703384,0.005106104409431081,0.0,-0.06260837614536285,0.004089892934017015,0.0,0.021383877843618393,0.0013969020805050141,66.0,-0.2282753884792328,0.01491209253189284,0.0,0.005023145116865635,0.0003281370159211908,0.0,0.012691991403698921,0.0008291044929846434,0.0,0.1248309314250946,0.008154582115288914,0.0
3ed500403bf1423c,dos_wisenet-camera_80,wisenet-camera,1,1,detected,0.9991593360900879,1.2874603271484375e-05,0.09395198571778862,0.17211621347814798,104,13.444392681121826,7.080448150634766,-6.3639445304870605,118,119,13.583922386169434,0.8873698952747041,234.0,0.08670011162757874,0.005663685847734354,67.6,0.3398071229457855,0.022197904443933644,338.0,-0.48949211835861206,0.03197607859184486,3.58,-0.23752839863300323,0.015516545532852784,36.0,0.03764369338750839,0.0024590747288895575,17.0,0.07816461473703384,0.005106104409431081,0.0,-0.06260837614536285,0.004089892934017015,0.0,0.021383877843618393,0.0013969020805050141,66.0,-0.2282753884792328,0.01491209253189284,0.0,0.005023145116865635,0.0003281370159211908,0.0,0.012691991403698921,0.0008291044929846434,0.0,0.1248309314250946,0.008154582115288914,0.0
a81ee3dbe9688742,dos_wisenet-camera_80,wisenet-camera,1,1,detected,0.9991594552993774,1.7642974853515625e-05,0.09300440571573386,0.19078140798956156,104,13.444530963897705,7.0805864334106445,-6.3639445304870605,118,119,13.664398193359375,0.8818230272133032,234.0,0.0885094553232193,0.005711899984592987,67.6,0.3489421606063843,0.022518754798715616,338.0,-0.5131170153617859,0.033113671996244994,3.58,-0.30339765548706055,0.019579569859215544,35.9,0.034710586071014404,0.002240025038231468,17.0,0.07612095028162003,0.004912415889952111,0.0,-0.06600695103406906,0.004259715543584658,0.0,0.022036107257008553,0.001422085812664319,66.0,-0.23840685188770294,0.01538543072772694,0.0,0.002419047988951206,0.00015611168456931276,0.0,0.012738119810819626,0.0008220462557979035,0.0,0.12482105195522308,0.00805524519540097,0.0
664c564f1aebe43e,dos_wisenet-camera_80,wisenet-camera,1,1,detected,0.9991593360900879,1.2874603271484375e-05,0.09395198571778862,0.17211621347814798,104,13.444392681121826,7.080448150634766,-6.3639445304870605,118,119,13.583922386169434,0.8873698952747041,234.0,0.08670011162757874,0.005663685847734354,67.6,0.3398071229457855,0.022197904443933644,338.0,-0.48949211835861206,0.03197607859184486,3.58,-0.23752839863300323,0.015516545532852784,36.0,0.03764369338750839,0.0024590747288895575,17.0,0.07816461473703384,0.005106104409431081,0.0,-0.06260837614536285,0.004089892934017015,0.0,0.021383877843618393,0.0013969020805050141,66.0,-0.2282753884792328,0.01491209253189284,0.0,0.005023145116865635,0.0003281370159211908,0.0,0.012691991403698921,0.0008291044929846434,0.0,0.1248309314250946,0.008154582115288914,0.0
72ede7bc1ab0be0c,dos_wisenet-camera_80,wisenet-camera,1,1,detected,0.9991593360900879,1.2874603271484375e-05,0.09395198571778862,0.17211621347814798,104,13.444392681121826,7.080448150634766,-6.3639445304870605,118,119,13.583922386169434,0.8873698952747041,234.0,0.08670011162757874,0.005663685847734354,67.6,0.3398071229457855,0.022197904443933644,338.0,-0.48949211835861206,0.03197607859184486,3.58,-0.23752839863300323,0.015516545532852784,36.0,0.03764369338750839,0.0024590747288895575,17.0,0.07816461473703384,0.005106104409431081,0.0,-0.06260837614536285,0.004089892934017015,0.0,0.021383877843618393,0.0013969020805050141,66.0,-0.2282753884792328,0.01491209253189284,0.0,0.005023145116865635,0.0003281370159211908,0.0,0.012691991403698921,0.0008291044929846434,0.0,0.1248309314250946,0.008154582115288914,0.0
8d2b57477e8537ea,dos_wisenet-camera_80,wisenet-camera,1,1,detected,0.9991594552993774,1.7642974853515625e-05,0.09300440571573386,0.19078140798956156,104,13.444530963897705,7.0805864334106445,-6.3639445304870605,118,119,13.664398193359375,0.8818230272133032,234.0,0.0885094553232193,0.005711899984592987,67.6,0.3489421606063843,0.022518754798715616,338.0,-0.5131170153617859,0.033113671996244994,3.58,-0.30339765548706055,0.019579569859215544,35.9,0.034710586071014404,0.002240025038231468,17.0,0.07612095028162003,0.004912415889952111,0.0,-0.06600695103406906,0.004259715543584658,0.0,0.022036107257008553,0.001422085812664319,66.0,-0.23840685188770294,0.01538543072772694,0.0,0.002419047988951206,0.00015611168456931276,0.0,0.012738119810819626,0.0008220462557979035,0.0,0.12482105195522308,0.00805524519540097,0.0
a4dfb5404f6a4a8d,dos_wisenet-camera_80,wisenet-camera,1,1,detected,0.9991594552993774,1.7642974853515625e-05,0.09300440571573386,0.19078140798956156,104,13.444530963897705,7.0805864334106445,-6.3639445304870605,118,119,13.664398193359375,0.8818230272133032,234.0,0.0885094553232193,0.005711899984592987,67.6,0.3489421606063843,0.022518754798715616,338.0,-0.5131170153617859,0.033113671996244994,3.58,-0.30339765548706055,0.019579569859215544,35.9,0.034710586071014404,0.002240025038231468,17.0,0.07612095028162003,0.004912415889952111,0.0,-0.06600695103406906,0.004259715543584658,0.0,0.022036107257008553,0.001422085812664319,66.0,-0.23840685188770294,0.01538543072772694,0.0,0.002419047988951206,0.00015611168456931276,0.0,0.012738119810819626,0.0008220462557979035,0.0,0.12482105195522308,0.00805524519540097,0.0
1690879d863c3c25,dos_wisenet-camera_80,wisenet-camera,1,1,detected,0.9991594552993774,1.7642974853515625e-05,0.09300440571573386,0.19078140798956156,104,13.444530963897705,7.0805864334106445,-6.3639445304870605,118,119,13.664398193359375,0.8818230272133032,234.0,0.0885094553232193,0.005711899984592987,67.6,0.3489421606063843,0.022518754798715616,338.0,-0.5131170153617859,0.033113671996244994,3.58,-0.30339765548706055,0.019579569859215544,35.9,0.034710586071014404,0.002240025038231468,17.0,0.07612095028162003,0.004912415889952111,0.0,-0.06600695103406906,0.004259715543584658,0.0,0.022036107257008553,0.001422085812664319,66.0,-0.23840685188770294,0.01538543072772694,0.0,0.002419047988951206,0.00015611168456931276,0.0,0.012738119810819626,0.0008220462557979035,0.0,0.12482105195522308,0.00805524519540097,0.0
a82a73cbd8cb76dc,dos_wisenet-camera_80,wisenet-camera,1,1,detected,0.9991594552993774,1.7642974853515625e-05,0.09300440571573386,0.19078140798956156,104,13.444530963897705,7.0805864334106445,-6.3639445304870605,118,119,13.664398193359375,0.8818230272133032,234.0,0.0885094553232193,0.005711899984592987,67.6,0.3489421606063843,0.022518754798715616,338.0,-0.5131170153617859,0.033113671996244994,3.58,-0.30339765548706055,0.019579569859215544,35.9,0.034710586071014404,0.002240025038231468,17.0,0.07612095028162003,0.004912415889952111,0.0,-0.06600695103406906,0.004259715543584658,0.0,0.022036107257008553,0.001422085812664319,66.0,-0.23840685188770294,0.01538543072772694,0.0,0.002419047988951206,0.00015611168456931276,0.0,0.012738119810819626,0.0008220462557979035,0.0,0.12482105195522308,0.00805524519540097,0.0
5df1ddcdd243a2d7,dos_wisenet-camera_80,wisenet-camera,1,1,detected,0.9991593360900879,1.2874603271484375e-05,0.09395198571778862,0.17211621347814798,104,13.444392681121826,7.080448150634766,-6.3639445304870605,118,119,13.583922386169434,0.8873698952747041,234.0,0.08670011162757874,0.005663685847734354,67.6,0.3398071229457855,0.022197904443933644,338.0,-0.48949211835861206,0.03197607859184486,3.58,-0.23752839863300323,0.015516545532852784,36.0,0.03764369338750839,0.0024590747288895575,17.0,0.07816461473703384,0.005106104409431081,0.0,-0.06260837614536285,0.004089892934017015,0.0,0.021383877843618393,0.0013969020805050141,66.0,-0.2282753884792328,0.01491209253189284,0.0,0.005023145116865635,0.0003281370159211908,0.0,0.012691991403698921,0.0008291044929846434,0.0,0.1248309314250946,0.008154582115288914,0.0
6505c7459d7c85fc,dos_wisenet-camera_80,wisenet-camera,1,1,detected,0.9991593360900879,1.2874603271484375e-05,0.09395198571778862,0.17211621347814798,104,13.444392681121826,7.080448150634766,-6.3639445304870605,118,119,13.583922386169434,0.8873698952747041,234.0,0.08670011162757874,0.005663685847734354,67.6,0.3398071229457855,0.022197904443933644,338.0,-0.48949211835861206,0.03197607859184486,3.58,-0.23752839863300323,0.015516545532852784,36.0,0.03764369338750839,0.0024590747288895575,17.0,0.07816461473703384,0.005106104409431081,0.0,-0.06260837614536285,0.004089892934017015,0.0,0.021383877843618393,0.0013969020805050141,66.0,-0.2282753884792328,0.01491209253189284,0.0,0.005023145116865635,0.0003281370159211908,0.0,0.012691991403698921,0.0008291044929846434,0.0,0.1248309314250946,0.008154582115288914,0.0
97abfa680c606d13,dos_wisenet-camera_80,wisenet-camera,1,1,detected,0.9991593360900879,1.2874603271484375e-05,0.09395198571778862,0.17211621347814798,104,13.444392681121826,7.080448150634766,-6.3639445304870605,118,119,13.583922386169434,0.8873698952747041,234.0,0.08670011162757874,0.005663685847734354,67.6,0.3398071229457855,0.022197904443933644,338.0,-0.48949211835861206,0.03197607859184486,3.58,-0.23752839863300323,0.015516545532852784,36.0,0.03764369338750839,0.0024590747288895575,17.0,0.07816461473703384,0.005106104409431081,0.0,-0.06260837614536285,0.004089892934017015,0.0,0.021383877843618393,0.0013969020805050141,66.0,-0.2282753884792328,0.01491209253189284,0.0,0.005023145116865635,0.0003281370159211908,0.0,0.012691991403698921,0.0008291044929846434,0.0,0.1248309314250946,0.008154582115288914,0.0
b3dff06f32cba758,dos_wisenet-camera_80,wisenet-camera,1,1,detected,0.9991593360900879,1.2874603271484375e-05,0.09395198571778862,0.17211621347814798,104,13.444392681121826,7.080448150634766,-6.3639445304870605,118,119,13.583922386169434,0.8873698952747041,234.0,0.08670011162757874,0.005663685847734354,67.6,0.3398071229457855,0.022197904443933644,338.0,-0.48949211835861206,0.03197607859184486,3.58,-0.23752839863300323,0.015516545532852784,36.0,0.03764369338750839,0.0024590747288895575,17.0,0.07816461473703384,0.005106104409431081,0.0,-0.06260837614536285,0.004089892934017015,0.0,0.021383877843618393,0.0013969020805050141,66.0,-0.2282753884792328,0.01491209253189284,0.0,0.005023145116865635,0.0003281370159211908,0.0,0.012691991403698921,0.0008291044929846434,0.0,0.1248309314250946,0.008154582115288914,0.0
4df09650dfd234ec,dos_wisenet-camera_80,wisenet-camera,1,1,detected,0.9991594552993774,1.7642974853515625e-05,0.09300440571573386,0.19078140798956156,104,13.444530963897705,7.0805864334106445,-6.3639445304870605,118,119,13.664398193359375,0.8818230272133032,234.0,0.0885094553232193,0.005711899984592987,67.6,0.3489421606063843,0.022518754798715616,338.0,-0.5131170153617859,0.033113671996244994,3.58,-0.30339765548706055,0.019579569859215544,35.9,0.034710586071014404,0.002240025038231468,17.0,0.07612095028162003,0.004912415889952111,0.0,-0.06600695103406906,0.004259715543584658,0.0,0.022036107257008553,0.001422085812664319,66.0,-0.23840685188770294,0.01538543072772694,0.0,0.002419047988951206,0.00015611168456931276,0.0,0.012738119810819626,0.0008220462557979035,0.0,0.12482105195522308,0.00805524519540097,0.0
b7d51407a38d5ddf,dos_wisenet-camera_80,wisenet-camera,1,1,detected,0.9991593360900879,1.2874603271484375e-05,0.09395198571778862,0.17211621347814798,104,13.444392681121826,7.080448150634766,-6.3639445304870605,118,119,13.583922386169434,0.8873698952747041,234.0,0.08670011162757874,0.005663685847734354,67.6,0.3398071229457855,0.022197904443933644,338.0,-0.48949211835861206,0.03197607859184486,3.58,-0.23752839863300323,0.015516545532852784,36.0,0.03764369338750839,0.0024590747288895575,17.0,0.07816461473703384,0.005106104409431081,0.0,-0.06260837614536285,0.004089892934017015,0.0,0.021383877843618393,0.0013969020805050141,66.0,-0.2282753884792328,0.01491209253189284,0.0,0.005023145116865635,0.0003281370159211908,0.0,0.012691991403698921,0.0008291044929846434,0.0,0.1248309314250946,0.008154582115288914,0.0
87006fa1cc0c280a,dos_wisenet-camera_80,wisenet-camera,1,1,detected,0.9991594552993774,1.7642974853515625e-05,0.09300440571573386,0.19078140798956156,104,13.444530963897705,7.0805864334106445,-6.3639445304870605,118,119,13.664398193359375,0.8818230272133032,234.0,0.0885094553232193,0.005711899984592987,67.6,0.3489421606063843,0.022518754798715616,338.0,-0.5131170153617859,0.033113671996244994,3.58,-0.30339765548706055,0.019579569859215544,35.9,0.034710586071014404,0.002240025038231468,17.0,0.07612095028162003,0.004912415889952111,0.0,-0.06600695103406906,0.004259715543584658,0.0,0.022036107257008553,0.001422085812664319,66.0,-0.23840685188770294,0.01538543072772694,0.0,0.002419047988951206,0.00015611168456931276,0.0,0.012738119810819626,0.0008220462557979035,0.0,0.12482105195522308,0.00805524519540097,0.0
56cc24a27dc5569f,dos_wisenet-camera_80,wisenet-camera,1,1,detected,0.9991594552993774,1.7642974853515625e-05,0.09300440571573386,0.19078140798956156,104,13.444530963897705,7.0805864334106445,-6.3639445304870605,118,119,13.664398193359375,0.8818230272133032,234.0,0.0885094553232193,0.005711899984592987,67.6,0.3489421606063843,0.022518754798715616,338.0,-0.5131170153617859,0.033113671996244994,3.58,-0.30339765548706055,0.019579569859215544,35.9,0.034710586071014404,0.002240025038231468,17.0,0.07612095028162003,0.004912415889952111,0.0,-0.06600695103406906,0.004259715543584658,0.0,0.022036107257008553,0.001422085812664319,66.0,-0.23840685188770294,0.01538543072772694,0.0,0.002419047988951206,0.00015611168456931276,0.0,0.012738119810819626,0.0008220462557979035,0.0,0.12482105195522308,0.00805524519540097,0.0
5902377585672289,dos_wisenet-camera_80,wisenet-camera,1,1,detected,0.9991565942764282,9.5367431640625e-06,0.11263106197303324,-3.1317482963204384,102,13.439749717712402,7.077239036560059,-6.362510681152344,116,119,11.925201416015625,0.6146778772965643,234.0,0.09637123346328735,0.004967401652278095,68.0,-1.0843238830566406,0.055890871733545455,272.0,1.2650755643844604,0.06520761666056663,4.0,0.06477348506450653,0.003338713277503222,35.9,-0.034211769700050354,0.0017634266495107989,29.4,0.2830270230770111,0.014588470558568465,0.0,0.5344454646110535,0.027547694353967464,0.0,-0.29607710242271423,0.015261129643386561,66.0,2.9392049312591553,0.1514996841612763,0.0,0.6041553020477295,0.03114084917018029,0.0,0.18778195977210999,0.009679116721021777,0.0,0.08608392626047134,0.004437148121630616,0.0
7d88728bca875075,dos_wisenet-camera_80,wisenet-camera,1,1,detected,0.9991594552993774,1.7642974853515625e-05,0.09300440571573386,0.19078140798956156,104,13.444530963897705,7.0805864334106445,-6.3639445304870605,118,119,13.664398193359375,0.8818230272133032,234.0,0.0885094553232193,0.005711899984592987,67.6,0.3489421606063843,0.022518754798715616,338.0,-0.5131170153617859,0.033113671996244994,3.58,-0.30339765548706055,0.019579569859215544,35.9,0.034710586071014404,0.002240025038231468,17.0,0.07612095028162003,0.004912415889952111,0.0,-0.06600695103406906,0.004259715543584658,0.0,0.022036107257008553,0.001422085812664319,66.0,-0.23840685188770294,0.01538543072772694,0.0,0.002419047988951206,0.00015611168456931276,0.0,0.012738119810819626,0.0008220462557979035,0.0,0.12482105195522308,0.00805524519540097,0.0
c5d7eb72b1754a5d,dos_wisenet-camera_80,wisenet-camera,1,1,detected,0.9991594552993774,1.7642974853515625e-05,0.09300440571573386,0.19078140798956156,104,13.444530963897705,7.0805864334106445,-6.3639445304870605,118,119,13.664398193359375,0.8818230272133032,234.0,0.0885094553232193,0.005711899984592987,67.6,0.3489421606063843,0.022518754798715616,338.0,-0.5131170153617859,0.033113671996244994,3.58,-0.30339765548706055,0.019579569859215544,35.9,0.034710586071014404,0.002240025038231468,17.0,0.07612095028162003,0.004912415889952111,0.0,-0.06600695103406906,0.004259715543584658,0.0,0.022036107257008553,0.001422085812664319,66.0,-0.23840685188770294,0.01538543072772694,0.0,0.002419047988951206,0.00015611168456931276,0.0,0.012738119810819626,0.0008220462557979035,0.0,0.12482105195522308,0.00805524519540097,0.0
7bf7de32806f3a66,dos_wisenet-camera_80,wisenet-camera,1,1,detected,0.9991593360900879,1.2874603271484375e-05,0.09395198571778862,0.17211621347814798,104,13.444392681121826,7.080448150634766,-6.3639445304870605,118,119,13.583922386169434,0.8873698952747041,234.0,0.08670011162757874,0.005663685847734354,67.6,0.3398071229457855,0.022197904443933644,338.0,-0.48949211835861206,0.03197607859184486,3.58,-0.23752839863300323,0.015516545532852784,36.0,0.03764369338750839,0.0024590747288895575,17.0,0.07816461473703384,0.005106104409431081,0.0,-0.06260837614536285,0.004089892934017015,0.0,0.021383877843618393,0.0013969020805050141,66.0,-0.2282753884792328,0.01491209253189284,0.0,0.005023145116865635,0.0003281370159211908,0.0,0.012691991403698921,0.0008291044929846434,0.0,0.1248309314250946,0.008154582115288914,0.0
841ebd9e6e90d19c,dos_wisenet-camera_80,wisenet-camera,1,1,detected,0.9991593360900879,1.2874603271484375e-05,0.09395198571778862,0.17211621347814798,104,13.444392681121826,7.080448150634766,-6.3639445304870605,118,119,13.583922386169434,0.8873698952747041,234.0,0.08670011162757874,0.005663685847734354,67.6,0.3398071229457855,0.022197904443933644,338.0,-0.48949211835861206,0.03197607859184486,3.58,-0.23752839863300323,0.015516545532852784,36.0,0.03764369338750839,0.0024590747288895575,17.0,0.07816461473703384,0.005106104409431081,0.0,-0.06260837614536285,0.004089892934017015,0.0,0.021383877843618393,0.0013969020805050141,66.0,-0.2282753884792328,0.01491209253189284,0.0,0.005023145116865635,0.0003281370159211908,0.0,0.012691991403698921,0.0008291044929846434,0.0,0.1248309314250946,0.008154582115288914,0.0
3e86bb0174306f94,dos_wisenet-camera_80,wisenet-camera,1,1,detected,0.9991594552993774,1.7642974853515625e-05,0.09300440571573386,0.19078140798956156,104,13.444530963897705,7.0805864334106445,-6.3639445304870605,118,119,13.664398193359375,0.8818230272133032,234.0,0.0885094553232193,0.005711899984592987,67.6,0.3489421606063843,0.022518754798715616,338.0,-0.5131170153617859,0.033113671996244994,3.58,-0.30339765548706055,0.019579569859215544,35.9,0.034710586071014404,0.002240025038231468,17.0,0.07612095028162003,0.004912415889952111,0.0,-0.06600695103406906,0.004259715543584658,0.0,0.022036107257008553,0.001422085812664319,66.0,-0.23840685188770294,0.01538543072772694,0.0,0.002419047988951206,0.00015611168456931276,0.0,0.012738119810819626,0.0008220462557979035,0.0,0.12482105195522308,0.00805524519540097,0.0
a9f48d4f7423ce4b,dos_wisenet-camera_80,wisenet-camera,1,1,detected,0.9991593360900879,1.2874603271484375e-05,0.09395198571778862,0.17211621347814798,104,13.444392681121826,7.080448150634766,-6.3639445304870605,118,119,13.583922386169434,0.8873698952747041,234.0,0.08670011162757874,0.005663685847734354,67.6,0.3398071229457855,0.022197904443933644,338.0,-0.48949211835861206,0.03197607859184486,3.58,-0.23752839863300323,0.015516545532852784,36.0,0.03764369338750839,0.0024590747288895575,17.0,0.07816461473703384,0.005106104409431081,0.0,-0.06260837614536285,0.004089892934017015,0.0,0.021383877843618393,0.0013969020805050141,66.0,-0.2282753884792328,0.01491209253189284,0.0,0.005023145116865635,0.0003281370159211908,0.0,0.012691991403698921,0.0008291044929846434,0.0,0.1248309314250946,0.008154582115288914,0.0
3a2ff346dd84dcdd,dos_wisenet-camera_80,wisenet-camera,1,1,detected,0.9991594552993774,1.7642974853515625e-05,0.09300440571573386,0.19078140798956156,104,13.444530963897705,7.0805864334106445,-6.3639445304870605,118,119,13.664398193359375,0.8818230272133032,234.0,0.0885094553232193,0.005711899984592987,67.6,0.3489421606063843,0.022518754798715616,338.0,-0.5131170153617859,0.033113671996244994,3.58,-0.30339765548706055,0.019579569859215544,35.9,0.034710586071014404,0.002240025038231468,17.0,0.07612095028162003,0.004912415889952111,0.0,-0.06600695103406906,0.004259715543584658,0.0,0.022036107257008553,0.001422085812664319,66.0,-0.23840685188770294,0.01538543072772694,0.0,0.002419047988951206,0.00015611168456931276,0.0,0.012738119810819626,0.0008220462557979035,0.0,0.12482105195522308,0.00805524519540097,0.0
9a372cd461e97ae2,dos_wisenet-camera_80,wisenet-camera,1,1,detected,0.9991593360900879,1.2874603271484375e-05,0.09395198571778862,0.17211621347814798,104,13.444392681121826,7.080448150634766,-6.3639445304870605,118,119,13.583922386169434,0.8873698952747041,234.0,0.08670011162757874,0.005663685847734354,67.6,0.3398071229457855,0.022197904443933644,338.0,-0.48949211835861206,0.03197607859184486,3.58,-0.23752839863300323,0.015516545532852784,36.0,0.03764369338750839,0.0024590747288895575,17.0,0.07816461473703384,0.005106104409431081,0.0,-0.06260837614536285,0.004089892934017015,0.0,0.021383877843618393,0.0013969020805050141,66.0,-0.2282753884792328,0.01491209253189284,0.0,0.005023145116865635,0.0003281370159211908,0.0,0.012691991403698921,0.0008291044929846434,0.0,0.1248309314250946,0.008154582115288914,0.0
0d060e9f8e9bbd63,dos_wisenet-camera_80,wisenet-camera,1,1,detected,0.9991594552993774,1.7642974853515625e-05,0.09300440571573386,0.19078140798956156,104,13.444530963897705,7.0805864334106445,-6.3639445304870605,118,119,13.664398193359375,0.8818230272133032,234.0,0.0885094553232193,0.005711899984592987,67.6,0.3489421606063843,0.022518754798715616,338.0,-0.5131170153617859,0.033113671996244994,3.58,-0.30339765548706055,0.019579569859215544,35.9,0.034710586071014404,0.002240025038231468,17.0,0.07612095028162003,0.004912415889952111,0.0,-0.06600695103406906,0.004259715543584658,0.0,0.022036107257008553,0.001422085812664319,66.0,-0.23840685188770294,0.01538543072772694,0.0,0.002419047988951206,0.00015611168456931276,0.0,0.012738119810819626,0.0008220462557979035,0.0,0.12482105195522308,0.00805524519540097,0.0
55a468cb05cd8c01,dos_wisenet-camera_80,wisenet-camera,1,1,detected,0.9991594552993774,1.7642974853515625e-05,0.09300440571573386,0.19078140798956156,104,13.444530963897705,7.0805864334106445,-6.3639445304870605,118,119,13.664398193359375,0.8818230272133032,234.0,0.0885094553232193,0.005711899984592987,67.6,0.3489421606063843,0.022518754798715616,338.0,-0.5131170153617859,0.033113671996244994,3.58,-0.30339765548706055,0.019579569859215544,35.9,0.034710586071014404,0.002240025038231468,17.0,0.07612095028162003,0.004912415889952111,0.0,-0.06600695103406906,0.004259715543584658,0.0,0.022036107257008553,0.001422085812664319,66.0,-0.23840685188770294,0.01538543072772694,0.0,0.002419047988951206,0.00015611168456931276,0.0,0.012738119810819626,0.0008220462557979035,0.0,0.12482105195522308,0.00805524519540097,0.0
4023d4e1aed08911,dos_wisenet-camera_80,wisenet-camera,1,1,detected,0.9991594552993774,1.7642974853515625e-05,0.09300440571573386,0.19078140798956156,104,13.444530963897705,7.0805864334106445,-6.3639445304870605,118,119,13.664398193359375,0.8818230272133032,234.0,0.0885094553232193,0.005711899984592987,67.6,0.3489421606063843,0.022518754798715616,338.0,-0.5131170153617859,0.033113671996244994,3.58,-0.30339765548706055,0.019579569859215544,35.9,0.034710586071014404,0.002240025038231468,17.0,0.07612095028162003,0.004912415889952111,0.0,-0.06600695103406906,0.004259715543584658,0.0,0.022036107257008553,0.001422085812664319,66.0,-0.23840685188770294,0.01538543072772694,0.0,0.002419047988951206,0.00015611168456931276,0.0,0.012738119810819626,0.0008220462557979035,0.0,0.12482105195522308,0.00805524519540097,0.0
6ffd6fa1ca00434a,dos_wisenet-camera_80,wisenet-camera,1,1,detected,0.9991594552993774,1.7642974853515625e-05,0.09300440571573386,0.19078140798956156,104,13.444530963897705,7.0805864334106445,-6.3639445304870605,118,119,13.664398193359375,0.8818230272133032,234.0,0.0885094553232193,0.005711899984592987,67.6,0.3489421606063843,0.022518754798715616,338.0,-0.5131170153617859,0.033113671996244994,3.58,-0.30339765548706055,0.019579569859215544,35.9,0.034710586071014404,0.002240025038231468,17.0,0.07612095028162003,0.004912415889952111,0.0,-0.06600695103406906,0.004259715543584658,0.0,0.022036107257008553,0.001422085812664319,66.0,-0.23840685188770294,0.01538543072772694,0.0,0.002419047988951206,0.00015611168456931276,0.0,0.012738119810819626,0.0008220462557979035,0.0,0.12482105195522308,0.00805524519540097,0.0
7b54b92f88ef2d99,dos_wisenet-camera_80,wisenet-camera,1,1,detected,0.9991593360900879,1.2874603271484375e-05,0.09395198571778862,0.17211621347814798,104,13.444392681121826,7.080448150634766,-6.3639445304870605,118,119,13.583922386169434,0.8873698952747041,234.0,0.08670011162757874,0.005663685847734354,67.6,0.3398071229457855,0.022197904443933644,338.0,-0.48949211835861206,0.03197607859184486,3.58,-0.23752839863300323,0.015516545532852784,36.0,0.03764369338750839,0.0024590747288895575,17.0,0.07816461473703384,0.005106104409431081,0.0,-0.06260837614536285,0.004089892934017015,0.0,0.021383877843618393,0.0013969020805050141,66.0,-0.2282753884792328,0.01491209253189284,0.0,0.005023145116865635,0.0003281370159211908,0.0,0.012691991403698921,0.0008291044929846434,0.0,0.1248309314250946,0.008154582115288914,0.0
ab7a7ea16c5c5670,dos_wisenet-camera_80,wisenet-camera,1,1,detected,0.9991594552993774,1.7642974853515625e-05,0.09300440571573386,0.19078140798956156,104,13.444530963897705,7.0805864334106445,-6.3639445304870605,118,119,13.664398193359375,0.8818230272133032,234.0,0.0885094553232193,0.005711899984592987,67.6,0.3489421606063843,0.022518754798715616,338.0,-0.5131170153617859,0.033113671996244994,3.58,-0.30339765548706055,0.019579569859215544,35.9,0.034710586071014404,0.002240025038231468,17.0,0.07612095028162003,0.004912415889952111,0.0,-0.06600695103406906,0.004259715543584658,0.0,0.022036107257008553,0.001422085812664319,66.0,-0.23840685188770294,0.01538543072772694,0.0,0.002419047988951206,0.00015611168456931276,0.0,0.012738119810819626,0.0008220462557979035,0.0,0.12482105195522308,0.00805524519540097,0.0
fd8d5fc3db3d289b,dos_wisenet-camera_80,wisenet-camera,1,1,detected,0.9991593360900879,1.2874603271484375e-05,0.09395198571778862,0.17211621347814798,104,13.444392681121826,7.080448150634766,-6.3639445304870605,118,119,13.583922386169434,0.8873698952747041,234.0,0.08670011162757874,0.005663685847734354,67.6,0.3398071229457855,0.022197904443933644,338.0,-0.48949211835861206,0.03197607859184486,3.58,-0.23752839863300323,0.015516545532852784,36.0,0.03764369338750839,0.0024590747288895575,17.0,0.07816461473703384,0.005106104409431081,0.0,-0.06260837614536285,0.004089892934017015,0.0,0.021383877843618393,0.0013969020805050141,66.0,-0.2282753884792328,0.01491209253189284,0.0,0.005023145116865635,0.0003281370159211908,0.0,0.012691991403698921,0.0008291044929846434,0.0,0.1248309314250946,0.008154582115288914,0.0
db2739bf1419503b,dos_wisenet-camera_80,wisenet-camera,1,1,detected,0.9991594552993774,1.7642974853515625e-05,0.09300440571573386,0.19078140798956156,104,13.444530963897705,7.0805864334106445,-6.3639445304870605,118,119,13.664398193359375,0.8818230272133032,234.0,0.0885094553232193,0.005711899984592987,67.6,0.3489421606063843,0.022518754798715616,338.0,-0.5131170153617859,0.033113671996244994,3.58,-0.30339765548706055,0.019579569859215544,35.9,0.034710586071014404,0.002240025038231468,17.0,0.07612095028162003,0.004912415889952111,0.0,-0.06600695103406906,0.004259715543584658,0.0,0.022036107257008553,0.001422085812664319,66.0,-0.23840685188770294,0.01538543072772694,0.0,0.002419047988951206,0.00015611168456931276,0.0,0.012738119810819626,0.0008220462557979035,0.0,0.12482105195522308,0.00805524519540097,0.0
419a21451190f5d8,dos_wisenet-camera_80,wisenet-camera,1,1,detected,0.9991593360900879,1.2874603271484375e-05,0.09395198571778862,0.17211621347814798,104,13.444392681121826,7.080448150634766,-6.3639445304870605,118,119,13.583922386169434,0.8873698952747041,234.0,0.08670011162757874,0.005663685847734354,67.6,0.3398071229457855,0.022197904443933644,338.0,-0.48949211835861206,0.03197607859184486,3.58,-0.23752839863300323,0.015516545532852784,36.0,0.03764369338750839,0.0024590747288895575,17.0,0.07816461473703384,0.005106104409431081,0.0,-0.06260837614536285,0.004089892934017015,0.0,0.021383877843618393,0.0013969020805050141,66.0,-0.2282753884792328,0.01491209253189284,0.0,0.005023145116865635,0.0003281370159211908,0.0,0.012691991403698921,0.0008291044929846434,0.0,0.1248309314250946,0.008154582115288914,0.0
26478aeaa92faefc,dos_wisenet-camera_80,wisenet-camera,1,1,detected,0.9991565942764282,9.5367431640625e-06,0.11263106197303324,-3.1317482963204384,102,13.439749717712402,7.077239036560059,-6.362510681152344,116,119,11.925201416015625,0.6146778772965643,234.0,0.09637123346328735,0.004967401652278095,68.0,-1.0843238830566406,0.055890871733545455,272.0,1.2650755643844604,0.06520761666056663,4.0,0.06477348506450653,0.003338713277503222,35.9,-0.034211769700050354,0.0017634266495107989,29.4,0.2830270230770111,0.014588470558568465,0.0,0.5344454646110535,0.027547694353967464,0.0,-0.29607710242271423,0.015261129643386561,66.0,2.9392049312591553,0.1514996841612763,0.0,0.6041553020477295,0.03114084917018029,0.0,0.18778195977210999,0.009679116721021777,0.0,0.08608392626047134,0.004437148121630616,0.0
878a1fff804d00b0,dos_wisenet-camera_80,wisenet-camera,1,1,detected,0.9991593360900879,1.2874603271484375e-05,0.09395198571778862,0.17211621347814798,104,13.444392681121826,7.080448150634766,-6.3639445304870605,118,119,13.583922386169434,0.8873698952747041,234.0,0.08670011162757874,0.005663685847734354,67.6,0.3398071229457855,0.022197904443933644,338.0,-0.48949211835861206,0.03197607859184486,3.58,-0.23752839863300323,0.015516545532852784,36.0,0.03764369338750839,0.0024590747288895575,17.0,0.07816461473703384,0.005106104409431081,0.0,-0.06260837614536285,0.004089892934017015,0.0,0.021383877843618393,0.0013969020805050141,66.0,-0.2282753884792328,0.01491209253189284,0.0,0.005023145116865635,0.0003281370159211908,0.0,0.012691991403698921,0.0008291044929846434,0.0,0.1248309314250946,0.008154582115288914,0.0
c4a41e8274892a5b,dos_wisenet-camera_80,wisenet-camera,1,1,detected,0.9991594552993774,1.7642974853515625e-05,0.09300440571573386,0.19078140798956156,104,13.444530963897705,7.0805864334106445,-6.3639445304870605,118,119,13.664398193359375,0.8818230272133032,234.0,0.0885094553232193,0.005711899984592987,67.6,0.3489421606063843,0.022518754798715616,338.0,-0.5131170153617859,0.033113671996244994,3.58,-0.30339765548706055,0.019579569859215544,35.9,0.034710586071014404,0.002240025038231468,17.0,0.07612095028162003,0.004912415889952111,0.0,-0.06600695103406906,0.004259715543584658,0.0,0.022036107257008553,0.001422085812664319,66.0,-0.23840685188770294,0.01538543072772694,0.0,0.002419047988951206,0.00015611168456931276,0.0,0.012738119810819626,0.0008220462557979035,0.0,0.12482105195522308,0.00805524519540097,0.0
47a816d6cc1b7154,dos_wisenet-camera_80,wisenet-camera,1,1,detected,0.9991594552993774,1.7642974853515625e-05,0.09300440571573386,0.19078140798956156,104,13.444530963897705,7.0805864334106445,-6.3639445304870605,118,119,13.664398193359375,0.8818230272133032,234.0,0.0885094553232193,0.005711899984592987,67.6,0.3489421606063843,0.022518754798715616,338.0,-0.5131170153617859,0.033113671996244994,3.58,-0.30339765548706055,0.019579569859215544,35.9,0.034710586071014404,0.002240025038231468,17.0,0.07612095028162003,0.004912415889952111,0.0,-0.06600695103406906,0.004259715543584658,0.0,0.022036107257008553,0.001422085812664319,66.0,-0.23840685188770294,0.01538543072772694,0.0,0.002419047988951206,0.00015611168456931276,0.0,0.012738119810819626,0.0008220462557979035,0.0,0.12482105195522308,0.00805524519540097,0.0
557d580423b0a4a7,dos_wisenet-camera_80,wisenet-camera,1,1,detected,0.9991594552993774,1.7642974853515625e-05,0.09300440571573386,0.19078140798956156,104,13.444530963897705,7.0805864334106445,-6.3639445304870605,118,119,13.664398193359375,0.8818230272133032,234.0,0.0885094553232193,0.005711899984592987,67.6,0.3489421606063843,0.022518754798715616,338.0,-0.5131170153617859,0.033113671996244994,3.58,-0.30339765548706055,0.019579569859215544,35.9,0.034710586071014404,0.002240025038231468,17.0,0.07612095028162003,0.004912415889952111,0.0,-0.06600695103406906,0.004259715543584658,0.0,0.022036107257008553,0.001422085812664319,66.0,-0.23840685188770294,0.01538543072772694,0.0,0.002419047988951206,0.00015611168456931276,0.0,0.012738119810819626,0.0008220462557979035,0.0,0.12482105195522308,0.00805524519540097,0.0
c0483faed4b4fb58,dos_wisenet-camera_80,wisenet-camera,1,1,detected,0.9991594552993774,1.7642974853515625e-05,0.09300440571573386,0.19078140798956156,104,13.444530963897705,7.0805864334106445,-6.3639445304870605,118,119,13.664398193359375,0.8818230272133032,234.0,0.0885094553232193,0.005711899984592987,67.6,0.3489421606063843,0.022518754798715616,338.0,-0.5131170153617859,0.033113671996244994,3.58,-0.30339765548706055,0.019579569859215544,35.9,0.034710586071014404,0.002240025038231468,17.0,0.07612095028162003,0.004912415889952111,0.0,-0.06600695103406906,0.004259715543584658,0.0,0.022036107257008553,0.001422085812664319,66.0,-0.23840685188770294,0.01538543072772694,0.0,0.002419047988951206,0.00015611168456931276,0.0,0.012738119810819626,0.0008220462557979035,0.0,0.12482105195522308,0.00805524519540097,0.0
079900bf357e736d,dos_wisenet-camera_80,wisenet-camera,1,1,detected,0.9991593360900879,1.2874603271484375e-05,0.09395198571778862,0.17211621347814798,104,13.444392681121826,7.080448150634766,-6.3639445304870605,118,119,13.583922386169434,0.8873698952747041,234.0,0.08670011162757874,0.005663685847734354,67.6,0.3398071229457855,0.022197904443933644,338.0,-0.48949211835861206,0.03197607859184486,3.58,-0.23752839863300323,0.015516545532852784,36.0,0.03764369338750839,0.0024590747288895575,17.0,0.07816461473703384,0.005106104409431081,0.0,-0.06260837614536285,0.004089892934017015,0.0,0.021383877843618393,0.0013969020805050141,66.0,-0.2282753884792328,0.01491209253189284,0.0,0.005023145116865635,0.0003281370159211908,0.0,0.012691991403698921,0.0008291044929846434,0.0,0.1248309314250946,0.008154582115288914,0.0
9d480e3ce4182bfb,dos_wisenet-camera_80,wisenet-camera,1,1,detected,0.9991594552993774,1.7642974853515625e-05,0.09300440571573386,0.19078140798956156,104,13.444530963897705,7.0805864334106445,-6.3639445304870605,118,119,13.664398193359375,0.8818230272133032,234.0,0.0885094553232193,0.005711899984592987,67.6,0.3489421606063843,0.022518754798715616,338.0,-0.5131170153617859,0.033113671996244994,3.58,-0.30339765548706055,0.019579569859215544,35.9,0.034710586071014404,0.002240025038231468,17.0,0.07612095028162003,0.004912415889952111,0.0,-0.06600695103406906,0.004259715543584658,0.0,0.022036107257008553,0.001422085812664319,66.0,-0.23840685188770294,0.01538543072772694,0.0,0.002419047988951206,0.00015611168456931276,0.0,0.012738119810819626,0.0008220462557979035,0.0,0.12482105195522308,0.00805524519540097,0.0
957f48475e0d04fb,dos_wisenet-camera_80,wisenet-camera,1,1,detected,0.9991593360900879,1.2874603271484375e-05,0.09395198571778862,0.17211621347814798,104,13.444392681121826,7.080448150634766,-6.3639445304870605,118,119,13.583922386169434,0.8873698952747041,234.0,0.08670011162757874,0.005663685847734354,67.6,0.3398071229457855,0.022197904443933644,338.0,-0.48949211835861206,0.03197607859184486,3.58,-0.23752839863300323,0.015516545532852784,36.0,0.03764369338750839,0.0024590747288895575,17.0,0.07816461473703384,0.005106104409431081,0.0,-0.06260837614536285,0.004089892934017015,0.0,0.021383877843618393,0.0013969020805050141,66.0,-0.2282753884792328,0.01491209253189284,0.0,0.005023145116865635,0.0003281370159211908,0.0,0.012691991403698921,0.0008291044929846434,0.0,0.1248309314250946,0.008154582115288914,0.0
333449ccf3f6636d,dos_wisenet-camera_80,wisenet-camera,1,1,detected,0.9991594552993774,1.7642974853515625e-05,0.09300440571573386,0.19078140798956156,104,13.444530963897705,7.0805864334106445,-6.3639445304870605,118,119,13.664398193359375,0.8818230272133032,234.0,0.0885094553232193,0.005711899984592987,67.6,0.3489421606063843,0.022518754798715616,338.0,-0.5131170153617859,0.033113671996244994,3.58,-0.30339765548706055,0.019579569859215544,35.9,0.034710586071014404,0.002240025038231468,17.0,0.07612095028162003,0.004912415889952111,0.0,-0.06600695103406906,0.004259715543584658,0.0,0.022036107257008553,0.001422085812664319,66.0,-0.23840685188770294,0.01538543072772694,0.0,0.002419047988951206,0.00015611168456931276,0.0,0.012738119810819626,0.0008220462557979035,0.0,0.12482105195522308,0.00805524519540097,0.0
be9db7b9cdb0e876,dos_wisenet-camera_80,wisenet-camera,1,1,detected,0.9991594552993774,1.7642974853515625e-05,0.09300440571573386,0.19078140798956156,104,13.444530963897705,7.0805864334106445,-6.3639445304870605,118,119,13.664398193359375,0.8818230272133032,234.0,0.0885094553232193,0.005711899984592987,67.6,0.3489421606063843,0.022518754798715616,338.0,-0.5131170153617859,0.033113671996244994,3.58,-0.30339765548706055,0.019579569859215544,35.9,0.034710586071014404,0.002240025038231468,17.0,0.07612095028162003,0.004912415889952111,0.0,-0.06600695103406906,0.004259715543584658,0.0,0.022036107257008553,0.001422085812664319,66.0,-0.23840685188770294,0.01538543072772694,0.0,0.002419047988951206,0.00015611168456931276,0.0,0.012738119810819626,0.0008220462557979035,0.0,0.12482105195522308,0.00805524519540097,0.0
3ef97d0ffc97c02a,dos_wisenet-camera_80,wisenet-camera,1,1,detected,0.9991593360900879,1.2874603271484375e-05,0.09395198571778862,0.17211621347814798,104,13.444392681121826,7.080448150634766,-6.3639445304870605,118,119,13.583922386169434,0.8873698952747041,234.0,0.08670011162757874,0.005663685847734354,67.6,0.3398071229457855,0.022197904443933644,338.0,-0.48949211835861206,0.03197607859184486,3.58,-0.23752839863300323,0.015516545532852784,36.0,0.03764369338750839,0.0024590747288895575,17.0,0.07816461473703384,0.005106104409431081,0.0,-0.06260837614536285,0.004089892934017015,0.0,0.021383877843618393,0.0013969020805050141,66.0,-0.2282753884792328,0.01491209253189284,0.0,0.005023145116865635,0.0003281370159211908,0.0,0.012691991403698921,0.0008291044929846434,0.0,0.1248309314250946,0.008154582115288914,0.0
6ad141f982cd6707,dos_wisenet-camera_80,wisenet-camera,1,1,detected,0.9991594552993774,1.7642974853515625e-05,0.09300440571573386,0.19078140798956156,104,13.444530963897705,7.0805864334106445,-6.3639445304870605,118,119,13.664398193359375,0.8818230272133032,234.0,0.0885094553232193,0.005711899984592987,67.6,0.3489421606063843,0.022518754798715616,338.0,-0.5131170153617859,0.033113671996244994,3.58,-0.30339765548706055,0.019579569859215544,35.9,0.034710586071014404,0.002240025038231468,17.0,0.07612095028162003,0.004912415889952111,0.0,-0.06600695103406906,0.004259715543584658,0.0,0.022036107257008553,0.001422085812664319,66.0,-0.23840685188770294,0.01538543072772694,0.0,0.002419047988951206,0.00015611168456931276,0.0,0.012738119810819626,0.0008220462557979035,0.0,0.12482105195522308,0.00805524519540097,0.0
9962a7db3e2c2d3e,dos_wisenet-camera_80,wisenet-camera,1,1,detected,0.9991594552993774,1.7642974853515625e-05,0.09300440571573386,0.19078140798956156,104,13.444530963897705,7.0805864334106445,-6.3639445304870605,118,119,13.664398193359375,0.8818230272133032,234.0,0.0885094553232193,0.005711899984592987,67.6,0.3489421606063843,0.022518754798715616,338.0,-0.5131170153617859,0.033113671996244994,3.58,-0.30339765548706055,0.019579569859215544,35.9,0.034710586071014404,0.002240025038231468,17.0,0.07612095028162003,0.004912415889952111,0.0,-0.06600695103406906,0.004259715543584658,0.0,0.022036107257008553,0.001422085812664319,66.0,-0.23840685188770294,0.01538543072772694,0.0,0.002419047988951206,0.00015611168456931276,0.0,0.012738119810819626,0.0008220462557979035,0.0,0.12482105195522308,0.00805524519540097,0.0
de9a5306fbbca1da,dos_wisenet-camera_80,wisenet-camera,1,1,detected,0.9991594552993774,1.7642974853515625e-05,0.09300440571573386,0.19078140798956156,104,13.444530963897705,7.0805864334106445,-6.3639445304870605,118,119,13.664398193359375,0.8818230272133032,234.0,0.0885094553232193,0.005711899984592987,67.6,0.3489421606063843,0.022518754798715616,338.0,-0.5131170153617859,0.033113671996244994,3.58,-0.30339765548706055,0.019579569859215544,35.9,0.034710586071014404,0.002240025038231468,17.0,0.07612095028162003,0.004912415889952111,0.0,-0.06600695103406906,0.004259715543584658,0.0,0.022036107257008553,0.001422085812664319,66.0,-0.23840685188770294,0.01538543072772694,0.0,0.002419047988951206,0.00015611168456931276,0.0,0.012738119810819626,0.0008220462557979035,0.0,0.12482105195522308,0.00805524519540097,0.0
30da364db413ae49,dos_wisenet-camera_80,wisenet-camera,1,1,detected,0.9991594552993774,1.7642974853515625e-05,0.09300440571573386,0.19078140798956156,104,13.444530963897705,7.0805864334106445,-6.3639445304870605,118,119,13.664398193359375,0.8818230272133032,234.0,0.0885094553232193,0.005711899984592987,67.6,0.3489421606063843,0.022518754798715616,338.0,-0.5131170153617859,0.033113671996244994,3.58,-0.30339765548706055,0.019579569859215544,35.9,0.034710586071014404,0.002240025038231468,17.0,0.07612095028162003,0.004912415889952111,0.0,-0.06600695103406906,0.004259715543584658,0.0,0.022036107257008553,0.001422085812664319,66.0,-0.23840685188770294,0.01538543072772694,0.0,0.002419047988951206,0.00015611168456931276,0.0,0.012738119810819626,0.0008220462557979035,0.0,0.12482105195522308,0.00805524519540097,0.0
cbc4b428e429e932,dos_wisenet-camera_80,wisenet-camera,1,1,detected,0.9991594552993774,1.7642974853515625e-05,0.09300440571573386,0.19078140798956156,104,13.444530963897705,7.0805864334106445,-6.3639445304870605,118,119,13.664398193359375,0.8818230272133032,234.0,0.0885094553232193,0.005711899984592987,67.6,0.3489421606063843,0.022518754798715616,338.0,-0.5131170153617859,0.033113671996244994,3.58,-0.30339765548706055,0.019579569859215544,35.9,0.034710586071014404,0.002240025038231468,17.0,0.07612095028162003,0.004912415889952111,0.0,-0.06600695103406906,0.004259715543584658,0.0,0.022036107257008553,0.001422085812664319,66.0,-0.23840685188770294,0.01538543072772694,0.0,0.002419047988951206,0.00015611168456931276,0.0,0.012738119810819626,0.0008220462557979035,0.0,0.12482105195522308,0.00805524519540097,0.0
b753df770bffe11a,dos_wisenet-camera_80,wisenet-camera,1,1,detected,0.9991594552993774,1.7642974853515625e-05,0.09300440571573386,0.19078140798956156,104,13.444530963897705,7.0805864334106445,-6.3639445304870605,118,119,13.664398193359375,0.8818230272133032,234.0,0.0885094553232193,0.005711899984592987,67.6,0.3489421606063843,0.022518754798715616,338.0,-0.5131170153617859,0.033113671996244994,3.58,-0.30339765548706055,0.019579569859215544,35.9,0.034710586071014404,0.002240025038231468,17.0,0.07612095028162003,0.004912415889952111,0.0,-0.06600695103406906,0.004259715543584658,0.0,0.022036107257008553,0.001422085812664319,66.0,-0.23840685188770294,0.01538543072772694,0.0,0.002419047988951206,0.00015611168456931276,0.0,0.012738119810819626,0.0008220462557979035,0.0,0.12482105195522308,0.00805524519540097,0.0
d3ad665e82d919e0,dos_wisenet-camera_80,wisenet-camera,1,1,detected,0.9991593360900879,1.2874603271484375e-05,0.09395198571778862,0.17211621347814798,104,13.444392681121826,7.080448150634766,-6.3639445304870605,118,119,13.583922386169434,0.8873698952747041,234.0,0.08670011162757874,0.005663685847734354,67.6,0.3398071229457855,0.022197904443933644,338.0,-0.48949211835861206,0.03197607859184486,3.58,-0.23752839863300323,0.015516545532852784,36.0,0.03764369338750839,0.0024590747288895575,17.0,0.07816461473703384,0.005106104409431081,0.0,-0.06260837614536285,0.004089892934017015,0.0,0.021383877843618393,0.0013969020805050141,66.0,-0.2282753884792328,0.01491209253189284,0.0,0.005023145116865635,0.0003281370159211908,0.0,0.012691991403698921,0.0008291044929846434,0.0,0.1248309314250946,0.008154582115288914,0.0
8c8e5573bcc174b4,dos_wisenet-camera_80,wisenet-camera,1,1,detected,0.9991565942764282,9.5367431640625e-06,0.11263106197303324,-3.1317482963204384,102,13.439749717712402,7.077239036560059,-6.362510681152344,116,119,11.925201416015625,0.6146778772965643,234.0,0.09637123346328735,0.004967401652278095,68.0,-1.0843238830566406,0.055890871733545455,272.0,1.2650755643844604,0.06520761666056663,4.0,0.06477348506450653,0.003338713277503222,35.9,-0.034211769700050354,0.0017634266495107989,29.4,0.2830270230770111,0.014588470558568465,0.0,0.5344454646110535,0.027547694353967464,0.0,-0.29607710242271423,0.015261129643386561,66.0,2.9392049312591553,0.1514996841612763,0.0,0.6041553020477295,0.03114084917018029,0.0,0.18778195977210999,0.009679116721021777,0.0,0.08608392626047134,0.004437148121630616,0.0
7be14ba4df75cd0b,dos_wisenet-camera_80,wisenet-camera,1,1,detected,0.9991594552993774,1.7642974853515625e-05,0.09300440571573386,0.19078140798956156,104,13.444530963897705,7.0805864334106445,-6.3639445304870605,118,119,13.664398193359375,0.8818230272133032,234.0,0.0885094553232193,0.005711899984592987,67.6,0.3489421606063843,0.022518754798715616,338.0,-0.5131170153617859,0.033113671996244994,3.58,-0.30339765548706055,0.019579569859215544,35.9,0.034710586071014404,0.002240025038231468,17.0,0.07612095028162003,0.004912415889952111,0.0,-0.06600695103406906,0.004259715543584658,0.0,0.022036107257008553,0.001422085812664319,66.0,-0.23840685188770294,0.01538543072772694,0.0,0.002419047988951206,0.00015611168456931276,0.0,0.012738119810819626,0.0008220462557979035,0.0,0.12482105195522308,0.00805524519540097,0.0
ca7d6ec77fa4d67b,dos_wisenet-camera_80,wisenet-camera,1,1,detected,0.9991593360900879,1.2874603271484375e-05,0.09395198571778862,0.17211621347814798,104,13.444392681121826,7.080448150634766,-6.3639445304870605,118,119,13.583922386169434,0.8873698952747041,234.0,0.08670011162757874,0.005663685847734354,67.6,0.3398071229457855,0.022197904443933644,338.0,-0.48949211835861206,0.03197607859184486,3.58,-0.23752839863300323,0.015516545532852784,36.0,0.03764369338750839,0.0024590747288895575,17.0,0.07816461473703384,0.005106104409431081,0.0,-0.06260837614536285,0.004089892934017015,0.0,0.021383877843618393,0.0013969020805050141,66.0,-0.2282753884792328,0.01491209253189284,0.0,0.005023145116865635,0.0003281370159211908,0.0,0.012691991403698921,0.0008291044929846434,0.0,0.1248309314250946,0.008154582115288914,0.0
0039d11cdb4faa20,dos_wisenet-camera_80,wisenet-camera,1,1,detected,0.9991593360900879,1.2874603271484375e-05,0.09395198571778862,0.17211621347814798,104,13.444392681121826,7.080448150634766,-6.3639445304870605,118,119,13.583922386169434,0.8873698952747041,234.0,0.08670011162757874,0.005663685847734354,67.6,0.3398071229457855,0.022197904443933644,338.0,-0.48949211835861206,0.03197607859184486,3.58,-0.23752839863300323,0.015516545532852784,36.0,0.03764369338750839,0.0024590747288895575,17.0,0.07816461473703384,0.005106104409431081,0.0,-0.06260837614536285,0.004089892934017015,0.0,0.021383877843618393,0.0013969020805050141,66.0,-0.2282753884792328,0.01491209253189284,0.0,0.005023145116865635,0.0003281370159211908,0.0,0.012691991403698921,0.0008291044929846434,0.0,0.1248309314250946,0.008154582115288914,0.0
07ecffca6ff45cb5,dos_wisenet-camera_80,wisenet-camera,1,1,detected,0.9991594552993774,1.7642974853515625e-05,0.09300440571573386,0.19078140798956156,104,13.444530963897705,7.0805864334106445,-6.3639445304870605,118,119,13.664398193359375,0.8818230272133032,234.0,0.0885094553232193,0.005711899984592987,67.6,0.3489421606063843,0.022518754798715616,338.0,-0.5131170153617859,0.033113671996244994,3.58,-0.30339765548706055,0.019579569859215544,35.9,0.034710586071014404,0.002240025038231468,17.0,0.07612095028162003,0.004912415889952111,0.0,-0.06600695103406906,0.004259715543584658,0.0,0.022036107257008553,0.001422085812664319,66.0,-0.23840685188770294,0.01538543072772694,0.0,0.002419047988951206,0.00015611168456931276,0.0,0.012738119810819626,0.0008220462557979035,0.0,0.12482105195522308,0.00805524519540097,0.0
4744a7586fefef24,dos_wisenet-camera_80,wisenet-camera,1,1,detected,0.9991594552993774,1.7642974853515625e-05,0.09300440571573386,0.19078140798956156,104,13.444530963897705,7.0805864334106445,-6.3639445304870605,118,119,13.664398193359375,0.8818230272133032,234.0,0.0885094553232193,0.005711899984592987,67.6,0.3489421606063843,0.022518754798715616,338.0,-0.5131170153617859,0.033113671996244994,3.58,-0.30339765548706055,0.019579569859215544,35.9,0.034710586071014404,0.002240025038231468,17.0,0.07612095028162003,0.004912415889952111,0.0,-0.06600695103406906,0.004259715543584658,0.0,0.022036107257008553,0.001422085812664319,66.0,-0.23840685188770294,0.01538543072772694,0.0,0.002419047988951206,0.00015611168456931276,0.0,0.012738119810819626,0.0008220462557979035,0.0,0.12482105195522308,0.00805524519540097,0.0
f09083f059aabed4,dos_wisenet-camera_80,wisenet-camera,1,1,detected,0.9991594552993774,1.7642974853515625e-05,0.09300440571573386,0.19078140798956156,104,13.444530963897705,7.0805864334106445,-6.3639445304870605,118,119,13.664398193359375,0.8818230272133032,234.0,0.0885094553232193,0.005711899984592987,67.6,0.3489421606063843,0.022518754798715616,338.0,-0.5131170153617859,0.033113671996244994,3.58,-0.30339765548706055,0.019579569859215544,35.9,0.034710586071014404,0.002240025038231468,17.0,0.07612095028162003,0.004912415889952111,0.0,-0.06600695103406906,0.004259715543584658,0.0,0.022036107257008553,0.001422085812664319,66.0,-0.23840685188770294,0.01538543072772694,0.0,0.002419047988951206,0.00015611168456931276,0.0,0.012738119810819626,0.0008220462557979035,0.0,0.12482105195522308,0.00805524519540097,0.0
fbf61144e9b8f136,dos_wisenet-camera_80,wisenet-camera,1,1,detected,0.9991594552993774,1.7642974853515625e-05,0.09300440571573386,0.19078140798956156,104,13.444530963897705,7.0805864334106445,-6.3639445304870605,118,119,13.664398193359375,0.8818230272133032,234.0,0.0885094553232193,0.005711899984592987,67.6,0.3489421606063843,0.022518754798715616,338.0,-0.5131170153617859,0.033113671996244994,3.58,-0.30339765548706055,0.019579569859215544,35.9,0.034710586071014404,0.002240025038231468,17.0,0.07612095028162003,0.004912415889952111,0.0,-0.06600695103406906,0.004259715543584658,0.0,0.022036107257008553,0.001422085812664319,66.0,-0.23840685188770294,0.01538543072772694,0.0,0.002419047988951206,0.00015611168456931276,0.0,0.012738119810819626,0.0008220462557979035,0.0,0.12482105195522308,0.00805524519540097,0.0
a240c89927fd57c5,dos_wisenet-camera_80,wisenet-camera,1,1,detected,0.9991594552993774,1.7642974853515625e-05,0.09300440571573386,0.19078140798956156,104,13.444530963897705,7.0805864334106445,-6.3639445304870605,118,119,13.664398193359375,0.8818230272133032,234.0,0.0885094553232193,0.005711899984592987,67.6,0.3489421606063843,0.022518754798715616,338.0,-0.5131170153617859,0.033113671996244994,3.58,-0.30339765548706055,0.019579569859215544,35.9,0.034710586071014404,0.002240025038231468,17.0,0.07612095028162003,0.004912415889952111,0.0,-0.06600695103406906,0.004259715543584658,0.0,0.022036107257008553,0.001422085812664319,66.0,-0.23840685188770294,0.01538543072772694,0.0,0.002419047988951206,0.00015611168456931276,0.0,0.012738119810819626,0.0008220462557979035,0.0,0.12482105195522308,0.00805524519540097,0.0
b8b10b55ea5c1787,dos_wisenet-camera_80,wisenet-camera,1,1,detected,0.9991594552993774,1.7642974853515625e-05,0.09300440571573386,0.19078140798956156,104,13.444530963897705,7.0805864334106445,-6.3639445304870605,118,119,13.664398193359375,0.8818230272133032,234.0,0.0885094553232193,0.005711899984592987,67.6,0.3489421606063843,0.022518754798715616,338.0,-0.5131170153617859,0.033113671996244994,3.58,-0.30339765548706055,0.019579569859215544,35.9,0.034710586071014404,0.002240025038231468,17.0,0.07612095028162003,0.004912415889952111,0.0,-0.06600695103406906,0.004259715543584658,0.0,0.022036107257008553,0.001422085812664319,66.0,-0.23840685188770294,0.01538543072772694,0.0,0.002419047988951206,0.00015611168456931276,0.0,0.012738119810819626,0.0008220462557979035,0.0,0.12482105195522308,0.00805524519540097,0.0
32cc9b495e683398,dos_wisenet-camera_80,wisenet-camera,1,1,detected,0.9991594552993774,1.7642974853515625e-05,0.09300440571573386,0.19078140798956156,104,13.444530963897705,7.0805864334106445,-6.3639445304870605,118,119,13.664398193359375,0.8818230272133032,234.0,0.0885094553232193,0.005711899984592987,67.6,0.3489421606063843,0.022518754798715616,338.0,-0.5131170153617859,0.033113671996244994,3.58,-0.30339765548706055,0.019579569859215544,35.9,0.034710586071014404,0.002240025038231468,17.0,0.07612095028162003,0.004912415889952111,0.0,-0.06600695103406906,0.004259715543584658,0.0,0.022036107257008553,0.001422085812664319,66.0,-0.23840685188770294,0.01538543072772694,0.0,0.002419047988951206,0.00015611168456931276,0.0,0.012738119810819626,0.0008220462557979035,0.0,0.12482105195522308,0.00805524519540097,0.0
e72c857efdce3f78,dos_wisenet-camera_80,wisenet-camera,1,1,detected,0.9991593360900879,1.2874603271484375e-05,0.09395198571778862,0.17211621347814798,104,13.444392681121826,7.080448150634766,-6.3639445304870605,118,119,13.583922386169434,0.8873698952747041,234.0,0.08670011162757874,0.005663685847734354,67.6,0.3398071229457855,0.022197904443933644,338.0,-0.48949211835861206,0.03197607859184486,3.58,-0.23752839863300323,0.015516545532852784,36.0,0.03764369338750839,0.0024590747288895575,17.0,0.07816461473703384,0.005106104409431081,0.0,-0.06260837614536285,0.004089892934017015,0.0,0.021383877843618393,0.0013969020805050141,66.0,-0.2282753884792328,0.01491209253189284,0.0,0.005023145116865635,0.0003281370159211908,0.0,0.012691991403698921,0.0008291044929846434,0.0,0.1248309314250946,0.008154582115288914,0.0
8cb5028b9628623c,dos_wisenet-camera_80,wisenet-camera,1,1,detected,0.9991594552993774,1.7642974853515625e-05,0.09300440571573386,0.19078140798956156,104,13.444530963897705,7.0805864334106445,-6.3639445304870605,118,119,13.664398193359375,0.8818230272133032,234.0,0.0885094553232193,0.005711899984592987,67.6,0.3489421606063843,0.022518754798715616,338.0,-0.5131170153617859,0.033113671996244994,3.58,-0.30339765548706055,0.019579569859215544,35.9,0.034710586071014404,0.002240025038231468,17.0,0.07612095028162003,0.004912415889952111,0.0,-0.06600695103406906,0.004259715543584658,0.0,0.022036107257008553,0.001422085812664319,66.0,-0.23840685188770294,0.01538543072772694,0.0,0.002419047988951206,0.00015611168456931276,0.0,0.012738119810819626,0.0008220462557979035,0.0,0.12482105195522308,0.00805524519540097,0.0
bbeb6b3c0a4448f7,dos_wisenet-camera_80,wisenet-camera,1,1,detected,0.9991594552993774,1.7642974853515625e-05,0.09300440571573386,0.19078140798956156,104,13.444530963897705,7.0805864334106445,-6.3639445304870605,118,119,13.664398193359375,0.8818230272133032,234.0,0.0885094553232193,0.005711899984592987,67.6,0.3489421606063843,0.022518754798715616,338.0,-0.5131170153617859,0.033113671996244994,3.58,-0.30339765548706055,0.019579569859215544,35.9,0.034710586071014404,0.002240025038231468,17.0,0.07612095028162003,0.004912415889952111,0.0,-0.06600695103406906,0.004259715543584658,0.0,0.022036107257008553,0.001422085812664319,66.0,-0.23840685188770294,0.01538543072772694,0.0,0.002419047988951206,0.00015611168456931276,0.0,0.012738119810819626,0.0008220462557979035,0.0,0.12482105195522308,0.00805524519540097,0.0
3d807a12ccd94ec0,dos_wisenet-camera_80,wisenet-camera,1,1,detected,0.9991594552993774,1.7642974853515625e-05,0.09300440571573386,0.19078140798956156,104,13.444530963897705,7.0805864334106445,-6.3639445304870605,118,119,13.664398193359375,0.8818230272133032,234.0,0.0885094553232193,0.005711899984592987,67.6,0.3489421606063843,0.022518754798715616,338.0,-0.5131170153617859,0.033113671996244994,3.58,-0.30339765548706055,0.019579569859215544,35.9,0.034710586071014404,0.002240025038231468,17.0,0.07612095028162003,0.004912415889952111,0.0,-0.06600695103406906,0.004259715543584658,0.0,0.022036107257008553,0.001422085812664319,66.0,-0.23840685188770294,0.01538543072772694,0.0,0.002419047988951206,0.00015611168456931276,0.0,0.012738119810819626,0.0008220462557979035,0.0,0.12482105195522308,0.00805524519540097,0.0
36544940cfe842b7,dos_wisenet-camera_80,wisenet-camera,1,1,detected,0.9991594552993774,1.7642974853515625e-05,0.09300440571573386,0.19078140798956156,104,13.444530963897705,7.0805864334106445,-6.3639445304870605,118,119,13.664398193359375,0.8818230272133032,234.0,0.0885094553232193,0.005711899984592987,67.6,0.3489421606063843,0.022518754798715616,338.0,-0.5131170153617859,0.033113671996244994,3.58,-0.30339765548706055,0.019579569859215544,35.9,0.034710586071014404,0.002240025038231468,17.0,0.07612095028162003,0.004912415889952111,0.0,-0.06600695103406906,0.004259715543584658,0.0,0.022036107257008553,0.001422085812664319,66.0,-0.23840685188770294,0.01538543072772694,0.0,0.002419047988951206,0.00015611168456931276,0.0,0.012738119810819626,0.0008220462557979035,0.0,0.12482105195522308,0.00805524519540097,0.0
afc0cac22353e8fc,dos_wisenet-camera_80,wisenet-camera,1,1,detected,0.9991594552993774,1.7642974853515625e-05,0.09300440571573386,0.19078140798956156,104,13.444530963897705,7.0805864334106445,-6.3639445304870605,118,119,13.664398193359375,0.8818230272133032,234.0,0.0885094553232193,0.005711899984592987,67.6,0.3489421606063843,0.022518754798715616,338.0,-0.5131170153617859,0.033113671996244994,3.58,-0.30339765548706055,0.019579569859215544,35.9,0.034710586071014404,0.002240025038231468,17.0,0.07612095028162003,0.004912415889952111,0.0,-0.06600695103406906,0.004259715543584658,0.0,0.022036107257008553,0.001422085812664319,66.0,-0.23840685188770294,0.01538543072772694,0.0,0.002419047988951206,0.00015611168456931276,0.0,0.012738119810819626,0.0008220462557979035,0.0,0.12482105195522308,0.00805524519540097,0.0
89372de2d071c335,dos_wisenet-camera_80,wisenet-camera,1,1,detected,0.9991594552993774,1.7642974853515625e-05,0.09300440571573386,0.19078140798956156,104,13.444530963897705,7.0805864334106445,-6.3639445304870605,118,119,13.664398193359375,0.8818230272133032,234.0,0.0885094553232193,0.005711899984592987,67.6,0.3489421606063843,0.022518754798715616,338.0,-0.5131170153617859,0.033113671996244994,3.58,-0.30339765548706055,0.019579569859215544,35.9,0.034710586071014404,0.002240025038231468,17.0,0.07612095028162003,0.004912415889952111,0.0,-0.06600695103406906,0.004259715543584658,0.0,0.022036107257008553,0.001422085812664319,66.0,-0.23840685188770294,0.01538543072772694,0.0,0.002419047988951206,0.00015611168456931276,0.0,0.012738119810819626,0.0008220462557979035,0.0,0.12482105195522308,0.00805524519540097,0.0
47b20d8eb9492971,dos_wisenet-camera_80,wisenet-camera,1,1,detected,0.9991594552993774,1.7642974853515625e-05,0.09300440571573386,0.19078140798956156,104,13.444530963897705,7.0805864334106445,-6.3639445304870605,118,119,13.664398193359375,0.8818230272133032,234.0,0.0885094553232193,0.005711899984592987,67.6,0.3489421606063843,0.022518754798715616,338.0,-0.5131170153617859,0.033113671996244994,3.58,-0.30339765548706055,0.019579569859215544,35.9,0.034710586071014404,0.002240025038231468,17.0,0.07612095028162003,0.004912415889952111,0.0,-0.06600695103406906,0.004259715543584658,0.0,0.022036107257008553,0.001422085812664319,66.0,-0.23840685188770294,0.01538543072772694,0.0,0.002419047988951206,0.00015611168456931276,0.0,0.012738119810819626,0.0008220462557979035,0.0,0.12482105195522308,0.00805524519540097,0.0
d79f130c60b4c9d5,dos_wisenet-camera_80,wisenet-camera,1,1,detected,0.9991594552993774,1.7642974853515625e-05,0.09300440571573386,0.19078140798956156,104,13.444530963897705,7.0805864334106445,-6.3639445304870605,118,119,13.664398193359375,0.8818230272133032,234.0,0.0885094553232193,0.005711899984592987,67.6,0.3489421606063843,0.022518754798715616,338.0,-0.5131170153617859,0.033113671996244994,3.58,-0.30339765548706055,0.019579569859215544,35.9,0.034710586071014404,0.002240025038231468,17.0,0.07612095028162003,0.004912415889952111,0.0,-0.06600695103406906,0.004259715543584658,0.0,0.022036107257008553,0.001422085812664319,66.0,-0.23840685188770294,0.01538543072772694,0.0,0.002419047988951206,0.00015611168456931276,0.0,0.012738119810819626,0.0008220462557979035,0.0,0.12482105195522308,0.00805524519540097,0.0
8e4ba8584c67f26a,dos_wisenet-camera_80,wisenet-camera,1,1,detected,0.9991594552993774,1.7642974853515625e-05,0.09300440571573386,0.19078140798956156,104,13.444530963897705,7.0805864334106445,-6.3639445304870605,118,119,13.664398193359375,0.8818230272133032,234.0,0.0885094553232193,0.005711899984592987,67.6,0.3489421606063843,0.022518754798715616,338.0,-0.5131170153617859,0.033113671996244994,3.58,-0.30339765548706055,0.019579569859215544,35.9,0.034710586071014404,0.002240025038231468,17.0,0.07612095028162003,0.004912415889952111,0.0,-0.06600695103406906,0.004259715543584658,0.0,0.022036107257008553,0.001422085812664319,66.0,-0.23840685188770294,0.01538543072772694,0.0,0.002419047988951206,0.00015611168456931276,0.0,0.012738119810819626,0.0008220462557979035,0.0,0.12482105195522308,0.00805524519540097,0.0
8e300b7562db94ac,dos_wisenet-camera_80,wisenet-camera,1,1,detected,0.9991594552993774,1.7642974853515625e-05,0.09300440571573386,0.19078140798956156,104,13.444530963897705,7.0805864334106445,-6.3639445304870605,118,119,13.664398193359375,0.8818230272133032,234.0,0.0885094553232193,0.005711899984592987,67.6,0.3489421606063843,0.022518754798715616,338.0,-0.5131170153617859,0.033113671996244994,3.58,-0.30339765548706055,0.019579569859215544,35.9,0.034710586071014404,0.002240025038231468,17.0,0.07612095028162003,0.004912415889952111,0.0,-0.06600695103406906,0.004259715543584658,0.0,0.022036107257008553,0.001422085812664319,66.0,-0.23840685188770294,0.01538543072772694,0.0,0.002419047988951206,0.00015611168456931276,0.0,0.012738119810819626,0.0008220462557979035,0.0,0.12482105195522308,0.00805524519540097,0.0
2acc6efe1bc4d25a,dos_wisenet-camera_80,wisenet-camera,1,1,detected,0.9991593360900879,1.2874603271484375e-05,0.09395198571778862,0.17211621347814798,104,13.444392681121826,7.080448150634766,-6.3639445304870605,118,119,13.583922386169434,0.8873698952747041,234.0,0.08670011162757874,0.005663685847734354,67.6,0.3398071229457855,0.022197904443933644,338.0,-0.48949211835861206,0.03197607859184486,3.58,-0.23752839863300323,0.015516545532852784,36.0,0.03764369338750839,0.0024590747288895575,17.0,0.07816461473703384,0.005106104409431081,0.0,-0.06260837614536285,0.004089892934017015,0.0,0.021383877843618393,0.0013969020805050141,66.0,-0.2282753884792328,0.01491209253189284,0.0,0.005023145116865635,0.0003281370159211908,0.0,0.012691991403698921,0.0008291044929846434,0.0,0.1248309314250946,0.008154582115288914,0.0
570aaaecfb834e69,dos_wisenet-camera_80,wisenet-camera,1,1,detected,0.9991594552993774,1.7642974853515625e-05,0.09300440571573386,0.19078140798956156,104,13.444530963897705,7.0805864334106445,-6.3639445304870605,118,119,13.664398193359375,0.8818230272133032,234.0,0.0885094553232193,0.005711899984592987,67.6,0.3489421606063843,0.022518754798715616,338.0,-0.5131170153617859,0.033113671996244994,3.58,-0.30339765548706055,0.019579569859215544,35.9,0.034710586071014404,0.002240025038231468,17.0,0.07612095028162003,0.004912415889952111,0.0,-0.06600695103406906,0.004259715543584658,0.0,0.022036107257008553,0.001422085812664319,66.0,-0.23840685188770294,0.01538543072772694,0.0,0.002419047988951206,0.00015611168456931276,0.0,0.012738119810819626,0.0008220462557979035,0.0,0.12482105195522308,0.00805524519540097,0.0
98211e66a22ec873,dos_wisenet-camera_80,wisenet-camera,1,1,detected,0.9991594552993774,1.7642974853515625e-05,0.09300440571573386,0.19078140798956156,104,13.444530963897705,7.0805864334106445,-6.3639445304870605,118,119,13.664398193359375,0.8818230272133032,234.0,0.0885094553232193,0.005711899984592987,67.6,0.3489421606063843,0.022518754798715616,338.0,-0.5131170153617859,0.033113671996244994,3.58,-0.30339765548706055,0.019579569859215544,35.9,0.034710586071014404,0.002240025038231468,17.0,0.07612095028162003,0.004912415889952111,0.0,-0.06600695103406906,0.004259715543584658,0.0,0.022036107257008553,0.001422085812664319,66.0,-0.23840685188770294,0.01538543072772694,0.0,0.002419047988951206,0.00015611168456931276,0.0,0.012738119810819626,0.0008220462557979035,0.0,0.12482105195522308,0.00805524519540097,0.0
f6866366be51b2ca,dos_wisenet-camera_80,wisenet-camera,1,1,detected,0.9991565942764282,9.5367431640625e-06,0.11263106197303324,-3.1317482963204384,102,13.439749717712402,7.077239036560059,-6.362510681152344,116,119,11.925201416015625,0.6146778772965643,234.0,0.09637123346328735,0.004967401652278095,68.0,-1.0843238830566406,0.055890871733545455,272.0,1.2650755643844604,0.06520761666056663,4.0,0.06477348506450653,0.003338713277503222,35.9,-0.034211769700050354,0.0017634266495107989,29.4,0.2830270230770111,0.014588470558568465,0.0,0.5344454646110535,0.027547694353967464,0.0,-0.29607710242271423,0.015261129643386561,66.0,2.9392049312591553,0.1514996841612763,0.0,0.6041553020477295,0.03114084917018029,0.0,0.18778195977210999,0.009679116721021777,0.0,0.08608392626047134,0.004437148121630616,0.0
55699eeb19a580dd,dos_wisenet-camera_80,wisenet-camera,1,1,detected,0.9991594552993774,1.7642974853515625e-05,0.09300440571573386,0.19078140798956156,104,13.444530963897705,7.0805864334106445,-6.3639445304870605,118,119,13.664398193359375,0.8818230272133032,234.0,0.0885094553232193,0.005711899984592987,67.6,0.3489421606063843,0.022518754798715616,338.0,-0.5131170153617859,0.033113671996244994,3.58,-0.30339765548706055,0.019579569859215544,35.9,0.034710586071014404,0.002240025038231468,17.0,0.07612095028162003,0.004912415889952111,0.0,-0.06600695103406906,0.004259715543584658,0.0,0.022036107257008553,0.001422085812664319,66.0,-0.23840685188770294,0.01538543072772694,0.0,0.002419047988951206,0.00015611168456931276,0.0,0.012738119810819626,0.0008220462557979035,0.0,0.12482105195522308,0.00805524519540097,0.0
37c71f6ad8a9aae2,dos_wisenet-camera_80,wisenet-camera,1,1,detected,0.9991594552993774,1.7642974853515625e-05,0.09300440571573386,0.19078140798956156,104,13.444530963897705,7.0805864334106445,-6.3639445304870605,118,119,13.664398193359375,0.8818230272133032,234.0,0.0885094553232193,0.005711899984592987,67.6,0.3489421606063843,0.022518754798715616,338.0,-0.5131170153617859,0.033113671996244994,3.58,-0.30339765548706055,0.019579569859215544,35.9,0.034710586071014404,0.002240025038231468,17.0,0.07612095028162003,0.004912415889952111,0.0,-0.06600695103406906,0.004259715543584658,0.0,0.022036107257008553,0.001422085812664319,66.0,-0.23840685188770294,0.01538543072772694,0.0,0.002419047988951206,0.00015611168456931276,0.0,0.012738119810819626,0.0008220462557979035,0.0,0.12482105195522308,0.00805524519540097,0.0
10f2a276813aedd8,dos_wisenet-camera_80,wisenet-camera,1,1,detected,0.9991594552993774,1.7642974853515625e-05,0.09300440571573386,0.19078140798956156,104,13.444530963897705,7.0805864334106445,-6.3639445304870605,118,119,13.664398193359375,0.8818230272133032,234.0,0.0885094553232193,0.005711899984592987,67.6,0.3489421606063843,0.022518754798715616,338.0,-0.5131170153617859,0.033113671996244994,3.58,-0.30339765548706055,0.019579569859215544,35.9,0.034710586071014404,0.002240025038231468,17.0,0.07612095028162003,0.004912415889952111,0.0,-0.06600695103406906,0.004259715543584658,0.0,0.022036107257008553,0.001422085812664319,66.0,-0.23840685188770294,0.01538543072772694,0.0,0.002419047988951206,0.00015611168456931276,0.0,0.012738119810819626,0.0008220462557979035,0.0,0.12482105195522308,0.00805524519540097,0.0
c9b581e3e06096f6,dos_wisenet-camera_80,wisenet-camera,1,1,detected,0.9991594552993774,1.7642974853515625e-05,0.09300440571573386,0.19078140798956156,104,13.444530963897705,7.0805864334106445,-6.3639445304870605,118,119,13.664398193359375,0.8818230272133032,234.0,0.0885094553232193,0.005711899984592987,67.6,0.3489421606063843,0.022518754798715616,338.0,-0.5131170153617859,0.033113671996244994,3.58,-0.30339765548706055,0.019579569859215544,35.9,0.034710586071014404,0.002240025038231468,17.0,0.07612095028162003,0.004912415889952111,0.0,-0.06600695103406906,0.004259715543584658,0.0,0.022036107257008553,0.001422085812664319,66.0,-0.23840685188770294,0.01538543072772694,0.0,0.002419047988951206,0.00015611168456931276,0.0,0.012738119810819626,0.0008220462557979035,0.0,0.12482105195522308,0.00805524519540097,0.0
39998174f3e69735,dos_wisenet-camera_80,wisenet-camera,1,1,detected,0.9991594552993774,1.7642974853515625e-05,0.09300440571573386,0.19078140798956156,104,13.444530963897705,7.0805864334106445,-6.3639445304870605,118,119,13.664398193359375,0.8818230272133032,234.0,0.0885094553232193,0.005711899984592987,67.6,0.3489421606063843,0.022518754798715616,338.0,-0.5131170153617859,0.033113671996244994,3.58,-0.30339765548706055,0.019579569859215544,35.9,0.034710586071014404,0.002240025038231468,17.0,0.07612095028162003,0.004912415889952111,0.0,-0.06600695103406906,0.004259715543584658,0.0,0.022036107257008553,0.001422085812664319,66.0,-0.23840685188770294,0.01538543072772694,0.0,0.002419047988951206,0.00015611168456931276,0.0,0.012738119810819626,0.0008220462557979035,0.0,0.12482105195522308,0.00805524519540097,0.0
f19c386fd8ec15b3,dos_wisenet-camera_80,wisenet-camera,1,1,detected,0.9991594552993774,1.7642974853515625e-05,0.09300440571573386,0.19078140798956156,104,13.444530963897705,7.0805864334106445,-6.3639445304870605,118,119,13.664398193359375,0.8818230272133032,234.0,0.0885094553232193,0.005711899984592987,67.6,0.3489421606063843,0.022518754798715616,338.0,-0.5131170153617859,0.033113671996244994,3.58,-0.30339765548706055,0.019579569859215544,35.9,0.034710586071014404,0.002240025038231468,17.0,0.07612095028162003,0.004912415889952111,0.0,-0.06600695103406906,0.004259715543584658,0.0,0.022036107257008553,0.001422085812664319,66.0,-0.23840685188770294,0.01538543072772694,0.0,0.002419047988951206,0.00015611168456931276,0.0,0.012738119810819626,0.0008220462557979035,0.0,0.12482105195522308,0.00805524519540097,0.0
dbdbd74cd5e4ea9b,dos_wisenet-camera_80,wisenet-camera,1,1,detected,0.9991594552993774,1.7642974853515625e-05,0.09300440571573386,0.19078140798956156,104,13.444530963897705,7.0805864334106445,-6.3639445304870605,118,119,13.664398193359375,0.8818230272133032,234.0,0.0885094553232193,0.005711899984592987,67.6,0.3489421606063843,0.022518754798715616,338.0,-0.5131170153617859,0.033113671996244994,3.58,-0.30339765548706055,0.019579569859215544,35.9,0.034710586071014404,0.002240025038231468,17.0,0.07612095028162003,0.004912415889952111,0.0,-0.06600695103406906,0.004259715543584658,0.0,0.022036107257008553,0.001422085812664319,66.0,-0.23840685188770294,0.01538543072772694,0.0,0.002419047988951206,0.00015611168456931276,0.0,0.012738119810819626,0.0008220462557979035,0.0,0.12482105195522308,0.00805524519540097,0.0
cd358d28110ad2ee,dos_wisenet-camera_80,wisenet-camera,1,1,detected,0.9991594552993774,1.7642974853515625e-05,0.09300440571573386,0.19078140798956156,104,13.444530963897705,7.0805864334106445,-6.3639445304870605,118,119,13.664398193359375,0.8818230272133032,234.0,0.0885094553232193,0.005711899984592987,67.6,0.3489421606063843,0.022518754798715616,338.0,-0.5131170153617859,0.033113671996244994,3.58,-0.30339765548706055,0.019579569859215544,35.9,0.034710586071014404,0.002240025038231468,17.0,0.07612095028162003,0.004912415889952111,0.0,-0.06600695103406906,0.004259715543584658,0.0,0.022036107257008553,0.001422085812664319,66.0,-0.23840685188770294,0.01538543072772694,0.0,0.002419047988951206,0.00015611168456931276,0.0,0.012738119810819626,0.0008220462557979035,0.0,0.12482105195522308,0.00805524519540097,0.0
16883e8a43a37b4b,dos_wisenet-camera_80,wisenet-camera,1,1,detected,0.9991594552993774,1.7642974853515625e-05,0.09300440571573386,0.19078140798956156,104,13.444530963897705,7.0805864334106445,-6.3639445304870605,118,119,13.664398193359375,0.8818230272133032,234.0,0.0885094553232193,0.005711899984592987,67.6,0.3489421606063843,0.022518754798715616,338.0,-0.5131170153617859,0.033113671996244994,3.58,-0.30339765548706055,0.019579569859215544,35.9,0.034710586071014404,0.002240025038231468,17.0,0.07612095028162003,0.004912415889952111,0.0,-0.06600695103406906,0.004259715543584658,0.0,0.022036107257008553,0.001422085812664319,66.0,-0.23840685188770294,0.01538543072772694,0.0,0.002419047988951206,0.00015611168456931276,0.0,0.012738119810819626,0.0008220462557979035,0.0,0.12482105195522308,0.00805524519540097,0.0
fd7a7fb056503793,dos_wisenet-camera_80,wisenet-camera,1,1,detected,0.9991594552993774,1.7642974853515625e-05,0.09300440571573386,0.19078140798956156,104,13.444530963897705,7.0805864334106445,-6.3639445304870605,118,119,13.664398193359375,0.8818230272133032,234.0,0.0885094553232193,0.005711899984592987,67.6,0.3489421606063843,0.022518754798715616,338.0,-0.5131170153617859,0.033113671996244994,3.58,-0.30339765548706055,0.019579569859215544,35.9,0.034710586071014404,0.002240025038231468,17.0,0.07612095028162003,0.004912415889952111,0.0,-0.06600695103406906,0.004259715543584658,0.0,0.022036107257008553,0.001422085812664319,66.0,-0.23840685188770294,0.01538543072772694,0.0,0.002419047988951206,0.00015611168456931276,0.0,0.012738119810819626,0.0008220462557979035,0.0,0.12482105195522308,0.00805524519540097,0.0
8775c424429680c2,dos_wisenet-camera_80,wisenet-camera,1,1,detected,0.9991594552993774,1.7642974853515625e-05,0.09300440571573386,0.19078140798956156,104,13.444530963897705,7.0805864334106445,-6.3639445304870605,118,119,13.664398193359375,0.8818230272133032,234.0,0.0885094553232193,0.005711899984592987,67.6,0.3489421606063843,0.022518754798715616,338.0,-0.5131170153617859,0.033113671996244994,3.58,-0.30339765548706055,0.019579569859215544,35.9,0.034710586071014404,0.002240025038231468,17.0,0.07612095028162003,0.004912415889952111,0.0,-0.06600695103406906,0.004259715543584658,0.0,0.022036107257008553,0.001422085812664319,66.0,-0.23840685188770294,0.01538543072772694,0.0,0.002419047988951206,0.00015611168456931276,0.0,0.012738119810819626,0.0008220462557979035,0.0,0.12482105195522308,0.00805524519540097,0.0
4f4d26c0ae7739d9,dos_wisenet-camera_80,wisenet-camera,1,1,detected,0.9991594552993774,1.7642974853515625e-05,0.09300440571573386,0.19078140798956156,104,13.444530963897705,7.0805864334106445,-6.3639445304870605,118,119,13.664398193359375,0.8818230272133032,234.0,0.0885094553232193,0.005711899984592987,67.6,0.3489421606063843,0.022518754798715616,338.0,-0.5131170153617859,0.033113671996244994,3.58,-0.30339765548706055,0.019579569859215544,35.9,0.034710586071014404,0.002240025038231468,17.0,0.07612095028162003,0.004912415889952111,0.0,-0.06600695103406906,0.004259715543584658,0.0,0.022036107257008553,0.001422085812664319,66.0,-0.23840685188770294,0.01538543072772694,0.0,0.002419047988951206,0.00015611168456931276,0.0,0.012738119810819626,0.0008220462557979035,0.0,0.12482105195522308,0.00805524519540097,0.0
b61d67358dbd8064,dos_wisenet-camera_80,wisenet-camera,1,1,detected,0.9991594552993774,1.7642974853515625e-05,0.09300440571573386,0.19078140798956156,104,13.444530963897705,7.0805864334106445,-6.3639445304870605,118,119,13.664398193359375,0.8818230272133032,234.0,0.0885094553232193,0.005711899984592987,67.6,0.3489421606063843,0.022518754798715616,338.0,-0.5131170153617859,0.033113671996244994,3.58,-0.30339765548706055,0.019579569859215544,35.9,0.034710586071014404,0.002240025038231468,17.0,0.07612095028162003,0.004912415889952111,0.0,-0.06600695103406906,0.004259715543584658,0.0,0.022036107257008553,0.001422085812664319,66.0,-0.23840685188770294,0.01538543072772694,0.0,0.002419047988951206,0.00015611168456931276,0.0,0.012738119810819626,0.0008220462557979035,0.0,0.12482105195522308,0.00805524519540097,0.0
ae139b1e86f3ab0e,dos_wisenet-camera_80,wisenet-camera,1,1,detected,0.9991594552993774,1.7642974853515625e-05,0.09300440571573386,0.19078140798956156,104,13.444530963897705,7.0805864334106445,-6.3639445304870605,118,119,13.664398193359375,0.8818230272133032,234.0,0.0885094553232193,0.005711899984592987,67.6,0.3489421606063843,0.022518754798715616,338.0,-0.5131170153617859,0.033113671996244994,3.58,-0.30339765548706055,0.019579569859215544,35.9,0.034710586071014404,0.002240025038231468,17.0,0.07612095028162003,0.004912415889952111,0.0,-0.06600695103406906,0.004259715543584658,0.0,0.022036107257008553,0.001422085812664319,66.0,-0.23840685188770294,0.01538543072772694,0.0,0.002419047988951206,0.00015611168456931276,0.0,0.012738119810819626,0.0008220462557979035,0.0,0.12482105195522308,0.00805524519540097,0.0
10a8dde6f250f624,dos_wisenet-camera_80,wisenet-camera,1,1,detected,0.9991594552993774,1.7642974853515625e-05,0.09300440571573386,0.19078140798956156,104,13.444530963897705,7.0805864334106445,-6.3639445304870605,118,119,13.664398193359375,0.8818230272133032,234.0,0.0885094553232193,0.005711899984592987,67.6,0.3489421606063843,0.022518754798715616,338.0,-0.5131170153617859,0.033113671996244994,3.58,-0.30339765548706055,0.019579569859215544,35.9,0.034710586071014404,0.002240025038231468,17.0,0.07612095028162003,0.004912415889952111,0.0,-0.06600695103406906,0.004259715543584658,0.0,0.022036107257008553,0.001422085812664319,66.0,-0.23840685188770294,0.01538543072772694,0.0,0.002419047988951206,0.00015611168456931276,0.0,0.012738119810819626,0.0008220462557979035,0.0,0.12482105195522308,0.00805524519540097,0.0
f8f1037d6cb90908,dos_wisenet-camera_80,wisenet-camera,1,1,detected,0.9991565942764282,9.5367431640625e-06,0.11263106197303324,-3.1317482963204384,102,13.439749717712402,7.077239036560059,-6.362510681152344,116,119,11.925201416015625,0.6146778772965643,234.0,0.09637123346328735,0.004967401652278095,68.0,-1.0843238830566406,0.055890871733545455,272.0,1.2650755643844604,0.06520761666056663,4.0,0.06477348506450653,0.003338713277503222,35.9,-0.034211769700050354,0.0017634266495107989,29.4,0.2830270230770111,0.014588470558568465,0.0,0.5344454646110535,0.027547694353967464,0.0,-0.29607710242271423,0.015261129643386561,66.0,2.9392049312591553,0.1514996841612763,0.0,0.6041553020477295,0.03114084917018029,0.0,0.18778195977210999,0.009679116721021777,0.0,0.08608392626047134,0.004437148121630616,0.0
168f0dc8223b4418,dos_wisenet-camera_80,wisenet-camera,1,1,detected,0.9991594552993774,1.7642974853515625e-05,0.09300440571573386,0.19078140798956156,104,13.444530963897705,7.0805864334106445,-6.3639445304870605,118,119,13.664398193359375,0.8818230272133032,234.0,0.0885094553232193,0.005711899984592987,67.6,0.3489421606063843,0.022518754798715616,338.0,-0.5131170153617859,0.033113671996244994,3.58,-0.30339765548706055,0.019579569859215544,35.9,0.034710586071014404,0.002240025038231468,17.0,0.07612095028162003,0.004912415889952111,0.0,-0.06600695103406906,0.004259715543584658,0.0,0.022036107257008553,0.001422085812664319,66.0,-0.23840685188770294,0.01538543072772694,0.0,0.002419047988951206,0.00015611168456931276,0.0,0.012738119810819626,0.0008220462557979035,0.0,0.12482105195522308,0.00805524519540097,0.0
bd7960ede8384764,dos_wisenet-camera_80,wisenet-camera,1,1,detected,0.9991594552993774,1.7642974853515625e-05,0.09300440571573386,0.19078140798956156,104,13.444530963897705,7.0805864334106445,-6.3639445304870605,118,119,13.664398193359375,0.8818230272133032,234.0,0.0885094553232193,0.005711899984592987,67.6,0.3489421606063843,0.022518754798715616,338.0,-0.5131170153617859,0.033113671996244994,3.58,-0.30339765548706055,0.019579569859215544,35.9,0.034710586071014404,0.002240025038231468,17.0,0.07612095028162003,0.004912415889952111,0.0,-0.06600695103406906,0.004259715543584658,0.0,0.022036107257008553,0.001422085812664319,66.0,-0.23840685188770294,0.01538543072772694,0.0,0.002419047988951206,0.00015611168456931276,0.0,0.012738119810819626,0.0008220462557979035,0.0,0.12482105195522308,0.00805524519540097,0.0
84b697e4a44d1274,dos_wisenet-camera_80,wisenet-camera,1,1,detected,0.9991594552993774,1.7642974853515625e-05,0.09300440571573386,0.19078140798956156,104,13.444530963897705,7.0805864334106445,-6.3639445304870605,118,119,13.664398193359375,0.8818230272133032,234.0,0.0885094553232193,0.005711899984592987,67.6,0.3489421606063843,0.022518754798715616,338.0,-0.5131170153617859,0.033113671996244994,3.58,-0.30339765548706055,0.019579569859215544,35.9,0.034710586071014404,0.002240025038231468,17.0,0.07612095028162003,0.004912415889952111,0.0,-0.06600695103406906,0.004259715543584658,0.0,0.022036107257008553,0.001422085812664319,66.0,-0.23840685188770294,0.01538543072772694,0.0,0.002419047988951206,0.00015611168456931276,0.0,0.012738119810819626,0.0008220462557979035,0.0,0.12482105195522308,0.00805524519540097,0.0
75b7585da46e4f79,dos_wisenet-camera_80,wisenet-camera,1,1,detected,0.9991594552993774,1.7642974853515625e-05,0.09300440571573386,0.19078140798956156,104,13.444530963897705,7.0805864334106445,-6.3639445304870605,118,119,13.664398193359375,0.8818230272133032,234.0,0.0885094553232193,0.005711899984592987,67.6,0.3489421606063843,0.022518754798715616,338.0,-0.5131170153617859,0.033113671996244994,3.58,-0.30339765548706055,0.019579569859215544,35.9,0.034710586071014404,0.002240025038231468,17.0,0.07612095028162003,0.004912415889952111,0.0,-0.06600695103406906,0.004259715543584658,0.0,0.022036107257008553,0.001422085812664319,66.0,-0.23840685188770294,0.01538543072772694,0.0,0.002419047988951206,0.00015611168456931276,0.0,0.012738119810819626,0.0008220462557979035,0.0,0.12482105195522308,0.00805524519540097,0.0
6f755e6e5cc7646e,dos_wisenet-camera_80,wisenet-camera,1,1,detected,0.9991594552993774,1.7642974853515625e-05,0.09300440571573386,0.19078140798956156,104,13.444530963897705,7.0805864334106445,-6.3639445304870605,118,119,13.664398193359375,0.8818230272133032,234.0,0.0885094553232193,0.005711899984592987,67.6,0.3489421606063843,0.022518754798715616,338.0,-0.5131170153617859,0.033113671996244994,3.58,-0.30339765548706055,0.019579569859215544,35.9,0.034710586071014404,0.002240025038231468,17.0,0.07612095028162003,0.004912415889952111,0.0,-0.06600695103406906,0.004259715543584658,0.0,0.022036107257008553,0.001422085812664319,66.0,-0.23840685188770294,0.01538543072772694,0.0,0.002419047988951206,0.00015611168456931276,0.0,0.012738119810819626,0.0008220462557979035,0.0,0.12482105195522308,0.00805524519540097,0.0
6a9ae9f3e9539ba2,dos_wisenet-camera_80,wisenet-camera,1,1,detected,0.9991594552993774,1.7642974853515625e-05,0.09300440571573386,0.19078140798956156,104,13.444530963897705,7.0805864334106445,-6.3639445304870605,118,119,13.664398193359375,0.8818230272133032,234.0,0.0885094553232193,0.005711899984592987,67.6,0.3489421606063843,0.022518754798715616,338.0,-0.5131170153617859,0.033113671996244994,3.58,-0.30339765548706055,0.019579569859215544,35.9,0.034710586071014404,0.002240025038231468,17.0,0.07612095028162003,0.004912415889952111,0.0,-0.06600695103406906,0.004259715543584658,0.0,0.022036107257008553,0.001422085812664319,66.0,-0.23840685188770294,0.01538543072772694,0.0,0.002419047988951206,0.00015611168456931276,0.0,0.012738119810819626,0.0008220462557979035,0.0,0.12482105195522308,0.00805524519540097,0.0
34e0b86ec0f6c779,dos_wisenet-camera_80,wisenet-camera,1,1,detected,0.9991594552993774,1.7642974853515625e-05,0.09300440571573386,0.19078140798956156,104,13.444530963897705,7.0805864334106445,-6.3639445304870605,118,119,13.664398193359375,0.8818230272133032,234.0,0.0885094553232193,0.005711899984592987,67.6,0.3489421606063843,0.022518754798715616,338.0,-0.5131170153617859,0.033113671996244994,3.58,-0.30339765548706055,0.019579569859215544,35.9,0.034710586071014404,0.002240025038231468,17.0,0.07612095028162003,0.004912415889952111,0.0,-0.06600695103406906,0.004259715543584658,0.0,0.022036107257008553,0.001422085812664319,66.0,-0.23840685188770294,0.01538543072772694,0.0,0.002419047988951206,0.00015611168456931276,0.0,0.012738119810819626,0.0008220462557979035,0.0,0.12482105195522308,0.00805524519540097,0.0
e43aec47b80b9e65,dos_wisenet-camera_80,wisenet-camera,1,1,detected,0.9991594552993774,1.7642974853515625e-05,0.09300440571573386,0.19078140798956156,104,13.444530963897705,7.0805864334106445,-6.3639445304870605,118,119,13.664398193359375,0.8818230272133032,234.0,0.0885094553232193,0.005711899984592987,67.6,0.3489421606063843,0.022518754798715616,338.0,-0.5131170153617859,0.033113671996244994,3.58,-0.30339765548706055,0.019579569859215544,35.9,0.034710586071014404,0.002240025038231468,17.0,0.07612095028162003,0.004912415889952111,0.0,-0.06600695103406906,0.004259715543584658,0.0,0.022036107257008553,0.001422085812664319,66.0,-0.23840685188770294,0.01538543072772694,0.0,0.002419047988951206,0.00015611168456931276,0.0,0.012738119810819626,0.0008220462557979035,0.0,0.12482105195522308,0.00805524519540097,0.0
3966dec46a3e8b29,dos_wisenet-camera_80,wisenet-camera,1,1,detected,0.9991594552993774,1.7642974853515625e-05,0.09300440571573386,0.19078140798956156,104,13.444530963897705,7.0805864334106445,-6.3639445304870605,118,119,13.664398193359375,0.8818230272133032,234.0,0.0885094553232193,0.005711899984592987,67.6,0.3489421606063843,0.022518754798715616,338.0,-0.5131170153617859,0.033113671996244994,3.58,-0.30339765548706055,0.019579569859215544,35.9,0.034710586071014404,0.002240025038231468,17.0,0.07612095028162003,0.004912415889952111,0.0,-0.06600695103406906,0.004259715543584658,0.0,0.022036107257008553,0.001422085812664319,66.0,-0.23840685188770294,0.01538543072772694,0.0,0.002419047988951206,0.00015611168456931276,0.0,0.012738119810819626,0.0008220462557979035,0.0,0.12482105195522308,0.00805524519540097,0.0
458398ed31c83db8,dos_wisenet-camera_80,wisenet-camera,1,1,detected,0.9991594552993774,1.7642974853515625e-05,0.09300440571573386,0.19078140798956156,104,13.444530963897705,7.0805864334106445,-6.3639445304870605,118,119,13.664398193359375,0.8818230272133032,234.0,0.0885094553232193,0.005711899984592987,67.6,0.3489421606063843,0.022518754798715616,338.0,-0.5131170153617859,0.033113671996244994,3.58,-0.30339765548706055,0.019579569859215544,35.9,0.034710586071014404,0.002240025038231468,17.0,0.07612095028162003,0.004912415889952111,0.0,-0.06600695103406906,0.004259715543584658,0.0,0.022036107257008553,0.001422085812664319,66.0,-0.23840685188770294,0.01538543072772694,0.0,0.002419047988951206,0.00015611168456931276,0.0,0.012738119810819626,0.0008220462557979035,0.0,0.12482105195522308,0.00805524519540097,0.0
4333e01411e9330a,dos_wisenet-camera_80,wisenet-camera,1,1,detected,0.9991594552993774,1.7642974853515625e-05,0.09300440571573386,0.19078140798956156,104,13.444530963897705,7.0805864334106445,-6.3639445304870605,118,119,13.664398193359375,0.8818230272133032,234.0,0.0885094553232193,0.005711899984592987,67.6,0.3489421606063843,0.022518754798715616,338.0,-0.5131170153617859,0.033113671996244994,3.58,-0.30339765548706055,0.019579569859215544,35.9,0.034710586071014404,0.002240025038231468,17.0,0.07612095028162003,0.004912415889952111,0.0,-0.06600695103406906,0.004259715543584658,0.0,0.022036107257008553,0.001422085812664319,66.0,-0.23840685188770294,0.01538543072772694,0.0,0.002419047988951206,0.00015611168456931276,0.0,0.012738119810819626,0.0008220462557979035,0.0,0.12482105195522308,0.00805524519540097,0.0
e0c43dac75f7223d,dos_wisenet-camera_80,wisenet-camera,1,1,detected,0.9991594552993774,1.7642974853515625e-05,0.09300440571573386,0.19078140798956156,104,13.444530963897705,7.0805864334106445,-6.3639445304870605,118,119,13.664398193359375,0.8818230272133032,234.0,0.0885094553232193,0.005711899984592987,67.6,0.3489421606063843,0.022518754798715616,338.0,-0.5131170153617859,0.033113671996244994,3.58,-0.30339765548706055,0.019579569859215544,35.9,0.034710586071014404,0.002240025038231468,17.0,0.07612095028162003,0.004912415889952111,0.0,-0.06600695103406906,0.004259715543584658,0.0,0.022036107257008553,0.001422085812664319,66.0,-0.23840685188770294,0.01538543072772694,0.0,0.002419047988951206,0.00015611168456931276,0.0,0.012738119810819626,0.0008220462557979035,0.0,0.12482105195522308,0.00805524519540097,0.0
285a816619cc35fd,dos_wisenet-camera_80,wisenet-camera,1,1,detected,0.9991594552993774,1.7642974853515625e-05,0.09300440571573386,0.19078140798956156,104,13.444530963897705,7.0805864334106445,-6.3639445304870605,118,119,13.664398193359375,0.8818230272133032,234.0,0.0885094553232193,0.005711899984592987,67.6,0.3489421606063843,0.022518754798715616,338.0,-0.5131170153617859,0.033113671996244994,3.58,-0.30339765548706055,0.019579569859215544,35.9,0.034710586071014404,0.002240025038231468,17.0,0.07612095028162003,0.004912415889952111,0.0,-0.06600695103406906,0.004259715543584658,0.0,0.022036107257008553,0.001422085812664319,66.0,-0.23840685188770294,0.01538543072772694,0.0,0.002419047988951206,0.00015611168456931276,0.0,0.012738119810819626,0.0008220462557979035,0.0,0.12482105195522308,0.00805524519540097,0.0
e7543c00902bcf20,dos_wisenet-camera_80,wisenet-camera,1,1,detected,0.9991594552993774,1.7642974853515625e-05,0.09300440571573386,0.19078140798956156,104,13.444530963897705,7.0805864334106445,-6.3639445304870605,118,119,13.664398193359375,0.8818230272133032,234.0,0.0885094553232193,0.005711899984592987,67.6,0.3489421606063843,0.022518754798715616,338.0,-0.5131170153617859,0.033113671996244994,3.58,-0.30339765548706055,0.019579569859215544,35.9,0.034710586071014404,0.002240025038231468,17.0,0.07612095028162003,0.004912415889952111,0.0,-0.06600695103406906,0.004259715543584658,0.0,0.022036107257008553,0.001422085812664319,66.0,-0.23840685188770294,0.01538543072772694,0.0,0.002419047988951206,0.00015611168456931276,0.0,0.012738119810819626,0.0008220462557979035,0.0,0.12482105195522308,0.00805524519540097,0.0
156a266bea94d754,dos_wisenet-camera_80,wisenet-camera,1,1,detected,0.9991594552993774,1.7642974853515625e-05,0.09300440571573386,0.19078140798956156,104,13.444530963897705,7.0805864334106445,-6.3639445304870605,118,119,13.664398193359375,0.8818230272133032,234.0,0.0885094553232193,0.005711899984592987,67.6,0.3489421606063843,0.022518754798715616,338.0,-0.5131170153617859,0.033113671996244994,3.58,-0.30339765548706055,0.019579569859215544,35.9,0.034710586071014404,0.002240025038231468,17.0,0.07612095028162003,0.004912415889952111,0.0,-0.06600695103406906,0.004259715543584658,0.0,0.022036107257008553,0.001422085812664319,66.0,-0.23840685188770294,0.01538543072772694,0.0,0.002419047988951206,0.00015611168456931276,0.0,0.012738119810819626,0.0008220462557979035,0.0,0.12482105195522308,0.00805524519540097,0.0
c5b926801689c56e,dos_wisenet-camera_80,wisenet-camera,1,1,detected,0.9991594552993774,1.7642974853515625e-05,0.09300440571573386,0.19078140798956156,104,13.444530963897705,7.0805864334106445,-6.3639445304870605,118,119,13.664398193359375,0.8818230272133032,234.0,0.0885094553232193,0.005711899984592987,67.6,0.3489421606063843,0.022518754798715616,338.0,-0.5131170153617859,0.033113671996244994,3.58,-0.30339765548706055,0.019579569859215544,35.9,0.034710586071014404,0.002240025038231468,17.0,0.07612095028162003,0.004912415889952111,0.0,-0.06600695103406906,0.004259715543584658,0.0,0.022036107257008553,0.001422085812664319,66.0,-0.23840685188770294,0.01538543072772694,0.0,0.002419047988951206,0.00015611168456931276,0.0,0.012738119810819626,0.0008220462557979035,0.0,0.12482105195522308,0.00805524519540097,0.0
8b23bf2f5b6e38a3,dos_wisenet-camera_80,wisenet-camera,1,1,detected,0.9991594552993774,1.7642974853515625e-05,0.09300440571573386,0.19078140798956156,104,13.444530963897705,7.0805864334106445,-6.3639445304870605,118,119,13.664398193359375,0.8818230272133032,234.0,0.0885094553232193,0.005711899984592987,67.6,0.3489421606063843,0.022518754798715616,338.0,-0.5131170153617859,0.033113671996244994,3.58,-0.30339765548706055,0.019579569859215544,35.9,0.034710586071014404,0.002240025038231468,17.0,0.07612095028162003,0.004912415889952111,0.0,-0.06600695103406906,0.004259715543584658,0.0,0.022036107257008553,0.001422085812664319,66.0,-0.23840685188770294,0.01538543072772694,0.0,0.002419047988951206,0.00015611168456931276,0.0,0.012738119810819626,0.0008220462557979035,0.0,0.12482105195522308,0.00805524519540097,0.0
19c41a0782303561,dos_wisenet-camera_80,wisenet-camera,1,1,detected,0.9991594552993774,1.7642974853515625e-05,0.09300440571573386,0.19078140798956156,104,13.444530963897705,7.0805864334106445,-6.3639445304870605,118,119,13.664398193359375,0.8818230272133032,234.0,0.0885094553232193,0.005711899984592987,67.6,0.3489421606063843,0.022518754798715616,338.0,-0.5131170153617859,0.033113671996244994,3.58,-0.30339765548706055,0.019579569859215544,35.9,0.034710586071014404,0.002240025038231468,17.0,0.07612095028162003,0.004912415889952111,0.0,-0.06600695103406906,0.004259715543584658,0.0,0.022036107257008553,0.001422085812664319,66.0,-0.23840685188770294,0.01538543072772694,0.0,0.002419047988951206,0.00015611168456931276,0.0,0.012738119810819626,0.0008220462557979035,0.0,0.12482105195522308,0.00805524519540097,0.0
98822c83f18dace1,dos_wisenet-camera_80,wisenet-camera,1,1,detected,0.9991567134857178,1.621246337890625e-05,0.11280219181005569,-3.1301922276616096,102,13.439824104309082,7.077313423156738,-6.362510681152344,116,119,11.904738426208496,0.6139476883623423,234.0,0.09690182656049728,0.0049973926587023355,68.0,-1.0809745788574219,0.05574770483044862,272.0,1.2622191905975342,0.06509479893887514,4.0,0.08742709457874298,0.004508764551994455,35.8,-0.03340199589729309,0.0017225979634029449,29.4,0.2827329635620117,0.01458102170649838,0.0,0.5329294204711914,0.027484080207781324,0.0,-0.29584556818008423,0.015257261116845422,66.0,2.934652328491211,0.15134503159328713,0.0,0.6048732399940491,0.031194345826954906,0.0,0.1873447299003601,0.009661687618097948,0.0,0.086435467004776,0.004457624624769083,0.0
0d7cb8061d308a71,dos_wisenet-camera_80,wisenet-camera,1,1,detected,0.9991594552993774,1.7642974853515625e-05,0.09300440571573386,0.19078140798956156,104,13.444530963897705,7.0805864334106445,-6.3639445304870605,118,119,13.664398193359375,0.8818230272133032,234.0,0.0885094553232193,0.005711899984592987,67.6,0.3489421606063843,0.022518754798715616,338.0,-0.5131170153617859,0.033113671996244994,3.58,-0.30339765548706055,0.019579569859215544,35.9,0.034710586071014404,0.002240025038231468,17.0,0.07612095028162003,0.004912415889952111,0.0,-0.06600695103406906,0.004259715543584658,0.0,0.022036107257008553,0.001422085812664319,66.0,-0.23840685188770294,0.01538543072772694,0.0,0.002419047988951206,0.00015611168456931276,0.0,0.012738119810819626,0.0008220462557979035,0.0,0.12482105195522308,0.00805524519540097,0.0
9f3bc2c49ed6b5c8,dos_wisenet-camera_80,wisenet-camera,1,1,detected,0.9991594552993774,1.7642974853515625e-05,0.09300440571573386,0.19078140798956156,104,13.444530963897705,7.0805864334106445,-6.3639445304870605,118,119,13.664398193359375,0.8818230272133032,234.0,0.0885094553232193,0.005711899984592987,67.6,0.3489421606063843,0.022518754798715616,338.0,-0.5131170153617859,0.033113671996244994,3.58,-0.30339765548706055,0.019579569859215544,35.9,0.034710586071014404,0.002240025038231468,17.0,0.07612095028162003,0.004912415889952111,0.0,-0.06600695103406906,0.004259715543584658,0.0,0.022036107257008553,0.001422085812664319,66.0,-0.23840685188770294,0.01538543072772694,0.0,0.002419047988951206,0.00015611168456931276,0.0,0.012738119810819626,0.0008220462557979035,0.0,0.12482105195522308,0.00805524519540097,0.0
b1e4c7982b423c45,dos_wisenet-camera_80,wisenet-camera,1,1,detected,0.9991594552993774,1.7642974853515625e-05,0.09300440571573386,0.19078140798956156,104,13.444530963897705,7.0805864334106445,-6.3639445304870605,118,119,13.664398193359375,0.8818230272133032,234.0,0.0885094553232193,0.005711899984592987,67.6,0.3489421606063843,0.022518754798715616,338.0,-0.5131170153617859,0.033113671996244994,3.58,-0.30339765548706055,0.019579569859215544,35.9,0.034710586071014404,0.002240025038231468,17.0,0.07612095028162003,0.004912415889952111,0.0,-0.06600695103406906,0.004259715543584658,0.0,0.022036107257008553,0.001422085812664319,66.0,-0.23840685188770294,0.01538543072772694,0.0,0.002419047988951206,0.00015611168456931276,0.0,0.012738119810819626,0.0008220462557979035,0.0,0.12482105195522308,0.00805524519540097,0.0
1d69696f82b8a603,dos_wisenet-camera_80,wisenet-camera,1,1,detected,0.9991594552993774,1.7642974853515625e-05,0.09300440571573386,0.19078140798956156,104,13.444530963897705,7.0805864334106445,-6.3639445304870605,118,119,13.664398193359375,0.8818230272133032,234.0,0.0885094553232193,0.005711899984592987,67.6,0.3489421606063843,0.022518754798715616,338.0,-0.5131170153617859,0.033113671996244994,3.58,-0.30339765548706055,0.019579569859215544,35.9,0.034710586071014404,0.002240025038231468,17.0,0.07612095028162003,0.004912415889952111,0.0,-0.06600695103406906,0.004259715543584658,0.0,0.022036107257008553,0.001422085812664319,66.0,-0.23840685188770294,0.01538543072772694,0.0,0.002419047988951206,0.00015611168456931276,0.0,0.012738119810819626,0.0008220462557979035,0.0,0.12482105195522308,0.00805524519540097,0.0
963ff20bc68bbfc4,dos_wisenet-camera_80,wisenet-camera,1,1,detected,0.9991594552993774,1.7642974853515625e-05,0.09300440571573386,0.19078140798956156,104,13.444530963897705,7.0805864334106445,-6.3639445304870605,118,119,13.664398193359375,0.8818230272133032,234.0,0.0885094553232193,0.005711899984592987,67.6,0.3489421606063843,0.022518754798715616,338.0,-0.5131170153617859,0.033113671996244994,3.58,-0.30339765548706055,0.019579569859215544,35.9,0.034710586071014404,0.002240025038231468,17.0,0.07612095028162003,0.004912415889952111,0.0,-0.06600695103406906,0.004259715543584658,0.0,0.022036107257008553,0.001422085812664319,66.0,-0.23840685188770294,0.01538543072772694,0.0,0.002419047988951206,0.00015611168456931276,0.0,0.012738119810819626,0.0008220462557979035,0.0,0.12482105195522308,0.00805524519540097,0.0
a456b63224753409,dos_wisenet-camera_80,wisenet-camera,1,1,detected,0.9991594552993774,1.7642974853515625e-05,0.09300440571573386,0.19078140798956156,104,13.444530963897705,7.0805864334106445,-6.3639445304870605,118,119,13.664398193359375,0.8818230272133032,234.0,0.0885094553232193,0.005711899984592987,67.6,0.3489421606063843,0.022518754798715616,338.0,-0.5131170153617859,0.033113671996244994,3.58,-0.30339765548706055,0.019579569859215544,35.9,0.034710586071014404,0.002240025038231468,17.0,0.07612095028162003,0.004912415889952111,0.0,-0.06600695103406906,0.004259715543584658,0.0,0.022036107257008553,0.001422085812664319,66.0,-0.23840685188770294,0.01538543072772694,0.0,0.002419047988951206,0.00015611168456931276,0.0,0.012738119810819626,0.0008220462557979035,0.0,0.12482105195522308,0.00805524519540097,0.0
8a24bd4f670ecd84,dos_wisenet-camera_80,wisenet-camera,1,1,detected,0.9991565942764282,9.5367431640625e-06,0.11263106197303324,-3.1317482963204384,102,13.439749717712402,7.077239036560059,-6.362510681152344,116,119,11.925201416015625,0.6146778772965643,234.0,0.09637123346328735,0.004967401652278095,68.0,-1.0843238830566406,0.055890871733545455,272.0,1.2650755643844604,0.06520761666056663,4.0,0.06477348506450653,0.003338713277503222,35.9,-0.034211769700050354,0.0017634266495107989,29.4,0.2830270230770111,0.014588470558568465,0.0,0.5344454646110535,0.027547694353967464,0.0,-0.29607710242271423,0.015261129643386561,66.0,2.9392049312591553,0.1514996841612763,0.0,0.6041553020477295,0.03114084917018029,0.0,0.18778195977210999,0.009679116721021777,0.0,0.08608392626047134,0.004437148121630616,0.0
51417c81133f1eec,dos_wisenet-camera_80,wisenet-camera,1,1,detected,0.9991594552993774,1.7642974853515625e-05,0.09300440571573386,0.19078140798956156,104,13.444530963897705,7.0805864334106445,-6.3639445304870605,118,119,13.664398193359375,0.8818230272133032,234.0,0.0885094553232193,0.005711899984592987,67.6,0.3489421606063843,0.022518754798715616,338.0,-0.5131170153617859,0.033113671996244994,3.58,-0.30339765548706055,0.019579569859215544,35.9,0.034710586071014404,0.002240025038231468,17.0,0.07612095028162003,0.004912415889952111,0.0,-0.06600695103406906,0.004259715543584658,0.0,0.022036107257008553,0.001422085812664319,66.0,-0.23840685188770294,0.01538543072772694,0.0,0.002419047988951206,0.00015611168456931276,0.0,0.012738119810819626,0.0008220462557979035,0.0,0.12482105195522308,0.00805524519540097,0.0
328cc63c8e2659e4,dos_wisenet-camera_80,wisenet-camera,1,1,detected,0.9991594552993774,1.7642974853515625e-05,0.09300440571573386,0.19078140798956156,104,13.444530963897705,7.0805864334106445,-6.3639445304870605,118,119,13.664398193359375,0.8818230272133032,234.0,0.0885094553232193,0.005711899984592987,67.6,0.3489421606063843,0.022518754798715616,338.0,-0.5131170153617859,0.033113671996244994,3.58,-0.30339765548706055,0.019579569859215544,35.9,0.034710586071014404,0.002240025038231468,17.0,0.07612095028162003,0.004912415889952111,0.0,-0.06600695103406906,0.004259715543584658,0.0,0.022036107257008553,0.001422085812664319,66.0,-0.23840685188770294,0.01538543072772694,0.0,0.002419047988951206,0.00015611168456931276,0.0,0.012738119810819626,0.0008220462557979035,0.0,0.12482105195522308,0.00805524519540097,0.0
f424ecef954450e0,dos_wisenet-camera_80,wisenet-camera,1,1,detected,0.9991594552993774,1.7642974853515625e-05,0.09300440571573386,0.19078140798956156,104,13.444530963897705,7.0805864334106445,-6.3639445304870605,118,119,13.664398193359375,0.8818230272133032,234.0,0.0885094553232193,0.005711899984592987,67.6,0.3489421606063843,0.022518754798715616,338.0,-0.5131170153617859,0.033113671996244994,3.58,-0.30339765548706055,0.019579569859215544,35.9,0.034710586071014404,0.002240025038231468,17.0,0.07612095028162003,0.004912415889952111,0.0,-0.06600695103406906,0.004259715543584658,0.0,0.022036107257008553,0.001422085812664319,66.0,-0.23840685188770294,0.01538543072772694,0.0,0.002419047988951206,0.00015611168456931276,0.0,0.012738119810819626,0.0008220462557979035,0.0,0.12482105195522308,0.00805524519540097,0.0
a0acd65dbe8c950b,dos_wisenet-camera_80,wisenet-camera,1,1,detected,0.9991594552993774,1.7642974853515625e-05,0.09300440571573386,0.19078140798956156,104,13.444530963897705,7.0805864334106445,-6.3639445304870605,118,119,13.664398193359375,0.8818230272133032,234.0,0.0885094553232193,0.005711899984592987,67.6,0.3489421606063843,0.022518754798715616,338.0,-0.5131170153617859,0.033113671996244994,3.58,-0.30339765548706055,0.019579569859215544,35.9,0.034710586071014404,0.002240025038231468,17.0,0.07612095028162003,0.004912415889952111,0.0,-0.06600695103406906,0.004259715543584658,0.0,0.022036107257008553,0.001422085812664319,66.0,-0.23840685188770294,0.01538543072772694,0.0,0.002419047988951206,0.00015611168456931276,0.0,0.012738119810819626,0.0008220462557979035,0.0,0.12482105195522308,0.00805524519540097,0.0
8c97ae9e6c8c244d,dos_wisenet-camera_80,wisenet-camera,1,1,detected,0.9991594552993774,1.7642974853515625e-05,0.09300440571573386,0.19078140798956156,104,13.444530963897705,7.0805864334106445,-6.3639445304870605,118,119,13.664398193359375,0.8818230272133032,234.0,0.0885094553232193,0.005711899984592987,67.6,0.3489421606063843,0.022518754798715616,338.0,-0.5131170153617859,0.033113671996244994,3.58,-0.30339765548706055,0.019579569859215544,35.9,0.034710586071014404,0.002240025038231468,17.0,0.07612095028162003,0.004912415889952111,0.0,-0.06600695103406906,0.004259715543584658,0.0,0.022036107257008553,0.001422085812664319,66.0,-0.23840685188770294,0.01538543072772694,0.0,0.002419047988951206,0.00015611168456931276,0.0,0.012738119810819626,0.0008220462557979035,0.0,0.12482105195522308,0.00805524519540097,0.0
cd40347447d4f042,dos_wisenet-camera_80,wisenet-camera,1,1,detected,0.9991594552993774,1.7642974853515625e-05,0.09300440571573386,0.19078140798956156,104,13.444530963897705,7.0805864334106445,-6.3639445304870605,118,119,13.664398193359375,0.8818230272133032,234.0,0.0885094553232193,0.005711899984592987,67.6,0.3489421606063843,0.022518754798715616,338.0,-0.5131170153617859,0.033113671996244994,3.58,-0.30339765548706055,0.019579569859215544,35.9,0.034710586071014404,0.002240025038231468,17.0,0.07612095028162003,0.004912415889952111,0.0,-0.06600695103406906,0.004259715543584658,0.0,0.022036107257008553,0.001422085812664319,66.0,-0.23840685188770294,0.01538543072772694,0.0,0.002419047988951206,0.00015611168456931276,0.0,0.012738119810819626,0.0008220462557979035,0.0,0.12482105195522308,0.00805524519540097,0.0
557fc2e7e0e61588,dos_wisenet-camera_80,wisenet-camera,1,1,detected,0.9991594552993774,1.7642974853515625e-05,0.09300440571573386,0.19078140798956156,104,13.444530963897705,7.0805864334106445,-6.3639445304870605,118,119,13.664398193359375,0.8818230272133032,234.0,0.0885094553232193,0.005711899984592987,67.6,0.3489421606063843,0.022518754798715616,338.0,-0.5131170153617859,0.033113671996244994,3.58,-0.30339765548706055,0.019579569859215544,35.9,0.034710586071014404,0.002240025038231468,17.0,0.07612095028162003,0.004912415889952111,0.0,-0.06600695103406906,0.004259715543584658,0.0,0.022036107257008553,0.001422085812664319,66.0,-0.23840685188770294,0.01538543072772694,0.0,0.002419047988951206,0.00015611168456931276,0.0,0.012738119810819626,0.0008220462557979035,0.0,0.12482105195522308,0.00805524519540097,0.0
ef08f029954a840e,dos_wisenet-camera_80,wisenet-camera,1,1,detected,0.9991594552993774,1.7642974853515625e-05,0.09300440571573386,0.19078140798956156,104,13.444530963897705,7.0805864334106445,-6.3639445304870605,118,119,13.664398193359375,0.8818230272133032,234.0,0.0885094553232193,0.005711899984592987,67.6,0.3489421606063843,0.022518754798715616,338.0,-0.5131170153617859,0.033113671996244994,3.58,-0.30339765548706055,0.019579569859215544,35.9,0.034710586071014404,0.002240025038231468,17.0,0.07612095028162003,0.004912415889952111,0.0,-0.06600695103406906,0.004259715543584658,0.0,0.022036107257008553,0.001422085812664319,66.0,-0.23840685188770294,0.01538543072772694,0.0,0.002419047988951206,0.00015611168456931276,0.0,0.012738119810819626,0.0008220462557979035,0.0,0.12482105195522308,0.00805524519540097,0.0
b8f8d41ace1d1a9f,dos_wisenet-camera_80,wisenet-camera,1,1,detected,0.9991594552993774,1.7642974853515625e-05,0.09300440571573386,0.19078140798956156,104,13.444530963897705,7.0805864334106445,-6.3639445304870605,118,119,13.664398193359375,0.8818230272133032,234.0,0.0885094553232193,0.005711899984592987,67.6,0.3489421606063843,0.022518754798715616,338.0,-0.5131170153617859,0.033113671996244994,3.58,-0.30339765548706055,0.019579569859215544,35.9,0.034710586071014404,0.002240025038231468,17.0,0.07612095028162003,0.004912415889952111,0.0,-0.06600695103406906,0.004259715543584658,0.0,0.022036107257008553,0.001422085812664319,66.0,-0.23840685188770294,0.01538543072772694,0.0,0.002419047988951206,0.00015611168456931276,0.0,0.012738119810819626,0.0008220462557979035,0.0,0.12482105195522308,0.00805524519540097,0.0
d75bbb10bc8862e5,dos_wisenet-camera_80,wisenet-camera,1,1,detected,0.9991594552993774,1.7642974853515625e-05,0.09300440571573386,0.19078140798956156,104,13.444530963897705,7.0805864334106445,-6.3639445304870605,118,119,13.664398193359375,0.8818230272133032,234.0,0.0885094553232193,0.005711899984592987,67.6,0.3489421606063843,0.022518754798715616,338.0,-0.5131170153617859,0.033113671996244994,3.58,-0.30339765548706055,0.019579569859215544,35.9,0.034710586071014404,0.002240025038231468,17.0,0.07612095028162003,0.004912415889952111,0.0,-0.06600695103406906,0.004259715543584658,0.0,0.022036107257008553,0.001422085812664319,66.0,-0.23840685188770294,0.01538543072772694,0.0,0.002419047988951206,0.00015611168456931276,0.0,0.012738119810819626,0.0008220462557979035,0.0,0.12482105195522308,0.00805524519540097,0.0
1eb9869b73a6bcac,dos_wisenet-camera_80,wisenet-camera,1,1,detected,0.9991594552993774,1.7642974853515625e-05,0.09300440571573386,0.19078140798956156,104,13.444530963897705,7.0805864334106445,-6.3639445304870605,118,119,13.664398193359375,0.8818230272133032,234.0,0.0885094553232193,0.005711899984592987,67.6,0.3489421606063843,0.022518754798715616,338.0,-0.5131170153617859,0.033113671996244994,3.58,-0.30339765548706055,0.019579569859215544,35.9,0.034710586071014404,0.002240025038231468,17.0,0.07612095028162003,0.004912415889952111,0.0,-0.06600695103406906,0.004259715543584658,0.0,0.022036107257008553,0.001422085812664319,66.0,-0.23840685188770294,0.01538543072772694,0.0,0.002419047988951206,0.00015611168456931276,0.0,0.012738119810819626,0.0008220462557979035,0.0,0.12482105195522308,0.00805524519540097,0.0
8c0f5d73b308acaa,dos_wisenet-camera_80,wisenet-camera,1,0,missed,0.09179990738630295,0.00015878677368164062,0.10265740070749117,-0.9577364549040794,104,4.072091102600098,-2.291853427886963,-6.3639445304870605,118,119,5.344416618347168,0.5838980533393485,255.0,-0.010740742087364197,0.0011734673480922433,71.67,0.46433961391448975,0.050730887207080216,430.0,-2.0424742698669434,0.22314816290273454,5.72,0.15657901763916016,0.01710685938656629,26.6,0.47697576880455017,0.05211143568765181,15.7,0.06885276734828949,0.007522429423574131,0.0,-0.008448664098978043,0.0009230490197519379,0.0,0.02394011616706848,0.002615549689498611,60.0,0.29692354798316956,0.03244003864945755,1.0,0.09525857865810394,0.010407365782711328,0.0,0.02409706637263298,0.0026326971025924396,1.0,0.13994935154914856,0.015290004460940358,1.0
0a3a4e1f06582401,dos_wisenet-camera_80,wisenet-camera,1,1,detected,0.9991594552993774,1.7642974853515625e-05,0.09300440571573386,0.19078140798956156,104,13.444530963897705,7.0805864334106445,-6.3639445304870605,118,119,13.664398193359375,0.8818230272133032,234.0,0.0885094553232193,0.005711899984592987,67.6,0.3489421606063843,0.022518754798715616,338.0,-0.5131170153617859,0.033113671996244994,3.58,-0.30339765548706055,0.019579569859215544,35.9,0.034710586071014404,0.002240025038231468,17.0,0.07612095028162003,0.004912415889952111,0.0,-0.06600695103406906,0.004259715543584658,0.0,0.022036107257008553,0.001422085812664319,66.0,-0.23840685188770294,0.01538543072772694,0.0,0.002419047988951206,0.00015611168456931276,0.0,0.012738119810819626,0.0008220462557979035,0.0,0.12482105195522308,0.00805524519540097,0.0
c37a33bed2c7bd91,dos_wisenet-camera_80,wisenet-camera,1,1,detected,0.9991594552993774,1.7642974853515625e-05,0.09300440571573386,0.19078140798956156,104,13.444530963897705,7.0805864334106445,-6.3639445304870605,118,119,13.664398193359375,0.8818230272133032,234.0,0.0885094553232193,0.005711899984592987,67.6,0.3489421606063843,0.022518754798715616,338.0,-0.5131170153617859,0.033113671996244994,3.58,-0.30339765548706055,0.019579569859215544,35.9,0.034710586071014404,0.002240025038231468,17.0,0.07612095028162003,0.004912415889952111,0.0,-0.06600695103406906,0.004259715543584658,0.0,0.022036107257008553,0.001422085812664319,66.0,-0.23840685188770294,0.01538543072772694,0.0,0.002419047988951206,0.00015611168456931276,0.0,0.012738119810819626,0.0008220462557979035,0.0,0.12482105195522308,0.00805524519540097,0.0
81e5dbe048ca8433,dos_wisenet-camera_80,wisenet-camera,1,1,detected,0.9991594552993774,1.7642974853515625e-05,0.09300440571573386,0.19078140798956156,104,13.444530963897705,7.0805864334106445,-6.3639445304870605,118,119,13.664398193359375,0.8818230272133032,234.0,0.0885094553232193,0.005711899984592987,67.6,0.3489421606063843,0.022518754798715616,338.0,-0.5131170153617859,0.033113671996244994,3.58,-0.30339765548706055,0.019579569859215544,35.9,0.034710586071014404,0.002240025038231468,17.0,0.07612095028162003,0.004912415889952111,0.0,-0.06600695103406906,0.004259715543584658,0.0,0.022036107257008553,0.001422085812664319,66.0,-0.23840685188770294,0.01538543072772694,0.0,0.002419047988951206,0.00015611168456931276,0.0,0.012738119810819626,0.0008220462557979035,0.0,0.12482105195522308,0.00805524519540097,0.0
785dcdd99c03a8ed,dos_wisenet-camera_80,wisenet-camera,1,1,detected,0.9991594552993774,1.7642974853515625e-05,0.09300440571573386,0.19078140798956156,104,13.444530963897705,7.0805864334106445,-6.3639445304870605,118,119,13.664398193359375,0.8818230272133032,234.0,0.0885094553232193,0.005711899984592987,67.6,0.3489421606063843,0.022518754798715616,338.0,-0.5131170153617859,0.033113671996244994,3.58,-0.30339765548706055,0.019579569859215544,35.9,0.034710586071014404,0.002240025038231468,17.0,0.07612095028162003,0.004912415889952111,0.0,-0.06600695103406906,0.004259715543584658,0.0,0.022036107257008553,0.001422085812664319,66.0,-0.23840685188770294,0.01538543072772694,0.0,0.002419047988951206,0.00015611168456931276,0.0,0.012738119810819626,0.0008220462557979035,0.0,0.12482105195522308,0.00805524519540097,0.0
4b62ff5184e9656c,dos_wisenet-camera_80,wisenet-camera,1,1,detected,0.9991594552993774,1.7642974853515625e-05,0.09300440571573386,0.19078140798956156,104,13.444530963897705,7.0805864334106445,-6.3639445304870605,118,119,13.664398193359375,0.8818230272133032,234.0,0.0885094553232193,0.005711899984592987,67.6,0.3489421606063843,0.022518754798715616,338.0,-0.5131170153617859,0.033113671996244994,3.58,-0.30339765548706055,0.019579569859215544,35.9,0.034710586071014404,0.002240025038231468,17.0,0.07612095028162003,0.004912415889952111,0.0,-0.06600695103406906,0.004259715543584658,0.0,0.022036107257008553,0.001422085812664319,66.0,-0.23840685188770294,0.01538543072772694,0.0,0.002419047988951206,0.00015611168456931276,0.0,0.012738119810819626,0.0008220462557979035,0.0,0.12482105195522308,0.00805524519540097,0.0
1a826fc89e293171,dos_wisenet-camera_80,wisenet-camera,1,1,detected,0.9991594552993774,1.0967254638671875e-05,0.09269903972758,0.18839034624397755,104,13.444549083709717,7.080604553222656,-6.3639445304870605,118,119,13.65446949005127,0.882215573045609,234.0,0.08879393339157104,0.005736977982710653,67.6,0.3476102352142334,0.022459104916487855,338.0,-0.5241978168487549,0.033868432436531454,3.58,-0.27881601452827454,0.01801430881006209,35.8,0.03673400729894638,0.0023733850167605365,17.0,0.07624760270118713,0.004926359281800934,0.0,-0.06788899004459381,0.004386309134845347,0.0,0.021690096706151962,0.0014013976236114233,66.0,-0.23974983394145966,0.015490242026053277,0.0,0.0015732860192656517,0.00010165004418973442,0.0,0.013615447096526623,0.0008796943353446467,0.0,0.12608826160430908,0.008146565345992987,0.0
3f950d46f324002e,dos_wisenet-camera_80,wisenet-camera,1,1,detected,0.9991594552993774,1.7642974853515625e-05,0.09300440571573386,0.19078140798956156,104,13.444530963897705,7.0805864334106445,-6.3639445304870605,118,119,13.664398193359375,0.8818230272133032,234.0,0.0885094553232193,0.005711899984592987,67.6,0.3489421606063843,0.022518754798715616,338.0,-0.5131170153617859,0.033113671996244994,3.58,-0.30339765548706055,0.019579569859215544,35.9,0.034710586071014404,0.002240025038231468,17.0,0.07612095028162003,0.004912415889952111,0.0,-0.06600695103406906,0.004259715543584658,0.0,0.022036107257008553,0.001422085812664319,66.0,-0.23840685188770294,0.01538543072772694,0.0,0.002419047988951206,0.00015611168456931276,0.0,0.012738119810819626,0.0008220462557979035,0.0,0.12482105195522308,0.00805524519540097,0.0
61c6deae933e3946,dos_wisenet-camera_80,wisenet-camera,1,1,detected,0.9991594552993774,1.7642974853515625e-05,0.09300440571573386,0.19078140798956156,104,13.444530963897705,7.0805864334106445,-6.3639445304870605,118,119,13.664398193359375,0.8818230272133032,234.0,0.0885094553232193,0.005711899984592987,67.6,0.3489421606063843,0.022518754798715616,338.0,-0.5131170153617859,0.033113671996244994,3.58,-0.30339765548706055,0.019579569859215544,35.9,0.034710586071014404,0.002240025038231468,17.0,0.07612095028162003,0.004912415889952111,0.0,-0.06600695103406906,0.004259715543584658,0.0,0.022036107257008553,0.001422085812664319,66.0,-0.23840685188770294,0.01538543072772694,0.0,0.002419047988951206,0.00015611168456931276,0.0,0.012738119810819626,0.0008220462557979035,0.0,0.12482105195522308,0.00805524519540097,0.0
bd804fa9fa910aac,dos_wisenet-camera_80,wisenet-camera,1,1,detected,0.9991594552993774,1.0967254638671875e-05,0.09269903972758,0.18839034624397755,104,13.444549083709717,7.080604553222656,-6.3639445304870605,118,119,13.65446949005127,0.882215573045609,234.0,0.08879393339157104,0.005736977982710653,67.6,0.3476102352142334,0.022459104916487855,338.0,-0.5241978168487549,0.033868432436531454,3.58,-0.27881601452827454,0.01801430881006209,35.8,0.03673400729894638,0.0023733850167605365,17.0,0.07624760270118713,0.004926359281800934,0.0,-0.06788899004459381,0.004386309134845347,0.0,0.021690096706151962,0.0014013976236114233,66.0,-0.23974983394145966,0.015490242026053277,0.0,0.0015732860192656517,0.00010165004418973442,0.0,0.013615447096526623,0.0008796943353446467,0.0,0.12608826160430908,0.008146565345992987,0.0
b2c615ccd88fad38,dos_wisenet-camera_80,wisenet-camera,1,1,detected,0.9991594552993774,1.7642974853515625e-05,0.09300440571573386,0.19078140798956156,104,13.444530963897705,7.0805864334106445,-6.3639445304870605,118,119,13.664398193359375,0.8818230272133032,234.0,0.0885094553232193,0.005711899984592987,67.6,0.3489421606063843,0.022518754798715616,338.0,-0.5131170153617859,0.033113671996244994,3.58,-0.30339765548706055,0.019579569859215544,35.9,0.034710586071014404,0.002240025038231468,17.0,0.07612095028162003,0.004912415889952111,0.0,-0.06600695103406906,0.004259715543584658,0.0,0.022036107257008553,0.001422085812664319,66.0,-0.23840685188770294,0.01538543072772694,0.0,0.002419047988951206,0.00015611168456931276,0.0,0.012738119810819626,0.0008220462557979035,0.0,0.12482105195522308,0.00805524519540097,0.0
29b4dbd333a8a965,dos_wisenet-camera_80,wisenet-camera,1,1,detected,0.9991594552993774,1.7642974853515625e-05,0.09300440571573386,0.19078140798956156,104,13.444530963897705,7.0805864334106445,-6.3639445304870605,118,119,13.664398193359375,0.8818230272133032,234.0,0.0885094553232193,0.005711899984592987,67.6,0.3489421606063843,0.022518754798715616,338.0,-0.5131170153617859,0.033113671996244994,3.58,-0.30339765548706055,0.019579569859215544,35.9,0.034710586071014404,0.002240025038231468,17.0,0.07612095028162003,0.004912415889952111,0.0,-0.06600695103406906,0.004259715543584658,0.0,0.022036107257008553,0.001422085812664319,66.0,-0.23840685188770294,0.01538543072772694,0.0,0.002419047988951206,0.00015611168456931276,0.0,0.012738119810819626,0.0008220462557979035,0.0,0.12482105195522308,0.00805524519540097,0.0
439ea22ec1d55733,dos_wisenet-camera_80,wisenet-camera,1,1,detected,0.9991594552993774,1.7642974853515625e-05,0.09300440571573386,0.19078140798956156,104,13.444530963897705,7.0805864334106445,-6.3639445304870605,118,119,13.664398193359375,0.8818230272133032,234.0,0.0885094553232193,0.005711899984592987,67.6,0.3489421606063843,0.022518754798715616,338.0,-0.5131170153617859,0.033113671996244994,3.58,-0.30339765548706055,0.019579569859215544,35.9,0.034710586071014404,0.002240025038231468,17.0,0.07612095028162003,0.004912415889952111,0.0,-0.06600695103406906,0.004259715543584658,0.0,0.022036107257008553,0.001422085812664319,66.0,-0.23840685188770294,0.01538543072772694,0.0,0.002419047988951206,0.00015611168456931276,0.0,0.012738119810819626,0.0008220462557979035,0.0,0.12482105195522308,0.00805524519540097,0.0
0a880cd051545fee,dos_wisenet-camera_80,wisenet-camera,1,1,detected,0.9991594552993774,1.7642974853515625e-05,0.09300440571573386,0.19078140798956156,104,13.444530963897705,7.0805864334106445,-6.3639445304870605,118,119,13.664398193359375,0.8818230272133032,234.0,0.0885094553232193,0.005711899984592987,67.6,0.3489421606063843,0.022518754798715616,338.0,-0.5131170153617859,0.033113671996244994,3.58,-0.30339765548706055,0.019579569859215544,35.9,0.034710586071014404,0.002240025038231468,17.0,0.07612095028162003,0.004912415889952111,0.0,-0.06600695103406906,0.004259715543584658,0.0,0.022036107257008553,0.001422085812664319,66.0,-0.23840685188770294,0.01538543072772694,0.0,0.002419047988951206,0.00015611168456931276,0.0,0.012738119810819626,0.0008220462557979035,0.0,0.12482105195522308,0.00805524519540097,0.0
c72c644455f36486,dos_wisenet-camera_80,wisenet-camera,1,1,detected,0.9991594552993774,1.7642974853515625e-05,0.09300440571573386,0.19078140798956156,104,13.444530963897705,7.0805864334106445,-6.3639445304870605,118,119,13.664398193359375,0.8818230272133032,234.0,0.0885094553232193,0.005711899984592987,67.6,0.3489421606063843,0.022518754798715616,338.0,-0.5131170153617859,0.033113671996244994,3.58,-0.30339765548706055,0.019579569859215544,35.9,0.034710586071014404,0.002240025038231468,17.0,0.07612095028162003,0.004912415889952111,0.0,-0.06600695103406906,0.004259715543584658,0.0,0.022036107257008553,0.001422085812664319,66.0,-0.23840685188770294,0.01538543072772694,0.0,0.002419047988951206,0.00015611168456931276,0.0,0.012738119810819626,0.0008220462557979035,0.0,0.12482105195522308,0.00805524519540097,0.0
64378ee037f5a03e,dos_wisenet-camera_80,wisenet-camera,1,1,detected,0.9991594552993774,1.7642974853515625e-05,0.09300440571573386,0.19078140798956156,104,13.444530963897705,7.0805864334106445,-6.3639445304870605,118,119,13.664398193359375,0.8818230272133032,234.0,0.0885094553232193,0.005711899984592987,67.6,0.3489421606063843,0.022518754798715616,338.0,-0.5131170153617859,0.033113671996244994,3.58,-0.30339765548706055,0.019579569859215544,35.9,0.034710586071014404,0.002240025038231468,17.0,0.07612095028162003,0.004912415889952111,0.0,-0.06600695103406906,0.004259715543584658,0.0,0.022036107257008553,0.001422085812664319,66.0,-0.23840685188770294,0.01538543072772694,0.0,0.002419047988951206,0.00015611168456931276,0.0,0.012738119810819626,0.0008220462557979035,0.0,0.12482105195522308,0.00805524519540097,0.0
bb6a1b226f435811,dos_wisenet-camera_80,wisenet-camera,1,1,detected,0.9991594552993774,1.7642974853515625e-05,0.09300440571573386,0.19078140798956156,104,13.444530963897705,7.0805864334106445,-6.3639445304870605,118,119,13.664398193359375,0.8818230272133032,234.0,0.0885094553232193,0.005711899984592987,67.6,0.3489421606063843,0.022518754798715616,338.0,-0.5131170153617859,0.033113671996244994,3.58,-0.30339765548706055,0.019579569859215544,35.9,0.034710586071014404,0.002240025038231468,17.0,0.07612095028162003,0.004912415889952111,0.0,-0.06600695103406906,0.004259715543584658,0.0,0.022036107257008553,0.001422085812664319,66.0,-0.23840685188770294,0.01538543072772694,0.0,0.002419047988951206,0.00015611168456931276,0.0,0.012738119810819626,0.0008220462557979035,0.0,0.12482105195522308,0.00805524519540097,0.0
a0b887cc0501766c,dos_wisenet-camera_80,wisenet-camera,1,1,detected,0.9991594552993774,1.0967254638671875e-05,0.09269903972758,0.18839034624397755,104,13.444549083709717,7.080604553222656,-6.3639445304870605,118,119,13.65446949005127,0.882215573045609,234.0,0.08879393339157104,0.005736977982710653,67.6,0.3476102352142334,0.022459104916487855,338.0,-0.5241978168487549,0.033868432436531454,3.58,-0.27881601452827454,0.01801430881006209,35.8,0.03673400729894638,0.0023733850167605365,17.0,0.07624760270118713,0.004926359281800934,0.0,-0.06788899004459381,0.004386309134845347,0.0,0.021690096706151962,0.0014013976236114233,66.0,-0.23974983394145966,0.015490242026053277,0.0,0.0015732860192656517,0.00010165004418973442,0.0,0.013615447096526623,0.0008796943353446467,0.0,0.12608826160430908,0.008146565345992987,0.0
daca240b2ecae16b,dos_wisenet-camera_80,wisenet-camera,1,0,missed,0.0034597720950841904,7.808208465576172e-06,0.26311278998003834,-0.9681276045739651,101,0.6972379684448242,-5.663086891174316,-6.360324859619141,115,119,0.6022124886512756,0.2826044053213691,254.0,0.22064514458179474,0.10354366780276754,74.0,-0.07076019048690796,0.03320612230703705,444.0,0.006546836346387863,0.0030722790165825424,0.0,0.07035557180643082,0.03301624411000023,11.7,0.12074020504951477,0.056660588229941564,6.1,0.042801450937986374,0.020085731892262,0.0,0.1442398875951767,0.06768844623058065,0.0,-0.1620221585035324,0.07603325506470861,66.0,0.5089331865310669,0.23883058428435816,1.0,0.11616600304841995,0.05451402092903031,0.0,0.007399965077638626,0.003472632616518111,0.0,0.05811499059200287,0.027272022194844165,0.0
8a2714a204db82ad,dos_wisenet-camera_80,wisenet-camera,1,1,detected,0.9991594552993774,1.7642974853515625e-05,0.09300440571573386,0.19078140798956156,104,13.444530963897705,7.0805864334106445,-6.3639445304870605,118,119,13.664398193359375,0.8818230272133032,234.0,0.0885094553232193,0.005711899984592987,67.6,0.3489421606063843,0.022518754798715616,338.0,-0.5131170153617859,0.033113671996244994,3.58,-0.30339765548706055,0.019579569859215544,35.9,0.034710586071014404,0.002240025038231468,17.0,0.07612095028162003,0.004912415889952111,0.0,-0.06600695103406906,0.004259715543584658,0.0,0.022036107257008553,0.001422085812664319,66.0,-0.23840685188770294,0.01538543072772694,0.0,0.002419047988951206,0.00015611168456931276,0.0,0.012738119810819626,0.0008220462557979035,0.0,0.12482105195522308,0.00805524519540097,0.0
a0c74639dd0231ac,dos_wisenet-camera_80,wisenet-camera,1,1,detected,0.9991594552993774,1.7642974853515625e-05,0.09300440571573386,0.19078140798956156,104,13.444530963897705,7.0805864334106445,-6.3639445304870605,118,119,13.664398193359375,0.8818230272133032,234.0,0.0885094553232193,0.005711899984592987,67.6,0.3489421606063843,0.022518754798715616,338.0,-0.5131170153617859,0.033113671996244994,3.58,-0.30339765548706055,0.019579569859215544,35.9,0.034710586071014404,0.002240025038231468,17.0,0.07612095028162003,0.004912415889952111,0.0,-0.06600695103406906,0.004259715543584658,0.0,0.022036107257008553,0.001422085812664319,66.0,-0.23840685188770294,0.01538543072772694,0.0,0.002419047988951206,0.00015611168456931276,0.0,0.012738119810819626,0.0008220462557979035,0.0,0.12482105195522308,0.00805524519540097,0.0
f92dc7da6d24731f,dos_wisenet-camera_80,wisenet-camera,1,1,detected,0.9991594552993774,1.7642974853515625e-05,0.09300440571573386,0.19078140798956156,104,13.444530963897705,7.0805864334106445,-6.3639445304870605,118,119,13.664398193359375,0.8818230272133032,234.0,0.0885094553232193,0.005711899984592987,67.6,0.3489421606063843,0.022518754798715616,338.0,-0.5131170153617859,0.033113671996244994,3.58,-0.30339765548706055,0.019579569859215544,35.9,0.034710586071014404,0.002240025038231468,17.0,0.07612095028162003,0.004912415889952111,0.0,-0.06600695103406906,0.004259715543584658,0.0,0.022036107257008553,0.001422085812664319,66.0,-0.23840685188770294,0.01538543072772694,0.0,0.002419047988951206,0.00015611168456931276,0.0,0.012738119810819626,0.0008220462557979035,0.0,0.12482105195522308,0.00805524519540097,0.0
0d531e6aed276b84,dos_wisenet-camera_80,wisenet-camera,1,1,detected,0.9991594552993774,1.7642974853515625e-05,0.09300440571573386,0.19078140798956156,104,13.444530963897705,7.0805864334106445,-6.3639445304870605,118,119,13.664398193359375,0.8818230272133032,234.0,0.0885094553232193,0.005711899984592987,67.6,0.3489421606063843,0.022518754798715616,338.0,-0.5131170153617859,0.033113671996244994,3.58,-0.30339765548706055,0.019579569859215544,35.9,0.034710586071014404,0.002240025038231468,17.0,0.07612095028162003,0.004912415889952111,0.0,-0.06600695103406906,0.004259715543584658,0.0,0.022036107257008553,0.001422085812664319,66.0,-0.23840685188770294,0.01538543072772694,0.0,0.002419047988951206,0.00015611168456931276,0.0,0.012738119810819626,0.0008220462557979035,0.0,0.12482105195522308,0.00805524519540097,0.0
5a69e1d5fc72e86c,dos_wisenet-camera_80,wisenet-camera,1,1,detected,0.9991567134857178,1.621246337890625e-05,0.11280219181005569,-3.1301922276616096,102,13.439824104309082,7.077313423156738,-6.362510681152344,116,119,11.904738426208496,0.6139476883623423,234.0,0.09690182656049728,0.0049973926587023355,68.0,-1.0809745788574219,0.05574770483044862,272.0,1.2622191905975342,0.06509479893887514,4.0,0.08742709457874298,0.004508764551994455,35.8,-0.03340199589729309,0.0017225979634029449,29.4,0.2827329635620117,0.01458102170649838,0.0,0.5329294204711914,0.027484080207781324,0.0,-0.29584556818008423,0.015257261116845422,66.0,2.934652328491211,0.15134503159328713,0.0,0.6048732399940491,0.031194345826954906,0.0,0.1873447299003601,0.009661687618097948,0.0,0.086435467004776,0.004457624624769083,0.0
487a63399ff8e715,dos_wisenet-camera_80,wisenet-camera,1,1,detected,0.9991594552993774,1.7642974853515625e-05,0.09300440571573386,0.19078140798956156,104,13.444530963897705,7.0805864334106445,-6.3639445304870605,118,119,13.664398193359375,0.8818230272133032,234.0,0.0885094553232193,0.005711899984592987,67.6,0.3489421606063843,0.022518754798715616,338.0,-0.5131170153617859,0.033113671996244994,3.58,-0.30339765548706055,0.019579569859215544,35.9,0.034710586071014404,0.002240025038231468,17.0,0.07612095028162003,0.004912415889952111,0.0,-0.06600695103406906,0.004259715543584658,0.0,0.022036107257008553,0.001422085812664319,66.0,-0.23840685188770294,0.01538543072772694,0.0,0.002419047988951206,0.00015611168456931276,0.0,0.012738119810819626,0.0008220462557979035,0.0,0.12482105195522308,0.00805524519540097,0.0
726ca2e166eeeb11,dos_wisenet-camera_80,wisenet-camera,1,1,detected,0.9991565942764282,9.5367431640625e-06,0.11263106197303324,-3.1317482963204384,102,13.439749717712402,7.077239036560059,-6.362510681152344,116,119,11.925201416015625,0.6146778772965643,234.0,0.09637123346328735,0.004967401652278095,68.0,-1.0843238830566406,0.055890871733545455,272.0,1.2650755643844604,0.06520761666056663,4.0,0.06477348506450653,0.003338713277503222,35.9,-0.034211769700050354,0.0017634266495107989,29.4,0.2830270230770111,0.014588470558568465,0.0,0.5344454646110535,0.027547694353967464,0.0,-0.29607710242271423,0.015261129643386561,66.0,2.9392049312591553,0.1514996841612763,0.0,0.6041553020477295,0.03114084917018029,0.0,0.18778195977210999,0.009679116721021777,0.0,0.08608392626047134,0.004437148121630616,0.0
0a6fa559f62e92e7,dos_wisenet-camera_80,wisenet-camera,1,0,missed,0.05308049917221069,0.00021600723266601562,0.10833067825006358,-0.922109492123127,104,3.482541084289551,-2.8814034461975098,-6.3639445304870605,118,119,4.668942928314209,0.5833138682420879,255.0,-0.011666178703308105,0.0014575127457141948,71.67,0.4037998914718628,0.050448694770238604,430.0,-1.7864075899124146,0.22318463462244087,5.72,0.18118861317634583,0.022636779343000984,27.6,0.3749536871910095,0.046844797429552665,16.2,0.058640677481889725,0.00732626655401169,0.0,-0.0017935726791620255,0.00022407980425519529,0.0,0.017785340547561646,0.002222009553787131,60.0,0.269394189119339,0.03365673321560185,1.0,0.09070001542568207,0.011331596393420544,0.0,0.01961282454431057,0.0024503260647535693,1.0,0.11928374320268631,0.01490270126113485,1.0
b07c8d232a8180db,dos_wisenet-camera_80,wisenet-camera,1,1,detected,0.9986798167228699,1.33514404296875e-05,0.06882684419184348,-0.6816449165344238,101,12.988981246948242,6.628656387329102,-6.360324859619141,115,119,7.526044845581055,0.4766507385809235,255.0,1.0825331211090088,0.06856060816829797,74.0,-0.4915405511856079,0.03113098201941493,444.0,0.5445526838302612,0.034488425762745835,0.0,0.46918073296546936,0.0297148565394529,11.7,0.44575169682502747,0.02823101374955273,6.1,0.6764597296714783,0.04284256025360796,0.0,0.8675727844238281,0.05494641833168602,0.0,-0.5678561329841614,0.03596431468961176,66.0,1.643019199371338,0.10405815151936186,1.0,0.5912436842918396,0.037445530099980924,0.0,0.4162105917930603,0.026360072262903024,0.0,0.46746712923049927,0.02960632802246059,0.0
5b445329a5dd3d7a,dos_wisenet-camera_80,wisenet-camera,1,1,detected,0.9991594552993774,1.7642974853515625e-05,0.09300440571573386,0.19078140798956156,104,13.444530963897705,7.0805864334106445,-6.3639445304870605,118,119,13.664398193359375,0.8818230272133032,234.0,0.0885094553232193,0.005711899984592987,67.6,0.3489421606063843,0.022518754798715616,338.0,-0.5131170153617859,0.033113671996244994,3.58,-0.30339765548706055,0.019579569859215544,35.9,0.034710586071014404,0.002240025038231468,17.0,0.07612095028162003,0.004912415889952111,0.0,-0.06600695103406906,0.004259715543584658,0.0,0.022036107257008553,0.001422085812664319,66.0,-0.23840685188770294,0.01538543072772694,0.0,0.002419047988951206,0.00015611168456931276,0.0,0.012738119810819626,0.0008220462557979035,0.0,0.12482105195522308,0.00805524519540097,0.0
cfefbbe6fa5b986d,dos_wisenet-camera_80,wisenet-camera,1,1,detected,0.9991594552993774,1.7642974853515625e-05,0.09300440571573386,0.19078140798956156,104,13.444530963897705,7.0805864334106445,-6.3639445304870605,118,119,13.664398193359375,0.8818230272133032,234.0,0.0885094553232193,0.005711899984592987,67.6,0.3489421606063843,0.022518754798715616,338.0,-0.5131170153617859,0.033113671996244994,3.58,-0.30339765548706055,0.019579569859215544,35.9,0.034710586071014404,0.002240025038231468,17.0,0.07612095028162003,0.004912415889952111,0.0,-0.06600695103406906,0.004259715543584658,0.0,0.022036107257008553,0.001422085812664319,66.0,-0.23840685188770294,0.01538543072772694,0.0,0.002419047988951206,0.00015611168456931276,0.0,0.012738119810819626,0.0008220462557979035,0.0,0.12482105195522308,0.00805524519540097,0.0
c44fc39642a181d2,dos_wisenet-camera_80,wisenet-camera,1,1,detected,0.9991594552993774,1.0967254638671875e-05,0.09269903972758,0.18839034624397755,104,13.444549083709717,7.080604553222656,-6.3639445304870605,118,119,13.65446949005127,0.882215573045609,234.0,0.08879393339157104,0.005736977982710653,67.6,0.3476102352142334,0.022459104916487855,338.0,-0.5241978168487549,0.033868432436531454,3.58,-0.27881601452827454,0.01801430881006209,35.8,0.03673400729894638,0.0023733850167605365,17.0,0.07624760270118713,0.004926359281800934,0.0,-0.06788899004459381,0.004386309134845347,0.0,0.021690096706151962,0.0014013976236114233,66.0,-0.23974983394145966,0.015490242026053277,0.0,0.0015732860192656517,0.00010165004418973442,0.0,0.013615447096526623,0.0008796943353446467,0.0,0.12608826160430908,0.008146565345992987,0.0
656f7ed87e437ee4,dos_wisenet-camera_80,wisenet-camera,1,1,detected,0.9991594552993774,1.7642974853515625e-05,0.09300440571573386,0.19078140798956156,104,13.444530963897705,7.0805864334106445,-6.3639445304870605,118,119,13.664398193359375,0.8818230272133032,234.0,0.0885094553232193,0.005711899984592987,67.6,0.3489421606063843,0.022518754798715616,338.0,-0.5131170153617859,0.033113671996244994,3.58,-0.30339765548706055,0.019579569859215544,35.9,0.034710586071014404,0.002240025038231468,17.0,0.07612095028162003,0.004912415889952111,0.0,-0.06600695103406906,0.004259715543584658,0.0,0.022036107257008553,0.001422085812664319,66.0,-0.23840685188770294,0.01538543072772694,0.0,0.002419047988951206,0.00015611168456931276,0.0,0.012738119810819626,0.0008220462557979035,0.0,0.12482105195522308,0.00805524519540097,0.0
6497f73cd126f15f,dos_wisenet-camera_80,wisenet-camera,1,0,missed,0.0012083573965355754,7.748603820800781e-07,0.42414250454468444,-0.6233564667054452,104,-0.35333919525146484,-6.717283725738525,-6.3639445304870605,118,119,0.15532973408699036,0.3693195271482932,254.0,-0.0008686045184731483,0.0020652363304872355,71.67,0.01369619369506836,0.03256473597232364,430.0,-0.06984487175941467,0.1660665626162343,5.72,0.030056945979595184,0.07146485598494061,26.6,0.024759192019701004,0.05886865861863102,15.7,0.0015928582288324833,0.003787257161962472,0.0,0.03281388804316521,0.07801989546452083,0.0,0.001948358491063118,0.004632511868151458,60.0,0.04752688482403755,0.11300223188571762,1.0,0.037576764822006226,0.0893443428420077,0.0,-0.00446485448628664,0.010615855086302025,1.0,-0.00010444311192259192,0.0002483290204278962,1.0
d8f6e92ce4a83b3e,dos_wisenet-camera_80,wisenet-camera,1,1,detected,0.9986798167228699,1.33514404296875e-05,0.06882684419184348,-0.6816449165344238,101,12.988981246948242,6.628656387329102,-6.360324859619141,115,119,7.526044845581055,0.4766507385809235,255.0,1.0825331211090088,0.06856060816829797,74.0,-0.4915405511856079,0.03113098201941493,444.0,0.5445526838302612,0.034488425762745835,0.0,0.46918073296546936,0.0297148565394529,11.7,0.44575169682502747,0.02823101374955273,6.1,0.6764597296714783,0.04284256025360796,0.0,0.8675727844238281,0.05494641833168602,0.0,-0.5678561329841614,0.03596431468961176,66.0,1.643019199371338,0.10405815151936186,1.0,0.5912436842918396,0.037445530099980924,0.0,0.4162105917930603,0.026360072262903024,0.0,0.46746712923049927,0.02960632802246059,0.0
d31f583575693f06,dos_wisenet-camera_80,wisenet-camera,1,1,detected,0.9991594552993774,1.7642974853515625e-05,0.09300440571573386,0.19078140798956156,104,13.444530963897705,7.0805864334106445,-6.3639445304870605,118,119,13.664398193359375,0.8818230272133032,234.0,0.0885094553232193,0.005711899984592987,67.6,0.3489421606063843,0.022518754798715616,338.0,-0.5131170153617859,0.033113671996244994,3.58,-0.30339765548706055,0.019579569859215544,35.9,0.034710586071014404,0.002240025038231468,17.0,0.07612095028162003,0.004912415889952111,0.0,-0.06600695103406906,0.004259715543584658,0.0,0.022036107257008553,0.001422085812664319,66.0,-0.23840685188770294,0.01538543072772694,0.0,0.002419047988951206,0.00015611168456931276,0.0,0.012738119810819626,0.0008220462557979035,0.0,0.12482105195522308,0.00805524519540097,0.0
f8fa0fc6f2020cab,dos_wisenet-camera_80,wisenet-camera,1,1,detected,0.9991594552993774,1.7642974853515625e-05,0.09300440571573386,0.19078140798956156,104,13.444530963897705,7.0805864334106445,-6.3639445304870605,118,119,13.664398193359375,0.8818230272133032,234.0,0.0885094553232193,0.005711899984592987,67.6,0.3489421606063843,0.022518754798715616,338.0,-0.5131170153617859,0.033113671996244994,3.58,-0.30339765548706055,0.019579569859215544,35.9,0.034710586071014404,0.002240025038231468,17.0,0.07612095028162003,0.004912415889952111,0.0,-0.06600695103406906,0.004259715543584658,0.0,0.022036107257008553,0.001422085812664319,66.0,-0.23840685188770294,0.01538543072772694,0.0,0.002419047988951206,0.00015611168456931276,0.0,0.012738119810819626,0.0008220462557979035,0.0,0.12482105195522308,0.00805524519540097,0.0
348d4fb968491ebd,dos_wisenet-camera_80,wisenet-camera,1,1,detected,0.9986798167228699,1.33514404296875e-05,0.06882684419184348,-0.6816449165344238,101,12.988981246948242,6.628656387329102,-6.360324859619141,115,119,7.526044845581055,0.4766507385809235,255.0,1.0825331211090088,0.06856060816829797,74.0,-0.4915405511856079,0.03113098201941493,444.0,0.5445526838302612,0.034488425762745835,0.0,0.46918073296546936,0.0297148565394529,11.7,0.44575169682502747,0.02823101374955273,6.1,0.6764597296714783,0.04284256025360796,0.0,0.8675727844238281,0.05494641833168602,0.0,-0.5678561329841614,0.03596431468961176,66.0,1.643019199371338,0.10405815151936186,1.0,0.5912436842918396,0.037445530099980924,0.0,0.4162105917930603,0.026360072262903024,0.0,0.46746712923049927,0.02960632802246059,0.0
ddf071ea5f25411e,dos_wisenet-camera_80,wisenet-camera,1,1,detected,0.9991594552993774,1.7642974853515625e-05,0.09300440571573386,0.19078140798956156,104,13.444530963897705,7.0805864334106445,-6.3639445304870605,118,119,13.664398193359375,0.8818230272133032,234.0,0.0885094553232193,0.005711899984592987,67.6,0.3489421606063843,0.022518754798715616,338.0,-0.5131170153617859,0.033113671996244994,3.58,-0.30339765548706055,0.019579569859215544,35.9,0.034710586071014404,0.002240025038231468,17.0,0.07612095028162003,0.004912415889952111,0.0,-0.06600695103406906,0.004259715543584658,0.0,0.022036107257008553,0.001422085812664319,66.0,-0.23840685188770294,0.01538543072772694,0.0,0.002419047988951206,0.00015611168456931276,0.0,0.012738119810819626,0.0008220462557979035,0.0,0.12482105195522308,0.00805524519540097,0.0
d0ebd856af92cb00,dos_wisenet-camera_80,wisenet-camera,1,1,detected,0.9991594552993774,1.0967254638671875e-05,0.09269903972758,0.18839034624397755,104,13.444549083709717,7.080604553222656,-6.3639445304870605,118,119,13.65446949005127,0.882215573045609,234.0,0.08879393339157104,0.005736977982710653,67.6,0.3476102352142334,0.022459104916487855,338.0,-0.5241978168487549,0.033868432436531454,3.58,-0.27881601452827454,0.01801430881006209,35.8,0.03673400729894638,0.0023733850167605365,17.0,0.07624760270118713,0.004926359281800934,0.0,-0.06788899004459381,0.004386309134845347,0.0,0.021690096706151962,0.0014013976236114233,66.0,-0.23974983394145966,0.015490242026053277,0.0,0.0015732860192656517,0.00010165004418973442,0.0,0.013615447096526623,0.0008796943353446467,0.0,0.12608826160430908,0.008146565345992987,0.0
0e61e38592703d5b,dos_wisenet-camera_80,wisenet-camera,1,1,detected,0.9991594552993774,1.0967254638671875e-05,0.09269903972758,0.18839034624397755,104,13.444549083709717,7.080604553222656,-6.3639445304870605,118,119,13.65446949005127,0.882215573045609,234.0,0.08879393339157104,0.005736977982710653,67.6,0.3476102352142334,0.022459104916487855,338.0,-0.5241978168487549,0.033868432436531454,3.58,-0.27881601452827454,0.01801430881006209,35.8,0.03673400729894638,0.0023733850167605365,17.0,0.07624760270118713,0.004926359281800934,0.0,-0.06788899004459381,0.004386309134845347,0.0,0.021690096706151962,0.0014013976236114233,66.0,-0.23974983394145966,0.015490242026053277,0.0,0.0015732860192656517,0.00010165004418973442,0.0,0.013615447096526623,0.0008796943353446467,0.0,0.12608826160430908,0.008146565345992987,0.0
bbc97fded5399fe5,dos_wisenet-camera_80,wisenet-camera,1,1,detected,0.9991594552993774,1.0967254638671875e-05,0.09269903972758,0.18839034624397755,104,13.444549083709717,7.080604553222656,-6.3639445304870605,118,119,13.65446949005127,0.882215573045609,234.0,0.08879393339157104,0.005736977982710653,67.6,0.3476102352142334,0.022459104916487855,338.0,-0.5241978168487549,0.033868432436531454,3.58,-0.27881601452827454,0.01801430881006209,35.8,0.03673400729894638,0.0023733850167605365,17.0,0.07624760270118713,0.004926359281800934,0.0,-0.06788899004459381,0.004386309134845347,0.0,0.021690096706151962,0.0014013976236114233,66.0,-0.23974983394145966,0.015490242026053277,0.0,0.0015732860192656517,0.00010165004418973442,0.0,0.013615447096526623,0.0008796943353446467,0.0,0.12608826160430908,0.008146565345992987,0.0
1b9b80c856ba47da,dos_wisenet-camera_80,wisenet-camera,1,0,missed,0.0034597720950841904,7.808208465576172e-06,0.26311278998003834,-0.9681276045739651,101,0.6972379684448242,-5.663086891174316,-6.360324859619141,115,119,0.6022124886512756,0.2826044053213691,254.0,0.22064514458179474,0.10354366780276754,74.0,-0.07076019048690796,0.03320612230703705,444.0,0.006546836346387863,0.0030722790165825424,0.0,0.07035557180643082,0.03301624411000023,11.7,0.12074020504951477,0.056660588229941564,6.1,0.042801450937986374,0.020085731892262,0.0,0.1442398875951767,0.06768844623058065,0.0,-0.1620221585035324,0.07603325506470861,66.0,0.5089331865310669,0.23883058428435816,1.0,0.11616600304841995,0.05451402092903031,0.0,0.007399965077638626,0.003472632616518111,0.0,0.05811499059200287,0.027272022194844165,0.0
761076dc18ea71a6,dos_wisenet-camera_80,wisenet-camera,1,1,detected,0.9991594552993774,1.7642974853515625e-05,0.09300440571573386,0.19078140798956156,104,13.444530963897705,7.0805864334106445,-6.3639445304870605,118,119,13.664398193359375,0.8818230272133032,234.0,0.0885094553232193,0.005711899984592987,67.6,0.3489421606063843,0.022518754798715616,338.0,-0.5131170153617859,0.033113671996244994,3.58,-0.30339765548706055,0.019579569859215544,35.9,0.034710586071014404,0.002240025038231468,17.0,0.07612095028162003,0.004912415889952111,0.0,-0.06600695103406906,0.004259715543584658,0.0,0.022036107257008553,0.001422085812664319,66.0,-0.23840685188770294,0.01538543072772694,0.0,0.002419047988951206,0.00015611168456931276,0.0,0.012738119810819626,0.0008220462557979035,0.0,0.12482105195522308,0.00805524519540097,0.0
0ebb479b6c87f32c,dos_wisenet-camera_80,wisenet-camera,1,1,detected,0.9991594552993774,1.7642974853515625e-05,0.09300440571573386,0.19078140798956156,104,13.444530963897705,7.0805864334106445,-6.3639445304870605,118,119,13.664398193359375,0.8818230272133032,234.0,0.0885094553232193,0.005711899984592987,67.6,0.3489421606063843,0.022518754798715616,338.0,-0.5131170153617859,0.033113671996244994,3.58,-0.30339765548706055,0.019579569859215544,35.9,0.034710586071014404,0.002240025038231468,17.0,0.07612095028162003,0.004912415889952111,0.0,-0.06600695103406906,0.004259715543584658,0.0,0.022036107257008553,0.001422085812664319,66.0,-0.23840685188770294,0.01538543072772694,0.0,0.002419047988951206,0.00015611168456931276,0.0,0.012738119810819626,0.0008220462557979035,0.0,0.12482105195522308,0.00805524519540097,0.0
4b7342a664a0bfa7,dos_wisenet-camera_80,wisenet-camera,1,0,missed,0.0034597720950841904,7.808208465576172e-06,0.26311278998003834,-0.9681276045739651,101,0.6972379684448242,-5.663086891174316,-6.360324859619141,115,119,0.6022124886512756,0.2826044053213691,254.0,0.22064514458179474,0.10354366780276754,74.0,-0.07076019048690796,0.03320612230703705,444.0,0.006546836346387863,0.0030722790165825424,0.0,0.07035557180643082,0.03301624411000023,11.7,0.12074020504951477,0.056660588229941564,6.1,0.042801450937986374,0.020085731892262,0.0,0.1442398875951767,0.06768844623058065,0.0,-0.1620221585035324,0.07603325506470861,66.0,0.5089331865310669,0.23883058428435816,1.0,0.11616600304841995,0.05451402092903031,0.0,0.007399965077638626,0.003472632616518111,0.0,0.05811499059200287,0.027272022194844165,0.0
fc0283af9327ae5c,dos_wisenet-camera_80,wisenet-camera,1,1,detected,0.9986798167228699,1.33514404296875e-05,0.06882684419184348,-0.6816449165344238,101,12.988981246948242,6.628656387329102,-6.360324859619141,115,119,7.526044845581055,0.4766507385809235,255.0,1.0825331211090088,0.06856060816829797,74.0,-0.4915405511856079,0.03113098201941493,444.0,0.5445526838302612,0.034488425762745835,0.0,0.46918073296546936,0.0297148565394529,11.7,0.44575169682502747,0.02823101374955273,6.1,0.6764597296714783,0.04284256025360796,0.0,0.8675727844238281,0.05494641833168602,0.0,-0.5678561329841614,0.03596431468961176,66.0,1.643019199371338,0.10405815151936186,1.0,0.5912436842918396,0.037445530099980924,0.0,0.4162105917930603,0.026360072262903024,0.0,0.46746712923049927,0.02960632802246059,0.0
f2f054a68d40cc06,dos_wisenet-camera_80,wisenet-camera,1,1,detected,0.9991567134857178,1.621246337890625e-05,0.11280219181005569,-3.1301922276616096,102,13.439824104309082,7.077313423156738,-6.362510681152344,116,119,11.904738426208496,0.6139476883623423,234.0,0.09690182656049728,0.0049973926587023355,68.0,-1.0809745788574219,0.05574770483044862,272.0,1.2622191905975342,0.06509479893887514,4.0,0.08742709457874298,0.004508764551994455,35.8,-0.03340199589729309,0.0017225979634029449,29.4,0.2827329635620117,0.01458102170649838,0.0,0.5329294204711914,0.027484080207781324,0.0,-0.29584556818008423,0.015257261116845422,66.0,2.934652328491211,0.15134503159328713,0.0,0.6048732399940491,0.031194345826954906,0.0,0.1873447299003601,0.009661687618097948,0.0,0.086435467004776,0.004457624624769083,0.0
eca4451970fc415c,dos_wisenet-camera_80,wisenet-camera,1,1,detected,0.9991594552993774,1.7642974853515625e-05,0.09300440571573386,0.19078140798956156,104,13.444530963897705,7.0805864334106445,-6.3639445304870605,118,119,13.664398193359375,0.8818230272133032,234.0,0.0885094553232193,0.005711899984592987,67.6,0.3489421606063843,0.022518754798715616,338.0,-0.5131170153617859,0.033113671996244994,3.58,-0.30339765548706055,0.019579569859215544,35.9,0.034710586071014404,0.002240025038231468,17.0,0.07612095028162003,0.004912415889952111,0.0,-0.06600695103406906,0.004259715543584658,0.0,0.022036107257008553,0.001422085812664319,66.0,-0.23840685188770294,0.01538543072772694,0.0,0.002419047988951206,0.00015611168456931276,0.0,0.012738119810819626,0.0008220462557979035,0.0,0.12482105195522308,0.00805524519540097,0.0
f3308bf361b6f9e1,dos_wisenet-camera_80,wisenet-camera,1,1,detected,0.9991567134857178,1.621246337890625e-05,0.11280219181005569,-3.1301922276616096,102,13.439824104309082,7.077313423156738,-6.362510681152344,116,119,11.904738426208496,0.6139476883623423,234.0,0.09690182656049728,0.0049973926587023355,68.0,-1.0809745788574219,0.05574770483044862,272.0,1.2622191905975342,0.06509479893887514,4.0,0.08742709457874298,0.004508764551994455,35.8,-0.03340199589729309,0.0017225979634029449,29.4,0.2827329635620117,0.01458102170649838,0.0,0.5329294204711914,0.027484080207781324,0.0,-0.29584556818008423,0.015257261116845422,66.0,2.934652328491211,0.15134503159328713,0.0,0.6048732399940491,0.031194345826954906,0.0,0.1873447299003601,0.009661687618097948,0.0,0.086435467004776,0.004457624624769083,0.0
fbc01c94b1d4d0ba,dos_wisenet-camera_80,wisenet-camera,1,1,detected,0.9986798167228699,1.33514404296875e-05,0.06882684419184348,-0.6816449165344238,101,12.988981246948242,6.628656387329102,-6.360324859619141,115,119,7.526044845581055,0.4766507385809235,255.0,1.0825331211090088,0.06856060816829797,74.0,-0.4915405511856079,0.03113098201941493,444.0,0.5445526838302612,0.034488425762745835,0.0,0.46918073296546936,0.0297148565394529,11.7,0.44575169682502747,0.02823101374955273,6.1,0.6764597296714783,0.04284256025360796,0.0,0.8675727844238281,0.05494641833168602,0.0,-0.5678561329841614,0.03596431468961176,66.0,1.643019199371338,0.10405815151936186,1.0,0.5912436842918396,0.037445530099980924,0.0,0.4162105917930603,0.026360072262903024,0.0,0.46746712923049927,0.02960632802246059,0.0
c461286c9f858bb7,dos_wisenet-camera_80,wisenet-camera,1,1,detected,0.9991594552993774,1.0967254638671875e-05,0.09269903972758,0.18839034624397755,104,13.444549083709717,7.080604553222656,-6.3639445304870605,118,119,13.65446949005127,0.882215573045609,234.0,0.08879393339157104,0.005736977982710653,67.6,0.3476102352142334,0.022459104916487855,338.0,-0.5241978168487549,0.033868432436531454,3.58,-0.27881601452827454,0.01801430881006209,35.8,0.03673400729894638,0.0023733850167605365,17.0,0.07624760270118713,0.004926359281800934,0.0,-0.06788899004459381,0.004386309134845347,0.0,0.021690096706151962,0.0014013976236114233,66.0,-0.23974983394145966,0.015490242026053277,0.0,0.0015732860192656517,0.00010165004418973442,0.0,0.013615447096526623,0.0008796943353446467,0.0,0.12608826160430908,0.008146565345992987,0.0
1a01f3ed56be4776,dos_wisenet-camera_80,wisenet-camera,1,1,detected,0.9991594552993774,1.7642974853515625e-05,0.09300440571573386,0.19078140798956156,104,13.444530963897705,7.0805864334106445,-6.3639445304870605,118,119,13.664398193359375,0.8818230272133032,234.0,0.0885094553232193,0.005711899984592987,67.6,0.3489421606063843,0.022518754798715616,338.0,-0.5131170153617859,0.033113671996244994,3.58,-0.30339765548706055,0.019579569859215544,35.9,0.034710586071014404,0.002240025038231468,17.0,0.07612095028162003,0.004912415889952111,0.0,-0.06600695103406906,0.004259715543584658,0.0,0.022036107257008553,0.001422085812664319,66.0,-0.23840685188770294,0.01538543072772694,0.0,0.002419047988951206,0.00015611168456931276,0.0,0.012738119810819626,0.0008220462557979035,0.0,0.12482105195522308,0.00805524519540097,0.0
6864815a323f55cd,dos_wisenet-camera_80,wisenet-camera,1,1,detected,0.9987527132034302,0.00021982192993164062,0.05059428935609071,-0.7241468094289303,100,13.046019077301025,6.685520648956299,-6.360498428344727,114,119,7.163229942321777,0.45157676228909854,255.0,1.1130709648132324,0.07016904197346564,74.0,-0.6526832580566406,0.04114576732098965,370.0,1.1979084014892578,0.07551727388610037,0.0,0.015086140483617783,0.0009510445050466299,11.7,0.5926319360733032,0.03736007542351217,3.1,0.43157875537872314,0.027207131223755437,0.0,0.8727399706840515,0.055018349746573464,0.0,-0.3934774696826935,0.024805190287584922,66.0,1.8137456178665161,0.11434023203598702,1.0,0.8301762342453003,0.052335091712599494,0.0,0.44388577342033386,0.027982977232527108,0.0,0.3424926996231079,0.02159106236275953,0.0
28f963800c6c7922,dos_wisenet-camera_80,wisenet-camera,1,1,detected,0.9986792206764221,5.7220458984375e-06,0.06822877436637964,-0.6934186816215515,101,12.988574028015137,6.628249168395996,-6.360324859619141,115,119,7.553776264190674,0.4763207829586255,255.0,1.092855453491211,0.06891252097778541,74.0,-0.49293792247772217,0.031083337521877665,444.0,0.5608363151550293,0.03536482726032867,0.0,0.4001111090183258,0.02522992872075384,23.4,0.4545982778072357,0.02866574280777764,6.1,0.6800932884216309,0.04288485074168468,0.0,0.8732250332832336,0.055063218316952066,0.0,-0.59535813331604,0.03754168011915103,66.0,1.6682584285736084,0.10519588257366068,1.0,0.5967703461647034,0.0376307304571877,0.0,0.42100656032562256,0.026547539592305356,0.0,0.46876341104507446,0.02955895795190973,0.0
b5e36c7f82483581,dos_wisenet-camera_80,wisenet-camera,1,1,detected,0.9991594552993774,1.7642974853515625e-05,0.09300440571573386,0.19078140798956156,104,13.444530963897705,7.0805864334106445,-6.3639445304870605,118,119,13.664398193359375,0.8818230272133032,234.0,0.0885094553232193,0.005711899984592987,67.6,0.3489421606063843,0.022518754798715616,338.0,-0.5131170153617859,0.033113671996244994,3.58,-0.30339765548706055,0.019579569859215544,35.9,0.034710586071014404,0.002240025038231468,17.0,0.07612095028162003,0.004912415889952111,0.0,-0.06600695103406906,0.004259715543584658,0.0,0.022036107257008553,0.001422085812664319,66.0,-0.23840685188770294,0.01538543072772694,0.0,0.002419047988951206,0.00015611168456931276,0.0,0.012738119810819626,0.0008220462557979035,0.0,0.12482105195522308,0.00805524519540097,0.0
2200373ab6bb7c90,dos_wisenet-camera_80,wisenet-camera,1,0,missed,0.0035248720087110996,4.172325134277344e-07,0.260891299802219,-0.9632554464042187,101,0.7159452438354492,-5.644379615783691,-6.360324859619141,115,119,0.6044191122055054,0.2801184146402048,254.0,0.2303730845451355,0.10676654975896284,74.0,-0.07415524125099182,0.03436729282218178,444.0,0.005968600511550903,0.002766151630803984,0.0,0.06685048341751099,0.030981898246919652,22.3,0.12558937072753906,0.058204472217115895,6.1,0.04395487159490585,0.020370912663483856,0.0,0.1461516171693802,0.06773405815908284,0.0,-0.16510820388793945,0.07651950010054635,66.0,0.5136234164237976,0.23803909278401778,1.0,0.11463728547096252,0.0531287214721039,0.0,0.008070912212133408,0.003740469300041578,0.0,0.05882496386766434,0.027262466204534715,0.0
5f5de4d78eb8b89c,dos_wisenet-camera_80,wisenet-camera,1,0,missed,0.05308049917221069,0.00021600723266601562,0.10833067825006358,-0.922109492123127,104,3.482541084289551,-2.8814034461975098,-6.3639445304870605,118,119,4.668942928314209,0.5833138682420879,255.0,-0.011666178703308105,0.0014575127457141948,71.67,0.4037998914718628,0.050448694770238604,430.0,-1.7864075899124146,0.22318463462244087,5.72,0.18118861317634583,0.022636779343000984,27.6,0.3749536871910095,0.046844797429552665,16.2,0.058640677481889725,0.00732626655401169,0.0,-0.0017935726791620255,0.00022407980425519529,0.0,0.017785340547561646,0.002222009553787131,60.0,0.269394189119339,0.03365673321560185,1.0,0.09070001542568207,0.011331596393420544,0.0,0.01961282454431057,0.0024503260647535693,1.0,0.11928374320268631,0.01490270126113485,1.0
5f5e33252bc0d96b,dos_wisenet-camera_80,wisenet-camera,1,1,detected,0.9986798167228699,1.33514404296875e-05,0.06882684419184348,-0.6816449165344238,101,12.988981246948242,6.628656387329102,-6.360324859619141,115,119,7.526044845581055,0.4766507385809235,255.0,1.0825331211090088,0.06856060816829797,74.0,-0.4915405511856079,0.03113098201941493,444.0,0.5445526838302612,0.034488425762745835,0.0,0.46918073296546936,0.0297148565394529,11.7,0.44575169682502747,0.02823101374955273,6.1,0.6764597296714783,0.04284256025360796,0.0,0.8675727844238281,0.05494641833168602,0.0,-0.5678561329841614,0.03596431468961176,66.0,1.643019199371338,0.10405815151936186,1.0,0.5912436842918396,0.037445530099980924,0.0,0.4162105917930603,0.026360072262903024,0.0,0.46746712923049927,0.02960632802246059,0.0
c306417b07ff8864,dos_wisenet-camera_80,wisenet-camera,1,0,missed,0.0012083573965355754,7.748603820800781e-07,0.42414250454468444,-0.6233564667054452,104,-0.35333919525146484,-6.717283725738525,-6.3639445304870605,118,119,0.15532973408699036,0.3693195271482932,254.0,-0.0008686045184731483,0.0020652363304872355,71.67,0.01369619369506836,0.03256473597232364,430.0,-0.06984487175941467,0.1660665626162343,5.72,0.030056945979595184,0.07146485598494061,26.6,0.024759192019701004,0.05886865861863102,15.7,0.0015928582288324833,0.003787257161962472,0.0,0.03281388804316521,0.07801989546452083,0.0,0.001948358491063118,0.004632511868151458,60.0,0.04752688482403755,0.11300223188571762,1.0,0.037576764822006226,0.0893443428420077,0.0,-0.00446485448628664,0.010615855086302025,1.0,-0.00010444311192259192,0.0002483290204278962,1.0
36a96aab928bcc88,dos_wisenet-camera_80,wisenet-camera,1,1,detected,0.9991594552993774,1.7642974853515625e-05,0.09300440571573386,0.19078140798956156,104,13.444530963897705,7.0805864334106445,-6.3639445304870605,118,119,13.664398193359375,0.8818230272133032,234.0,0.0885094553232193,0.005711899984592987,67.6,0.3489421606063843,0.022518754798715616,338.0,-0.5131170153617859,0.033113671996244994,3.58,-0.30339765548706055,0.019579569859215544,35.9,0.034710586071014404,0.002240025038231468,17.0,0.07612095028162003,0.004912415889952111,0.0,-0.06600695103406906,0.004259715543584658,0.0,0.022036107257008553,0.001422085812664319,66.0,-0.23840685188770294,0.01538543072772694,0.0,0.002419047988951206,0.00015611168456931276,0.0,0.012738119810819626,0.0008220462557979035,0.0,0.12482105195522308,0.00805524519540097,0.0
65911cfa1045338c,dos_wisenet-camera_80,wisenet-camera,1,1,detected,0.9986798167228699,1.33514404296875e-05,0.06882684419184348,-0.6816449165344238,101,12.988981246948242,6.628656387329102,-6.360324859619141,115,119,7.526044845581055,0.4766507385809235,255.0,1.0825331211090088,0.06856060816829797,74.0,-0.4915405511856079,0.03113098201941493,444.0,0.5445526838302612,0.034488425762745835,0.0,0.46918073296546936,0.0297148565394529,11.7,0.44575169682502747,0.02823101374955273,6.1,0.6764597296714783,0.04284256025360796,0.0,0.8675727844238281,0.05494641833168602,0.0,-0.5678561329841614,0.03596431468961176,66.0,1.643019199371338,0.10405815151936186,1.0,0.5912436842918396,0.037445530099980924,0.0,0.4162105917930603,0.026360072262903024,0.0,0.46746712923049927,0.02960632802246059,0.0
82790b6ed257960c,dos_wisenet-camera_80,wisenet-camera,1,1,detected,0.9986805319786072,1.33514404296875e-05,0.068687970154215,-0.6932337880134583,101,12.989511489868164,6.629186630249023,-6.360324859619141,115,119,7.513364791870117,0.47310747009971615,255.0,1.1227824687957764,0.07070025055339627,74.0,-0.49484992027282715,0.031160099415464486,444.0,0.5488534569740295,0.03456063663585727,0.0,0.45628079771995544,0.02873144853793759,22.3,0.44773897528648376,0.028193580337272876,6.1,0.6790369153022766,0.042758131143930865,0.0,0.8685705661773682,0.0546928353075441,0.0,-0.6042127013206482,0.038046541122725895,66.0,1.6695562601089478,0.10512993316443013,1.0,0.5869055390357971,0.03695673010063215,0.0,0.4200621545314789,0.026450804495752146,0.0,0.4686693251132965,0.02951153908534009,0.0
bbd7f759f5947c33,dos_wisenet-camera_80,wisenet-camera,1,1,detected,0.9991594552993774,1.7642974853515625e-05,0.09300440571573386,0.19078140798956156,104,13.444530963897705,7.0805864334106445,-6.3639445304870605,118,119,13.664398193359375,0.8818230272133032,234.0,0.0885094553232193,0.005711899984592987,67.6,0.3489421606063843,0.022518754798715616,338.0,-0.5131170153617859,0.033113671996244994,3.58,-0.30339765548706055,0.019579569859215544,35.9,0.034710586071014404,0.002240025038231468,17.0,0.07612095028162003,0.004912415889952111,0.0,-0.06600695103406906,0.004259715543584658,0.0,0.022036107257008553,0.001422085812664319,66.0,-0.23840685188770294,0.01538543072772694,0.0,0.002419047988951206,0.00015611168456931276,0.0,0.012738119810819626,0.0008220462557979035,0.0,0.12482105195522308,0.00805524519540097,0.0
7bec7ba27ad0be95,dos_wisenet-camera_80,wisenet-camera,1,0,missed,0.0034597720950841904,7.808208465576172e-06,0.26311278998003834,-0.9681276045739651,101,0.6972379684448242,-5.663086891174316,-6.360324859619141,115,119,0.6022124886512756,0.2826044053213691,254.0,0.22064514458179474,0.10354366780276754,74.0,-0.07076019048690796,0.03320612230703705,444.0,0.006546836346387863,0.0030722790165825424,0.0,0.07035557180643082,0.03301624411000023,11.7,0.12074020504951477,0.056660588229941564,6.1,0.042801450937986374,0.020085731892262,0.0,0.1442398875951767,0.06768844623058065,0.0,-0.1620221585035324,0.07603325506470861,66.0,0.5089331865310669,0.23883058428435816,1.0,0.11616600304841995,0.05451402092903031,0.0,0.007399965077638626,0.003472632616518111,0.0,0.05811499059200287,0.027272022194844165,0.0
277fac65b68357b5,dos_wisenet-camera_80,wisenet-camera,1,1,detected,0.9986798167228699,1.33514404296875e-05,0.06882684419184348,-0.6816449165344238,101,12.988981246948242,6.628656387329102,-6.360324859619141,115,119,7.526044845581055,0.4766507385809235,255.0,1.0825331211090088,0.06856060816829797,74.0,-0.4915405511856079,0.03113098201941493,444.0,0.5445526838302612,0.034488425762745835,0.0,0.46918073296546936,0.0297148565394529,11.7,0.44575169682502747,0.02823101374955273,6.1,0.6764597296714783,0.04284256025360796,0.0,0.8675727844238281,0.05494641833168602,0.0,-0.5678561329841614,0.03596431468961176,66.0,1.643019199371338,0.10405815151936186,1.0,0.5912436842918396,0.037445530099980924,0.0,0.4162105917930603,0.026360072262903024,0.0,0.46746712923049927,0.02960632802246059,0.0
499af7b32f7abff5,dos_wisenet-camera_80,wisenet-camera,1,1,detected,0.9986805319786072,1.33514404296875e-05,0.068687970154215,-0.6932337880134583,101,12.989511489868164,6.629186630249023,-6.360324859619141,115,119,7.513364791870117,0.47310747009971615,255.0,1.1227824687957764,0.07070025055339627,74.0,-0.49484992027282715,0.031160099415464486,444.0,0.5488534569740295,0.03456063663585727,0.0,0.45628079771995544,0.02873144853793759,22.3,0.44773897528648376,0.028193580337272876,6.1,0.6790369153022766,0.042758131143930865,0.0,0.8685705661773682,0.0546928353075441,0.0,-0.6042127013206482,0.038046541122725895,66.0,1.6695562601089478,0.10512993316443013,1.0,0.5869055390357971,0.03695673010063215,0.0,0.4200621545314789,0.026450804495752146,0.0,0.4686693251132965,0.02951153908534009,0.0
57e910a6998507d3,dos_wisenet-camera_80,wisenet-camera,1,1,detected,0.9991594552993774,1.7642974853515625e-05,0.09300440571573386,0.19078140798956156,104,13.444530963897705,7.0805864334106445,-6.3639445304870605,118,119,13.664398193359375,0.8818230272133032,234.0,0.0885094553232193,0.005711899984592987,67.6,0.3489421606063843,0.022518754798715616,338.0,-0.5131170153617859,0.033113671996244994,3.58,-0.30339765548706055,0.019579569859215544,35.9,0.034710586071014404,0.002240025038231468,17.0,0.07612095028162003,0.004912415889952111,0.0,-0.06600695103406906,0.004259715543584658,0.0,0.022036107257008553,0.001422085812664319,66.0,-0.23840685188770294,0.01538543072772694,0.0,0.002419047988951206,0.00015611168456931276,0.0,0.012738119810819626,0.0008220462557979035,0.0,0.12482105195522308,0.00805524519540097,0.0
afd6920a58ac8daf,dos_wisenet-camera_80,wisenet-camera,1,0,missed,0.0013224611757323146,2.446770668029785e-05,0.3852857229472525,-0.9215246476233006,100,-0.26643848419189453,-6.626936912536621,-6.360498428344727,114,119,0.052752941846847534,0.053728728231665995,264.0,0.07211253046989441,0.07344641675080775,74.0,0.0006418675184249878,0.0006537403270951595,370.0,0.03481240198016167,0.03545633702313404,0.0,0.09588649868965149,0.0976601389196298,6.4,0.091756172478199,0.09345341287262511,3.1,-0.01331455260515213,0.013560835726002063,0.0,0.10262546688318253,0.1045237597520613,0.0,-0.08112040162086487,0.08262090909327184,66.0,0.25603291392326355,0.26076882859882866,1.0,0.11182937771081924,0.11389791797364933,0.0,-0.031783558428287506,0.03237146807824494,0.0,-0.037169963121414185,0.03785750665298403,0.0
c9644a7eecbd89c2,dos_wisenet-camera_80,wisenet-camera,1,1,detected,0.9991567134857178,1.621246337890625e-05,0.11280219181005569,-3.1301922276616096,102,13.439824104309082,7.077313423156738,-6.362510681152344,116,119,11.904738426208496,0.6139476883623423,234.0,0.09690182656049728,0.0049973926587023355,68.0,-1.0809745788574219,0.05574770483044862,272.0,1.2622191905975342,0.06509479893887514,4.0,0.08742709457874298,0.004508764551994455,35.8,-0.03340199589729309,0.0017225979634029449,29.4,0.2827329635620117,0.01458102170649838,0.0,0.5329294204711914,0.027484080207781324,0.0,-0.29584556818008423,0.015257261116845422,66.0,2.934652328491211,0.15134503159328713,0.0,0.6048732399940491,0.031194345826954906,0.0,0.1873447299003601,0.009661687618097948,0.0,0.086435467004776,0.004457624624769083,0.0
3bfd2630fa52749b,dos_wisenet-camera_80,wisenet-camera,1,0,missed,0.05308049917221069,0.00021600723266601562,0.10833067825006358,-0.922109492123127,104,3.482541084289551,-2.8814034461975098,-6.3639445304870605,118,119,4.668942928314209,0.5833138682420879,255.0,-0.011666178703308105,0.0014575127457141948,71.67,0.4037998914718628,0.050448694770238604,430.0,-1.7864075899124146,0.22318463462244087,5.72,0.18118861317634583,0.022636779343000984,27.6,0.3749536871910095,0.046844797429552665,16.2,0.058640677481889725,0.00732626655401169,0.0,-0.0017935726791620255,0.00022407980425519529,0.0,0.017785340547561646,0.002222009553787131,60.0,0.269394189119339,0.03365673321560185,1.0,0.09070001542568207,0.011331596393420544,0.0,0.01961282454431057,0.0024503260647535693,1.0,0.11928374320268631,0.01490270126113485,1.0
1d57973ba45d214c,dos_wisenet-camera_80,wisenet-camera,1,0,missed,0.0034597720950841904,7.808208465576172e-06,0.26311278998003834,-0.9681276045739651,101,0.6972379684448242,-5.663086891174316,-6.360324859619141,115,119,0.6022124886512756,0.2826044053213691,254.0,0.22064514458179474,0.10354366780276754,74.0,-0.07076019048690796,0.03320612230703705,444.0,0.006546836346387863,0.0030722790165825424,0.0,0.07035557180643082,0.03301624411000023,11.7,0.12074020504951477,0.056660588229941564,6.1,0.042801450937986374,0.020085731892262,0.0,0.1442398875951767,0.06768844623058065,0.0,-0.1620221585035324,0.07603325506470861,66.0,0.5089331865310669,0.23883058428435816,1.0,0.11616600304841995,0.05451402092903031,0.0,0.007399965077638626,0.003472632616518111,0.0,0.05811499059200287,0.027272022194844165,0.0
6fc9eb20ba68f8fa,dos_wisenet-camera_80,wisenet-camera,1,1,detected,0.9991594552993774,1.7642974853515625e-05,0.09300440571573386,0.19078140798956156,104,13.444530963897705,7.0805864334106445,-6.3639445304870605,118,119,13.664398193359375,0.8818230272133032,234.0,0.0885094553232193,0.005711899984592987,67.6,0.3489421606063843,0.022518754798715616,338.0,-0.5131170153617859,0.033113671996244994,3.58,-0.30339765548706055,0.019579569859215544,35.9,0.034710586071014404,0.002240025038231468,17.0,0.07612095028162003,0.004912415889952111,0.0,-0.06600695103406906,0.004259715543584658,0.0,0.022036107257008553,0.001422085812664319,66.0,-0.23840685188770294,0.01538543072772694,0.0,0.002419047988951206,0.00015611168456931276,0.0,0.012738119810819626,0.0008220462557979035,0.0,0.12482105195522308,0.00805524519540097,0.0
7e851dcf8cabd910,dos_wisenet-camera_80,wisenet-camera,1,1,detected,0.9991567134857178,1.621246337890625e-05,0.11280219181005569,-3.1301922276616096,102,13.439824104309082,7.077313423156738,-6.362510681152344,116,119,11.904738426208496,0.6139476883623423,234.0,0.09690182656049728,0.0049973926587023355,68.0,-1.0809745788574219,0.05574770483044862,272.0,1.2622191905975342,0.06509479893887514,4.0,0.08742709457874298,0.004508764551994455,35.8,-0.03340199589729309,0.0017225979634029449,29.4,0.2827329635620117,0.01458102170649838,0.0,0.5329294204711914,0.027484080207781324,0.0,-0.29584556818008423,0.015257261116845422,66.0,2.934652328491211,0.15134503159328713,0.0,0.6048732399940491,0.031194345826954906,0.0,0.1873447299003601,0.009661687618097948,0.0,0.086435467004776,0.004457624624769083,0.0
d09fc25d7de64342,dos_wisenet-camera_80,wisenet-camera,1,0,missed,0.0034597720950841904,7.808208465576172e-06,0.26311278998003834,-0.9681276045739651,101,0.6972379684448242,-5.663086891174316,-6.360324859619141,115,119,0.6022124886512756,0.2826044053213691,254.0,0.22064514458179474,0.10354366780276754,74.0,-0.07076019048690796,0.03320612230703705,444.0,0.006546836346387863,0.0030722790165825424,0.0,0.07035557180643082,0.03301624411000023,11.7,0.12074020504951477,0.056660588229941564,6.1,0.042801450937986374,0.020085731892262,0.0,0.1442398875951767,0.06768844623058065,0.0,-0.1620221585035324,0.07603325506470861,66.0,0.5089331865310669,0.23883058428435816,1.0,0.11616600304841995,0.05451402092903031,0.0,0.007399965077638626,0.003472632616518111,0.0,0.05811499059200287,0.027272022194844165,0.0
dd3eb14a1bed04f2,dos_wisenet-camera_80,wisenet-camera,1,1,detected,0.9991565942764282,9.5367431640625e-06,0.11263106197303324,-3.1317482963204384,102,13.439749717712402,7.077239036560059,-6.362510681152344,116,119,11.925201416015625,0.6146778772965643,234.0,0.09637123346328735,0.004967401652278095,68.0,-1.0843238830566406,0.055890871733545455,272.0,1.2650755643844604,0.06520761666056663,4.0,0.06477348506450653,0.003338713277503222,35.9,-0.034211769700050354,0.0017634266495107989,29.4,0.2830270230770111,0.014588470558568465,0.0,0.5344454646110535,0.027547694353967464,0.0,-0.29607710242271423,0.015261129643386561,66.0,2.9392049312591553,0.1514996841612763,0.0,0.6041553020477295,0.03114084917018029,0.0,0.18778195977210999,0.009679116721021777,0.0,0.08608392626047134,0.004437148121630616,0.0
7dd6cc4a33c5cd66,dos_wisenet-camera_80,wisenet-camera,1,1,detected,0.9986798167228699,1.33514404296875e-05,0.06882684419184348,-0.6816449165344238,101,12.988981246948242,6.628656387329102,-6.360324859619141,115,119,7.526044845581055,0.4766507385809235,255.0,1.0825331211090088,0.06856060816829797,74.0,-0.4915405511856079,0.03113098201941493,444.0,0.5445526838302612,0.034488425762745835,0.0,0.46918073296546936,0.0297148565394529,11.7,0.44575169682502747,0.02823101374955273,6.1,0.6764597296714783,0.04284256025360796,0.0,0.8675727844238281,0.05494641833168602,0.0,-0.5678561329841614,0.03596431468961176,66.0,1.643019199371338,0.10405815151936186,1.0,0.5912436842918396,0.037445530099980924,0.0,0.4162105917930603,0.026360072262903024,0.0,0.46746712923049927,0.02960632802246059,0.0
cec0e772903b309b,dos_wisenet-camera_80,wisenet-camera,1,0,missed,0.006848056800663471,0.00018286705017089844,0.18457542344635292,-0.9181817825883627,100,1.383580207824707,-4.9769182205200195,-6.360498428344727,114,119,0.850601315498352,0.27991231780806164,254.0,0.3615168035030365,0.11896643533381954,74.0,-0.04782538861036301,0.015738178547437146,370.0,0.017713911831378937,0.005829219903409061,0.0,0.011617466807365417,0.0038230273123933066,11.7,0.22851160168647766,0.07519764066743728,3.1,0.029100393876433372,0.009576235717796477,0.0,0.2353069931268692,0.07743383961732797,0.0,-0.2818453907966614,0.09274850057713702,66.0,0.611911416053772,0.2013652455504065,1.0,0.30539917945861816,0.10049948268520824,0.0,-0.038763515651226044,0.012756135353454878,0.0,0.018700070679187775,0.006153740926110952,0.0
dceb9d21dc8928ba,dos_wisenet-camera_80,wisenet-camera,1,1,detected,0.9991594552993774,1.7642974853515625e-05,0.09300440571573386,0.19078140798956156,104,13.444530963897705,7.0805864334106445,-6.3639445304870605,118,119,13.664398193359375,0.8818230272133032,234.0,0.0885094553232193,0.005711899984592987,67.6,0.3489421606063843,0.022518754798715616,338.0,-0.5131170153617859,0.033113671996244994,3.58,-0.30339765548706055,0.019579569859215544,35.9,0.034710586071014404,0.002240025038231468,17.0,0.07612095028162003,0.004912415889952111,0.0,-0.06600695103406906,0.004259715543584658,0.0,0.022036107257008553,0.001422085812664319,66.0,-0.23840685188770294,0.01538543072772694,0.0,0.002419047988951206,0.00015611168456931276,0.0,0.012738119810819626,0.0008220462557979035,0.0,0.12482105195522308,0.00805524519540097,0.0
9f9f26232ecf9624,dos_wisenet-camera_80,wisenet-camera,1,0,missed,0.0034597720950841904,7.808208465576172e-06,0.26311278998003834,-0.9681276045739651,101,0.6972379684448242,-5.663086891174316,-6.360324859619141,115,119,0.6022124886512756,0.2826044053213691,254.0,0.22064514458179474,0.10354366780276754,74.0,-0.07076019048690796,0.03320612230703705,444.0,0.006546836346387863,0.0030722790165825424,0.0,0.07035557180643082,0.03301624411000023,11.7,0.12074020504951477,0.056660588229941564,6.1,0.042801450937986374,0.020085731892262,0.0,0.1442398875951767,0.06768844623058065,0.0,-0.1620221585035324,0.07603325506470861,66.0,0.5089331865310669,0.23883058428435816,1.0,0.11616600304841995,0.05451402092903031,0.0,0.007399965077638626,0.003472632616518111,0.0,0.05811499059200287,0.027272022194844165,0.0
edaee7d20c866f88,dos_wisenet-camera_80,wisenet-camera,1,1,detected,0.9986798167228699,1.33514404296875e-05,0.06882684419184348,-0.6816449165344238,101,12.988981246948242,6.628656387329102,-6.360324859619141,115,119,7.526044845581055,0.4766507385809235,255.0,1.0825331211090088,0.06856060816829797,74.0,-0.4915405511856079,0.03113098201941493,444.0,0.5445526838302612,0.034488425762745835,0.0,0.46918073296546936,0.0297148565394529,11.7,0.44575169682502747,0.02823101374955273,6.1,0.6764597296714783,0.04284256025360796,0.0,0.8675727844238281,0.05494641833168602,0.0,-0.5678561329841614,0.03596431468961176,66.0,1.643019199371338,0.10405815151936186,1.0,0.5912436842918396,0.037445530099980924,0.0,0.4162105917930603,0.026360072262903024,0.0,0.46746712923049927,0.02960632802246059,0.0
d2413aa86d623ee2,dos_wisenet-camera_80,wisenet-camera,1,1,detected,0.9986798167228699,1.33514404296875e-05,0.06882684419184348,-0.6816449165344238,101,12.988981246948242,6.628656387329102,-6.360324859619141,115,119,7.526044845581055,0.4766507385809235,255.0,1.0825331211090088,0.06856060816829797,74.0,-0.4915405511856079,0.03113098201941493,444.0,0.5445526838302612,0.034488425762745835,0.0,0.46918073296546936,0.0297148565394529,11.7,0.44575169682502747,0.02823101374955273,6.1,0.6764597296714783,0.04284256025360796,0.0,0.8675727844238281,0.05494641833168602,0.0,-0.5678561329841614,0.03596431468961176,66.0,1.643019199371338,0.10405815151936186,1.0,0.5912436842918396,0.037445530099980924,0.0,0.4162105917930603,0.026360072262903024,0.0,0.46746712923049927,0.02960632802246059,0.0
67e1601760590943,dos_wisenet-camera_80,wisenet-camera,1,1,detected,0.9987542629241943,0.00016641616821289062,0.05092810579223583,-0.7018031179904938,100,13.047267436981201,6.686769008636475,-6.360498428344727,114,119,7.027072429656982,0.4435975177193786,255.0,1.1081771850585938,0.06995582490519978,74.0,-0.657569944858551,0.04151037266032004,370.0,1.1992332935333252,0.07570391759912254,0.0,0.14986613392829895,0.009460589123889038,6.4,0.584904134273529,0.03692320303580604,3.1,0.4305439293384552,0.027178917000718762,0.0,0.8745145201683044,0.05520541793748805,0.0,-0.3883613348007202,0.024516059258007882,66.0,1.8183085918426514,0.11478424135562694,1.0,0.827464759349823,0.05223531092389239,0.0,0.4353867471218109,0.02748462922568422,0.0,0.3396965265274048,0.021443999254865724,0.0
1afec19ade8e9472,dos_wisenet-camera_80,wisenet-camera,1,1,detected,0.9986798167228699,1.33514404296875e-05,0.06882684419184348,-0.6816449165344238,101,12.988981246948242,6.628656387329102,-6.360324859619141,115,119,7.526044845581055,0.4766507385809235,255.0,1.0825331211090088,0.06856060816829797,74.0,-0.4915405511856079,0.03113098201941493,444.0,0.5445526838302612,0.034488425762745835,0.0,0.46918073296546936,0.0297148565394529,11.7,0.44575169682502747,0.02823101374955273,6.1,0.6764597296714783,0.04284256025360796,0.0,0.8675727844238281,0.05494641833168602,0.0,-0.5678561329841614,0.03596431468961176,66.0,1.643019199371338,0.10405815151936186,1.0,0.5912436842918396,0.037445530099980924,0.0,0.4162105917930603,0.026360072262903024,0.0,0.46746712923049927,0.02960632802246059,0.0
1c3d6a5a6992d40d,dos_wisenet-camera_80,wisenet-camera,1,1,detected,0.9991594552993774,1.7642974853515625e-05,0.09300440571573386,0.19078140798956156,104,13.444530963897705,7.0805864334106445,-6.3639445304870605,118,119,13.664398193359375,0.8818230272133032,234.0,0.0885094553232193,0.005711899984592987,67.6,0.3489421606063843,0.022518754798715616,338.0,-0.5131170153617859,0.033113671996244994,3.58,-0.30339765548706055,0.019579569859215544,35.9,0.034710586071014404,0.002240025038231468,17.0,0.07612095028162003,0.004912415889952111,0.0,-0.06600695103406906,0.004259715543584658,0.0,0.022036107257008553,0.001422085812664319,66.0,-0.23840685188770294,0.01538543072772694,0.0,0.002419047988951206,0.00015611168456931276,0.0,0.012738119810819626,0.0008220462557979035,0.0,0.12482105195522308,0.00805524519540097,0.0
17c38f0af687190f,dos_wisenet-camera_80,wisenet-camera,1,0,missed,0.0015687936684116721,5.602836608886719e-06,0.39190656782167493,-0.9502132777124643,101,-0.0955514907836914,-6.455876350402832,-6.360324859619141,115,119,0.11184753477573395,0.10132973131671608,253.0,0.09732261300086975,0.08817068919929763,74.0,-0.040345288813114166,0.036551340031994395,444.0,0.017017656937241554,0.015417368013951568,0.0,0.07126167416572571,0.06456044213107665,11.7,0.06758569926023483,0.06123014477363149,6.1,0.03131765127182007,0.02837263418641419,0.0,0.0985630452632904,0.089294474968199,0.0,-0.08421991765499115,0.07630013164445452,66.0,0.350285142660141,0.3173453886235351,1.0,0.0935986191034317,0.08479688841049064,0.0,0.011142004281282425,0.01009424394034115,0.0,0.029290955513715744,0.02653652275989758,0.0
95efe4831beb46d6,dos_wisenet-camera_80,wisenet-camera,1,1,detected,0.9986798167228699,1.33514404296875e-05,0.06882684419184348,-0.6816449165344238,101,12.988981246948242,6.628656387329102,-6.360324859619141,115,119,7.526044845581055,0.4766507385809235,255.0,1.0825331211090088,0.06856060816829797,74.0,-0.4915405511856079,0.03113098201941493,444.0,0.5445526838302612,0.034488425762745835,0.0,0.46918073296546936,0.0297148565394529,11.7,0.44575169682502747,0.02823101374955273,6.1,0.6764597296714783,0.04284256025360796,0.0,0.8675727844238281,0.05494641833168602,0.0,-0.5678561329841614,0.03596431468961176,66.0,1.643019199371338,0.10405815151936186,1.0,0.5912436842918396,0.037445530099980924,0.0,0.4162105917930603,0.026360072262903024,0.0,0.46746712923049927,0.02960632802246059,0.0
952fa084cbc73f9e,dos_wisenet-camera_80,wisenet-camera,1,0,missed,0.0034597720950841904,7.808208465576172e-06,0.26311278998003834,-0.9681276045739651,101,0.6972379684448242,-5.663086891174316,-6.360324859619141,115,119,0.6022124886512756,0.2826044053213691,254.0,0.22064514458179474,0.10354366780276754,74.0,-0.07076019048690796,0.03320612230703705,444.0,0.006546836346387863,0.0030722790165825424,0.0,0.07035557180643082,0.03301624411000023,11.7,0.12074020504951477,0.056660588229941564,6.1,0.042801450937986374,0.020085731892262,0.0,0.1442398875951767,0.06768844623058065,0.0,-0.1620221585035324,0.07603325506470861,66.0,0.5089331865310669,0.23883058428435816,1.0,0.11616600304841995,0.05451402092903031,0.0,0.007399965077638626,0.003472632616518111,0.0,0.05811499059200287,0.027272022194844165,0.0
04a4dfeefbfe29f8,dos_wisenet-camera_80,wisenet-camera,1,0,missed,0.0015687936684116721,5.602836608886719e-06,0.39190656782167493,-0.9502132777124643,101,-0.0955514907836914,-6.455876350402832,-6.360324859619141,115,119,0.11184753477573395,0.10132973131671608,253.0,0.09732261300086975,0.08817068919929763,74.0,-0.040345288813114166,0.036551340031994395,444.0,0.017017656937241554,0.015417368013951568,0.0,0.07126167416572571,0.06456044213107665,11.7,0.06758569926023483,0.06123014477363149,6.1,0.03131765127182007,0.02837263418641419,0.0,0.0985630452632904,0.089294474968199,0.0,-0.08421991765499115,0.07630013164445452,66.0,0.350285142660141,0.3173453886235351,1.0,0.0935986191034317,0.08479688841049064,0.0,0.011142004281282425,0.01009424394034115,0.0,0.029290955513715744,0.02653652275989758,0.0
a820de89f26c2c48,dos_wisenet-camera_80,wisenet-camera,1,1,detected,0.9991594552993774,1.7642974853515625e-05,0.09300440571573386,0.19078140798956156,104,13.444530963897705,7.0805864334106445,-6.3639445304870605,118,119,13.664398193359375,0.8818230272133032,234.0,0.0885094553232193,0.005711899984592987,67.6,0.3489421606063843,0.022518754798715616,338.0,-0.5131170153617859,0.033113671996244994,3.58,-0.30339765548706055,0.019579569859215544,35.9,0.034710586071014404,0.002240025038231468,17.0,0.07612095028162003,0.004912415889952111,0.0,-0.06600695103406906,0.004259715543584658,0.0,0.022036107257008553,0.001422085812664319,66.0,-0.23840685188770294,0.01538543072772694,0.0,0.002419047988951206,0.00015611168456931276,0.0,0.012738119810819626,0.0008220462557979035,0.0,0.12482105195522308,0.00805524519540097,0.0
89eaeae4b9b532de,dos_wisenet-camera_80,wisenet-camera,1,0,missed,0.0015687936684116721,5.602836608886719e-06,0.39190656782167493,-0.9502132777124643,101,-0.0955514907836914,-6.455876350402832,-6.360324859619141,115,119,0.11184753477573395,0.10132973131671608,253.0,0.09732261300086975,0.08817068919929763,74.0,-0.040345288813114166,0.036551340031994395,444.0,0.017017656937241554,0.015417368013951568,0.0,0.07126167416572571,0.06456044213107665,11.7,0.06758569926023483,0.06123014477363149,6.1,0.03131765127182007,0.02837263418641419,0.0,0.0985630452632904,0.089294474968199,0.0,-0.08421991765499115,0.07630013164445452,66.0,0.350285142660141,0.3173453886235351,1.0,0.0935986191034317,0.08479688841049064,0.0,0.011142004281282425,0.01009424394034115,0.0,0.029290955513715744,0.02653652275989758,0.0
c99769dafded9a24,dos_wisenet-camera_80,wisenet-camera,1,1,detected,0.9986798167228699,1.33514404296875e-05,0.06882684419184348,-0.6816449165344238,101,12.988981246948242,6.628656387329102,-6.360324859619141,115,119,7.526044845581055,0.4766507385809235,255.0,1.0825331211090088,0.06856060816829797,74.0,-0.4915405511856079,0.03113098201941493,444.0,0.5445526838302612,0.034488425762745835,0.0,0.46918073296546936,0.0297148565394529,11.7,0.44575169682502747,0.02823101374955273,6.1,0.6764597296714783,0.04284256025360796,0.0,0.8675727844238281,0.05494641833168602,0.0,-0.5678561329841614,0.03596431468961176,66.0,1.643019199371338,0.10405815151936186,1.0,0.5912436842918396,0.037445530099980924,0.0,0.4162105917930603,0.026360072262903024,0.0,0.46746712923049927,0.02960632802246059,0.0
c2c49e3e0162f5f6,dos_wisenet-camera_80,wisenet-camera,1,0,missed,0.0034597720950841904,7.808208465576172e-06,0.26311278998003834,-0.9681276045739651,101,0.6972379684448242,-5.663086891174316,-6.360324859619141,115,119,0.6022124886512756,0.2826044053213691,254.0,0.22064514458179474,0.10354366780276754,74.0,-0.07076019048690796,0.03320612230703705,444.0,0.006546836346387863,0.0030722790165825424,0.0,0.07035557180643082,0.03301624411000023,11.7,0.12074020504951477,0.056660588229941564,6.1,0.042801450937986374,0.020085731892262,0.0,0.1442398875951767,0.06768844623058065,0.0,-0.1620221585035324,0.07603325506470861,66.0,0.5089331865310669,0.23883058428435816,1.0,0.11616600304841995,0.05451402092903031,0.0,0.007399965077638626,0.003472632616518111,0.0,0.05811499059200287,0.027272022194844165,0.0
b1b3717e99b1be5a,dos_wisenet-camera_80,wisenet-camera,1,1,detected,0.9987527132034302,0.00021982192993164062,0.05059428935609071,-0.7241468094289303,100,13.046019077301025,6.685520648956299,-6.360498428344727,114,119,7.163229942321777,0.45157676228909854,255.0,1.1130709648132324,0.07016904197346564,74.0,-0.6526832580566406,0.04114576732098965,370.0,1.1979084014892578,0.07551727388610037,0.0,0.015086140483617783,0.0009510445050466299,11.7,0.5926319360733032,0.03736007542351217,3.1,0.43157875537872314,0.027207131223755437,0.0,0.8727399706840515,0.055018349746573464,0.0,-0.3934774696826935,0.024805190287584922,66.0,1.8137456178665161,0.11434023203598702,1.0,0.8301762342453003,0.052335091712599494,0.0,0.44388577342033386,0.027982977232527108,0.0,0.3424926996231079,0.02159106236275953,0.0
b17b5c65c931de5d,dos_wisenet-camera_80,wisenet-camera,1,0,missed,0.003459770465269685,7.808208465576172e-06,0.26311278998003834,-0.9681276045739651,101,0.6972379684448242,-5.663086891174316,-6.360324859619141,115,119,0.6022124886512756,0.2826044053213691,254.0,0.22064514458179474,0.10354366780276754,74.0,-0.07076019048690796,0.03320612230703705,444.0,0.006546836346387863,0.0030722790165825424,0.0,0.07035557180643082,0.03301624411000023,11.7,0.12074020504951477,0.056660588229941564,6.1,0.042801450937986374,0.020085731892262,0.0,0.1442398875951767,0.06768844623058065,0.0,-0.1620221585035324,0.07603325506470861,66.0,0.5089331865310669,0.23883058428435816,1.0,0.11616600304841995,0.05451402092903031,0.0,0.007399965077638626,0.003472632616518111,0.0,0.05811499059200287,0.027272022194844165,0.0
9f790d2424977ff7,dos_wisenet-camera_80,wisenet-camera,1,1,detected,0.9991594552993774,1.7642974853515625e-05,0.09300440571573386,0.19078140798956156,104,13.444530963897705,7.0805864334106445,-6.3639445304870605,118,119,13.664398193359375,0.8818230272133032,234.0,0.0885094553232193,0.005711899984592987,67.6,0.3489421606063843,0.022518754798715616,338.0,-0.5131170153617859,0.033113671996244994,3.58,-0.30339765548706055,0.019579569859215544,35.9,0.034710586071014404,0.002240025038231468,17.0,0.07612095028162003,0.004912415889952111,0.0,-0.06600695103406906,0.004259715543584658,0.0,0.022036107257008553,0.001422085812664319,66.0,-0.23840685188770294,0.01538543072772694,0.0,0.002419047988951206,0.00015611168456931276,0.0,0.012738119810819626,0.0008220462557979035,0.0,0.12482105195522308,0.00805524519540097,0.0
e70e9f8bf103299e,dos_wisenet-camera_80,wisenet-camera,1,0,missed,0.003459770465269685,7.808208465576172e-06,0.26311278998003834,-0.9681276045739651,101,0.6972379684448242,-5.663086891174316,-6.360324859619141,115,119,0.6022124886512756,0.2826044053213691,254.0,0.22064514458179474,0.10354366780276754,74.0,-0.07076019048690796,0.03320612230703705,444.0,0.006546836346387863,0.0030722790165825424,0.0,0.07035557180643082,0.03301624411000023,11.7,0.12074020504951477,0.056660588229941564,6.1,0.042801450937986374,0.020085731892262,0.0,0.1442398875951767,0.06768844623058065,0.0,-0.1620221585035324,0.07603325506470861,66.0,0.5089331865310669,0.23883058428435816,1.0,0.11616600304841995,0.05451402092903031,0.0,0.007399965077638626,0.003472632616518111,0.0,0.05811499059200287,0.027272022194844165,0.0
8221c94724e8ee16,dos_wisenet-camera_80,wisenet-camera,1,1,detected,0.9986798167228699,1.33514404296875e-05,0.06882684419184348,-0.6816449165344238,101,12.988981246948242,6.628656387329102,-6.360324859619141,115,119,7.526044845581055,0.4766507385809235,255.0,1.0825331211090088,0.06856060816829797,74.0,-0.4915405511856079,0.03113098201941493,444.0,0.5445526838302612,0.034488425762745835,0.0,0.46918073296546936,0.0297148565394529,11.7,0.44575169682502747,0.02823101374955273,6.1,0.6764597296714783,0.04284256025360796,0.0,0.8675727844238281,0.05494641833168602,0.0,-0.5678561329841614,0.03596431468961176,66.0,1.643019199371338,0.10405815151936186,1.0,0.5912436842918396,0.037445530099980924,0.0,0.4162105917930603,0.026360072262903024,0.0,0.46746712923049927,0.02960632802246059,0.0
06eeaee111c20c45,dos_wisenet-camera_80,wisenet-camera,1,1,detected,0.9991594552993774,1.7642974853515625e-05,0.09300440571573386,0.19078140798956156,104,13.444530963897705,7.0805864334106445,-6.3639445304870605,118,119,13.664398193359375,0.8818230272133032,234.0,0.0885094553232193,0.005711899984592987,67.6,0.3489421606063843,0.022518754798715616,338.0,-0.5131170153617859,0.033113671996244994,3.58,-0.30339765548706055,0.019579569859215544,35.9,0.034710586071014404,0.002240025038231468,17.0,0.07612095028162003,0.004912415889952111,0.0,-0.06600695103406906,0.004259715543584658,0.0,0.022036107257008553,0.001422085812664319,66.0,-0.23840685188770294,0.01538543072772694,0.0,0.002419047988951206,0.00015611168456931276,0.0,0.012738119810819626,0.0008220462557979035,0.0,0.12482105195522308,0.00805524519540097,0.0
e9f2188ea747402f,dos_wisenet-camera_80,wisenet-camera,1,0,missed,0.003459770465269685,7.808208465576172e-06,0.26311278998003834,-0.9681276045739651,101,0.6972379684448242,-5.663086891174316,-6.360324859619141,115,119,0.6022124886512756,0.2826044053213691,254.0,0.22064514458179474,0.10354366780276754,74.0,-0.07076019048690796,0.03320612230703705,444.0,0.006546836346387863,0.0030722790165825424,0.0,0.07035557180643082,0.03301624411000023,11.7,0.12074020504951477,0.056660588229941564,6.1,0.042801450937986374,0.020085731892262,0.0,0.1442398875951767,0.06768844623058065,0.0,-0.1620221585035324,0.07603325506470861,66.0,0.5089331865310669,0.23883058428435816,1.0,0.11616600304841995,0.05451402092903031,0.0,0.007399965077638626,0.003472632616518111,0.0,0.05811499059200287,0.027272022194844165,0.0
da33ba9acbebbabd,dos_wisenet-camera_80,wisenet-camera,1,0,missed,0.003459770465269685,7.808208465576172e-06,0.26311278998003834,-0.9681276045739651,101,0.6972379684448242,-5.663086891174316,-6.360324859619141,115,119,0.6022124886512756,0.2826044053213691,254.0,0.22064514458179474,0.10354366780276754,74.0,-0.07076019048690796,0.03320612230703705,444.0,0.006546836346387863,0.0030722790165825424,0.0,0.07035557180643082,0.03301624411000023,11.7,0.12074020504951477,0.056660588229941564,6.1,0.042801450937986374,0.020085731892262,0.0,0.1442398875951767,0.06768844623058065,0.0,-0.1620221585035324,0.07603325506470861,66.0,0.5089331865310669,0.23883058428435816,1.0,0.11616600304841995,0.05451402092903031,0.0,0.007399965077638626,0.003472632616518111,0.0,0.05811499059200287,0.027272022194844165,0.0
6ca3cc35d3946888,dos_wisenet-camera_80,wisenet-camera,1,1,detected,0.9986798167228699,1.33514404296875e-05,0.06882684419184348,-0.6816449165344238,101,12.988981246948242,6.628656387329102,-6.360324859619141,115,119,7.526044845581055,0.4766507385809235,255.0,1.0825331211090088,0.06856060816829797,74.0,-0.4915405511856079,0.03113098201941493,444.0,0.5445526838302612,0.034488425762745835,0.0,0.46918073296546936,0.0297148565394529,11.7,0.44575169682502747,0.02823101374955273,6.1,0.6764597296714783,0.04284256025360796,0.0,0.8675727844238281,0.05494641833168602,0.0,-0.5678561329841614,0.03596431468961176,66.0,1.643019199371338,0.10405815151936186,1.0,0.5912436842918396,0.037445530099980924,0.0,0.4162105917930603,0.026360072262903024,0.0,0.46746712923049927,0.02960632802246059,0.0
629797b6362833af,dos_wisenet-camera_80,wisenet-camera,1,1,detected,0.9987527132034302,0.00021982192993164062,0.05059428935609071,-0.7241468094289303,100,13.046019077301025,6.685520648956299,-6.360498428344727,114,119,7.163229942321777,0.45157676228909854,255.0,1.1130709648132324,0.07016904197346564,74.0,-0.6526832580566406,0.04114576732098965,370.0,1.1979084014892578,0.07551727388610037,0.0,0.015086140483617783,0.0009510445050466299,11.7,0.5926319360733032,0.03736007542351217,3.1,0.43157875537872314,0.027207131223755437,0.0,0.8727399706840515,0.055018349746573464,0.0,-0.3934774696826935,0.024805190287584922,66.0,1.8137456178665161,0.11434023203598702,1.0,0.8301762342453003,0.052335091712599494,0.0,0.44388577342033386,0.027982977232527108,0.0,0.3424926996231079,0.02159106236275953,0.0
3bba09ee08d24881,dos_wisenet-camera_80,wisenet-camera,1,1,detected,0.9991594552993774,1.0967254638671875e-05,0.09269903972758,0.18839034624397755,104,13.444549083709717,7.080604553222656,-6.3639445304870605,118,119,13.65446949005127,0.882215573045609,234.0,0.08879393339157104,0.005736977982710653,67.6,0.3476102352142334,0.022459104916487855,338.0,-0.5241978168487549,0.033868432436531454,3.58,-0.27881601452827454,0.01801430881006209,35.8,0.03673400729894638,0.0023733850167605365,17.0,0.07624760270118713,0.004926359281800934,0.0,-0.06788899004459381,0.004386309134845347,0.0,0.021690096706151962,0.0014013976236114233,66.0,-0.23974983394145966,0.015490242026053277,0.0,0.0015732860192656517,0.00010165004418973442,0.0,0.013615447096526623,0.0008796943353446467,0.0,0.12608826160430908,0.008146565345992987,0.0
c1b2af27f57262d9,dos_wisenet-camera_80,wisenet-camera,1,1,detected,0.9986798167228699,1.33514404296875e-05,0.06882684419184348,-0.6816449165344238,101,12.988981246948242,6.628656387329102,-6.360324859619141,115,119,7.526044845581055,0.4766507385809235,255.0,1.0825331211090088,0.06856060816829797,74.0,-0.4915405511856079,0.03113098201941493,444.0,0.5445526838302612,0.034488425762745835,0.0,0.46918073296546936,0.0297148565394529,11.7,0.44575169682502747,0.02823101374955273,6.1,0.6764597296714783,0.04284256025360796,0.0,0.8675727844238281,0.05494641833168602,0.0,-0.5678561329841614,0.03596431468961176,66.0,1.643019199371338,0.10405815151936186,1.0,0.5912436842918396,0.037445530099980924,0.0,0.4162105917930603,0.026360072262903024,0.0,0.46746712923049927,0.02960632802246059,0.0
ac2bdc74359dd991,dos_wisenet-camera_80,wisenet-camera,1,0,missed,0.006848056800663471,0.00018286705017089844,0.18457542344635292,-0.9181817825883627,100,1.383580207824707,-4.9769182205200195,-6.360498428344727,114,119,0.850601315498352,0.27991231780806164,254.0,0.3615168035030365,0.11896643533381954,74.0,-0.04782538861036301,0.015738178547437146,370.0,0.017713911831378937,0.005829219903409061,0.0,0.011617466807365417,0.0038230273123933066,11.7,0.22851160168647766,0.07519764066743728,3.1,0.029100393876433372,0.009576235717796477,0.0,0.2353069931268692,0.07743383961732797,0.0,-0.2818453907966614,0.09274850057713702,66.0,0.611911416053772,0.2013652455504065,1.0,0.30539917945861816,0.10049948268520824,0.0,-0.038763515651226044,0.012756135353454878,0.0,0.018700070679187775,0.006153740926110952,0.0
1ac095ff7ac7f3fd,dos_wisenet-camera_80,wisenet-camera,1,1,detected,0.9986792206764221,5.7220458984375e-06,0.06822877436637964,-0.6934186816215515,101,12.988574028015137,6.628249168395996,-6.360324859619141,115,119,7.553776264190674,0.4763207829586255,255.0,1.092855453491211,0.06891252097778541,74.0,-0.49293792247772217,0.031083337521877665,444.0,0.5608363151550293,0.03536482726032867,0.0,0.4001111090183258,0.02522992872075384,23.4,0.4545982778072357,0.02866574280777764,6.1,0.6800932884216309,0.04288485074168468,0.0,0.8732250332832336,0.055063218316952066,0.0,-0.59535813331604,0.03754168011915103,66.0,1.6682584285736084,0.10519588257366068,1.0,0.5967703461647034,0.0376307304571877,0.0,0.42100656032562256,0.026547539592305356,0.0,0.46876341104507446,0.02955895795190973,0.0
5feda6320043c60a,dos_wisenet-camera_80,wisenet-camera,1,0,missed,0.003459770465269685,7.808208465576172e-06,0.26311278998003834,-0.9681276045739651,101,0.6972379684448242,-5.663086891174316,-6.360324859619141,115,119,0.6022124886512756,0.2826044053213691,254.0,0.22064514458179474,0.10354366780276754,74.0,-0.07076019048690796,0.03320612230703705,444.0,0.006546836346387863,0.0030722790165825424,0.0,0.07035557180643082,0.03301624411000023,11.7,0.12074020504951477,0.056660588229941564,6.1,0.042801450937986374,0.020085731892262,0.0,0.1442398875951767,0.06768844623058065,0.0,-0.1620221585035324,0.07603325506470861,66.0,0.5089331865310669,0.23883058428435816,1.0,0.11616600304841995,0.05451402092903031,0.0,0.007399965077638626,0.003472632616518111,0.0,0.05811499059200287,0.027272022194844165,0.0
edb259858ef95814,dos_wisenet-camera_80,wisenet-camera,1,0,missed,0.0018669102573767304,9.894371032714844e-05,0.3236051421357377,-0.9330952819436789,100,0.07889652252197266,-6.281601905822754,-6.360498428344727,114,119,0.15128204226493835,0.10995569180662282,253.0,0.13167285919189453,0.09570323157883696,74.0,-0.016263484954833984,0.011820720507352818,370.0,0.05860893428325653,0.04259848570710324,0.0,0.08479516208171844,0.06163131174697896,11.7,0.12349626421928406,0.08976027137433748,3.1,0.002481132745742798,0.0018033512995841107,0.0,0.12511233985424042,0.09093487684497395,0.0,-0.11235052347183228,0.0816592594086406,66.0,0.37015461921691895,0.2690379282435578,1.0,0.14636476337909698,0.10638168663321369,0.0,-0.029479630291461945,0.02142655595053678,0.0,-0.0237837303429842,0.017286628898260794,0.0
7abe78cd1eef3b5e,dos_wisenet-camera_80,wisenet-camera,1,1,detected,0.9987542629241943,0.00016641616821289062,0.05092810579223583,-0.7018031179904938,100,13.047267436981201,6.686769008636475,-6.360498428344727,114,119,7.027072429656982,0.4435975177193786,255.0,1.1081771850585938,0.06995582490519978,74.0,-0.657569944858551,0.04151037266032004,370.0,1.1992332935333252,0.07570391759912254,0.0,0.14986613392829895,0.009460589123889038,6.4,0.584904134273529,0.03692320303580604,3.1,0.4305439293384552,0.027178917000718762,0.0,0.8745145201683044,0.05520541793748805,0.0,-0.3883613348007202,0.024516059258007882,66.0,1.8183085918426514,0.11478424135562694,1.0,0.827464759349823,0.05223531092389239,0.0,0.4353867471218109,0.02748462922568422,0.0,0.3396965265274048,0.021443999254865724,0.0
922ffa710f7aba03,dos_wisenet-camera_80,wisenet-camera,1,1,detected,0.9987527132034302,0.00021982192993164062,0.05059428935609071,-0.7241468094289303,100,13.046019077301025,6.685520648956299,-6.360498428344727,114,119,7.163229942321777,0.45157676228909854,255.0,1.1130709648132324,0.07016904197346564,74.0,-0.6526832580566406,0.04114576732098965,370.0,1.1979084014892578,0.07551727388610037,0.0,0.015086140483617783,0.0009510445050466299,11.7,0.5926319360733032,0.03736007542351217,3.1,0.43157875537872314,0.027207131223755437,0.0,0.8727399706840515,0.055018349746573464,0.0,-0.3934774696826935,0.024805190287584922,66.0,1.8137456178665161,0.11434023203598702,1.0,0.8301762342453003,0.052335091712599494,0.0,0.44388577342033386,0.027982977232527108,0.0,0.3424926996231079,0.02159106236275953,0.0
548c2a7ed1d5c80d,dos_wisenet-camera_80,wisenet-camera,1,1,detected,0.9987542629241943,0.00016641616821289062,0.05092810579223583,-0.7018031179904938,100,13.047267436981201,6.686769008636475,-6.360498428344727,114,119,7.027072429656982,0.4435975177193786,255.0,1.1081771850585938,0.06995582490519978,74.0,-0.657569944858551,0.04151037266032004,370.0,1.1992332935333252,0.07570391759912254,0.0,0.14986613392829895,0.009460589123889038,6.4,0.584904134273529,0.03692320303580604,3.1,0.4305439293384552,0.027178917000718762,0.0,0.8745145201683044,0.05520541793748805,0.0,-0.3883613348007202,0.024516059258007882,66.0,1.8183085918426514,0.11478424135562694,1.0,0.827464759349823,0.05223531092389239,0.0,0.4353867471218109,0.02748462922568422,0.0,0.3396965265274048,0.021443999254865724,0.0
d82c7852c8bfb3cf,dos_wisenet-camera_80,wisenet-camera,1,0,missed,0.0011961414711549878,4.76837158203125e-07,0.4261729888050628,-0.6222246538382024,104,-0.3635125160217285,-6.727457046508789,-6.3639445304870605,118,119,0.15033957362174988,0.372779787226054,254.0,-0.0006657387129962444,0.001650755884164509,71.67,0.012981818988919258,0.0321895267088635,430.0,-0.06725414097309113,0.16676237505567124,5.72,0.02786523848772049,0.06909423396790121,27.6,0.019121192395687103,0.04741262637013001,16.2,0.0021380612161010504,0.005301505026346042,0.0,0.033525530248880386,0.08312940985360233,0.0,0.0015566973015666008,0.0038599636467867176,60.0,0.04581831395626068,0.11361041485087985,1.0,0.0376565083861351,0.09337252225536923,0.0,-0.004305790178477764,0.010676573758359786,1.0,-6.465008482336998e-05,0.00016030539587160025,1.0
653e40c2c5905a71,dos_wisenet-camera_80,wisenet-camera,1,0,missed,0.006848056800663471,0.00018286705017089844,0.18457542344635292,-0.9181817825883627,100,1.383580207824707,-4.9769182205200195,-6.360498428344727,114,119,0.850601315498352,0.27991231780806164,254.0,0.3615168035030365,0.11896643533381954,74.0,-0.04782538861036301,0.015738178547437146,370.0,0.017713911831378937,0.005829219903409061,0.0,0.011617466807365417,0.0038230273123933066,11.7,0.22851160168647766,0.07519764066743728,3.1,0.029100393876433372,0.009576235717796477,0.0,0.2353069931268692,0.07743383961732797,0.0,-0.2818453907966614,0.09274850057713702,66.0,0.611911416053772,0.2013652455504065,1.0,0.30539917945861816,0.10049948268520824,0.0,-0.038763515651226044,0.012756135353454878,0.0,0.018700070679187775,0.006153740926110952,0.0
25d03ee60e44c259,dos_wisenet-camera_80,wisenet-camera,1,0,missed,0.006848056800663471,0.00018286705017089844,0.18457542344635292,-0.9181817825883627,100,1.383580207824707,-4.9769182205200195,-6.360498428344727,114,119,0.850601315498352,0.27991231780806164,254.0,0.3615168035030365,0.11896643533381954,74.0,-0.04782538861036301,0.015738178547437146,370.0,0.017713911831378937,0.005829219903409061,0.0,0.011617466807365417,0.0038230273123933066,11.7,0.22851160168647766,0.07519764066743728,3.1,0.029100393876433372,0.009576235717796477,0.0,0.2353069931268692,0.07743383961732797,0.0,-0.2818453907966614,0.09274850057713702,66.0,0.611911416053772,0.2013652455504065,1.0,0.30539917945861816,0.10049948268520824,0.0,-0.038763515651226044,0.012756135353454878,0.0,0.018700070679187775,0.006153740926110952,0.0
d3b52a4a3ad6eec5,dos_wisenet-camera_80,wisenet-camera,1,0,missed,0.006848056800663471,0.00018286705017089844,0.18457542344635292,-0.9181817825883627,100,1.383580207824707,-4.9769182205200195,-6.360498428344727,114,119,0.850601315498352,0.27991231780806164,254.0,0.3615168035030365,0.11896643533381954,74.0,-0.04782538861036301,0.015738178547437146,370.0,0.017713911831378937,0.005829219903409061,0.0,0.011617466807365417,0.0038230273123933066,11.7,0.22851160168647766,0.07519764066743728,3.1,0.029100393876433372,0.009576235717796477,0.0,0.2353069931268692,0.07743383961732797,0.0,-0.2818453907966614,0.09274850057713702,66.0,0.611911416053772,0.2013652455504065,1.0,0.30539917945861816,0.10049948268520824,0.0,-0.038763515651226044,0.012756135353454878,0.0,0.018700070679187775,0.006153740926110952,0.0
5853f745bb4e99dd,dos_wisenet-camera_80,wisenet-camera,1,1,detected,0.9986798167228699,1.33514404296875e-05,0.06882684419184348,-0.6816449165344238,101,12.988981246948242,6.628656387329102,-6.360324859619141,115,119,7.526044845581055,0.4766507385809235,255.0,1.0825331211090088,0.06856060816829797,74.0,-0.4915405511856079,0.03113098201941493,444.0,0.5445526838302612,0.034488425762745835,0.0,0.46918073296546936,0.0297148565394529,11.7,0.44575169682502747,0.02823101374955273,6.1,0.6764597296714783,0.04284256025360796,0.0,0.8675727844238281,0.05494641833168602,0.0,-0.5678561329841614,0.03596431468961176,66.0,1.643019199371338,0.10405815151936186,1.0,0.5912436842918396,0.037445530099980924,0.0,0.4162105917930603,0.026360072262903024,0.0,0.46746712923049927,0.02960632802246059,0.0
24eeccc49867c024,dos_wisenet-camera_80,wisenet-camera,1,0,missed,0.007567973807454109,0.00012087821960449219,0.17942977361457527,-0.9058616794645786,100,1.4842662811279297,-4.876232147216797,-6.360498428344727,114,119,0.8613654375076294,0.2714749969294825,254.0,0.3759951889514923,0.11850172797907563,74.0,-0.05155748873949051,0.01624928106907127,370.0,0.01757463812828064,0.005538967114488494,0.0,0.044972021132707596,0.01417375107856737,6.4,0.2402959018945694,0.07573362755040616,3.1,0.03182031214237213,0.010028750591782522,0.0,0.24681617319583893,0.07778860973846947,0.0,-0.2989931106567383,0.09423312134781993,66.0,0.6173747777938843,0.19457689919727036,1.0,0.3232094943523407,0.10186535547649497,0.0,-0.040779437869787216,0.012852382146327355,0.0,0.022154930979013443,0.0069825297807439585,0.0
5c4cf8509ab49f8e,dos_wisenet-camera_80,wisenet-camera,1,0,missed,0.003459770465269685,7.808208465576172e-06,0.26311278998003834,-0.9681276045739651,101,0.6972379684448242,-5.663086891174316,-6.360324859619141,115,119,0.6022124886512756,0.2826044053213691,254.0,0.22064514458179474,0.10354366780276754,74.0,-0.07076019048690796,0.03320612230703705,444.0,0.006546836346387863,0.0030722790165825424,0.0,0.07035557180643082,0.03301624411000023,11.7,0.12074020504951477,0.056660588229941564,6.1,0.042801450937986374,0.020085731892262,0.0,0.1442398875951767,0.06768844623058065,0.0,-0.1620221585035324,0.07603325506470861,66.0,0.5089331865310669,0.23883058428435816,1.0,0.11616600304841995,0.05451402092903031,0.0,0.007399965077638626,0.003472632616518111,0.0,0.05811499059200287,0.027272022194844165,0.0
ca280f424a06c604,dos_wisenet-camera_80,wisenet-camera,1,0,missed,0.003459773724898696,7.808208465576172e-06,0.26311278998003834,-0.9681276045739651,101,0.6972379684448242,-5.663086891174316,-6.360324859619141,115,119,0.6022124886512756,0.2826044053213691,254.0,0.22064514458179474,0.10354366780276754,74.0,-0.07076019048690796,0.03320612230703705,444.0,0.006546836346387863,0.0030722790165825424,0.0,0.07035557180643082,0.03301624411000023,11.7,0.12074020504951477,0.056660588229941564,6.1,0.042801450937986374,0.020085731892262,0.0,0.1442398875951767,0.06768844623058065,0.0,-0.1620221585035324,0.07603325506470861,66.0,0.5089331865310669,0.23883058428435816,1.0,0.11616600304841995,0.05451402092903031,0.0,0.007399965077638626,0.003472632616518111,0.0,0.05811499059200287,0.027272022194844165,0.0
