flow_key,scenario,split,label,prob,pred
410757bc149d9478,ddos_wisenet-camera_80,test_text,0,0.0011359135,0
4bd83a074fd21d40,ddos_wisenet-camera_80,test_text,0,0.001475364,0
f86713af09a034bb,ddos_wisenet-camera_80,test_text,0,0.0010604352,0
2df1629dcce9f5b9,ddos_wisenet-camera_80,test_text,0,0.0011595114,0
477316d29ac89539,ddos_wisenet-camera_80,test_text,1,0.999159,1
db52431bac750abc,ddos_wisenet-camera_80,test_text,1,0.999159,1
97c98cec83e89c0c,ddos_wisenet-camera_80,test_text,0,0.001027709,0
5176b860b4cf2090,ddos_wisenet-camera_80,test_text,0,0.0027239942,0
25110de2d24bba2f,ddos_wisenet-camera_80,test_text,1,0.999159,1
8068505585066b91,ddos_wisenet-camera_80,test_text,1,0.999159,1
c76f46d4c83c3f6e,ddos_wisenet-camera_80,test_text,0,0.0013289073,0
41de0bb10fba9a81,ddos_wisenet-camera_80,test_text,1,0.999159,1
3654ec479e42f261,ddos_wisenet-camera_80,test_text,1,0.999159,1
d94ea630c5270249,ddos_wisenet-camera_80,test_text,0,0.0012024456,0
95487f64c3b78082,ddos_wisenet-camera_80,test_text,1,0.999159,1
70d3c845c3657b55,ddos_wisenet-camera_80,test_text,1,0.999159,1
9f0d5baf019c4557,ddos_wisenet-camera_80,test_text,1,0.999159,1
b6b06639b680e257,ddos_wisenet-camera_80,test_text,0,0.0013523843,0
7e814730096af0ba,ddos_wisenet-camera_80,test_text,1,0.999159,1
ad46fcf9b7f894f2,ddos_wisenet-camera_80,test_text,1,0.999159,1
dfd20ef7d5b78e97,ddos_wisenet-camera_80,test_text,1,0.999159,1
1095d4676ca79637,ddos_wisenet-camera_80,test_text,0,0.0010848541,0
2ad06d600a736c1d,ddos_wisenet-camera_80,test_text,1,0.999159,1
6e241c657fd0dd24,ddos_wisenet-camera_80,test_text,1,0.999159,1
eee2abca1fac9142,ddos_wisenet-camera_80,test_text,1,0.999159,1
b36314c387294f93,ddos_wisenet-camera_80,test_text,1,0.999159,1
198d5c0fbb1b1895,ddos_wisenet-camera_80,test_text,0,0.0011741974,0
70d02dce479f1e2e,ddos_wisenet-camera_80,test_text,0,0.005406505,0
32f06f504b8090da,ddos_wisenet-camera_80,test_text,0,0.0014696737,0
7fc231d9f25484e6,ddos_wisenet-camera_80,test_text,0,0.0010614722,0
a4f51cfd91707fcc,ddos_wisenet-camera_80,test_text,1,0.999159,1
82dc5de26e1856c1,ddos_wisenet-camera_80,test_text,1,0.999159,1
7ffd2ef4a45510a9,ddos_wisenet-camera_80,test_text,1,0.999159,1
62bf384c238a84e4,ddos_wisenet-camera_80,test_text,0,0.0010682193,0
92a2123565109d6a,ddos_wisenet-camera_80,test_text,1,0.999159,1
ade01eacfa0f4473,ddos_wisenet-camera_80,test_text,0,0.0012391526,0
14f877e1b7f06720,ddos_wisenet-camera_80,test_text,0,0.0011569984,0
fd3c4ce866101068,ddos_wisenet-camera_80,test_text,1,0.999159,1
59ec2dc647038c06,ddos_wisenet-camera_80,test_text,1,0.999159,1
1f64bcc12edb1199,ddos_wisenet-camera_80,test_text,1,0.999159,1
1fbac1e5f38be029,ddos_wisenet-camera_80,test_text,1,0.999159,1
9ac9b39ab2eb7d5f,ddos_wisenet-camera_80,test_text,1,0.999159,1
33a714ec1b6909e1,ddos_wisenet-camera_80,test_text,0,0.0011915659,0
fdc8956b18c0de91,ddos_wisenet-camera_80,test_text,1,0.999159,1
1ef41cc53e15895c,ddos_wisenet-camera_80,test_text,1,0.999159,1
c643ad2a162dcc7c,ddos_wisenet-camera_80,test_text,1,0.999159,1
d4f4679c0669913e,ddos_wisenet-camera_80,test_text,1,0.999159,1
bfd6753d2fd5cb44,ddos_wisenet-camera_80,test_text,1,0.999159,1
6bc64748cf381e7f,ddos_wisenet-camera_80,test_text,1,0.999159,1
884c58cb00bd57f9,ddos_wisenet-camera_80,test_text,1,0.999159,1
2e4b8a77e311cc50,ddos_wisenet-camera_80,test_text,1,0.999159,1
8366a708e5d054a4,ddos_wisenet-camera_80,test_text,0,0.0011016902,0
5e50a29ff1921f94,ddos_wisenet-camera_80,test_text,1,0.999159,1
9e9e1be68e9bee85,ddos_wisenet-camera_80,test_text,1,0.999159,1
9a9f29c86ea15fbb,ddos_wisenet-camera_80,test_text,1,0.999159,1
95c1e2b16abdaf4c,ddos_wisenet-camera_80,test_text,1,0.999159,1
a904cd61cd7a0ba3,ddos_wisenet-camera_80,test_text,1,0.999159,1
89e676ada385aeb1,ddos_wisenet-camera_80,test_text,1,0.999159,1
66ba7d8738c10fe8,ddos_wisenet-camera_80,test_text,1,0.999159,1
aaa78fb9554a8703,ddos_wisenet-camera_80,test_text,1,0.999159,1
20c32ff4acf537fe,ddos_wisenet-camera_80,test_text,1,0.999159,1
70b115a21f04daf4,ddos_wisenet-camera_80,test_text,1,0.999159,1
9540718da6139bc9,ddos_wisenet-camera_80,test_text,1,0.999159,1
da74c2194901052d,ddos_wisenet-camera_80,test_text,1,0.999159,1
3d5c1bb55df91db5,ddos_wisenet-camera_80,test_text,1,0.999159,1
4accc8a2b616d9ec,ddos_wisenet-camera_80,test_text,1,0.999159,1
ddfe281cfb699c80,ddos_wisenet-camera_80,test_text,1,0.999159,1
acc5d2fc058a4e3a,ddos_wisenet-camera_80,test_text,1,0.999159,1
f4b8619ac77529e8,ddos_wisenet-camera_80,test_text,1,0.999159,1
e002deb239e5b6eb,ddos_wisenet-camera_80,test_text,1,0.999159,1
b05f0059af8882e2,ddos_wisenet-camera_80,test_text,1,0.999159,1
86c2193d52f149f2,ddos_wisenet-camera_80,test_text,1,0.999159,1
469f6439a49f3fd9,ddos_wisenet-camera_80,test_text,1,0.999159,1
b78664381f0e4dba,ddos_wisenet-camera_80,test_text,1,0.999159,1
5144f8c1022d8dba,ddos_wisenet-camera_80,test_text,1,0.999159,1
9ddc115f9296b281,ddos_wisenet-camera_80,test_text,1,0.999159,1
80b0d2c69f92416e,ddos_wisenet-camera_80,test_text,1,0.999159,1
d72cc574d47046ea,ddos_wisenet-camera_80,test_text,1,0.999159,1
bc7f81a6c68f8324,ddos_wisenet-camera_80,test_text,1,0.999159,1
74d0feb9888c73ec,ddos_wisenet-camera_80,test_text,1,0.999159,1
20972fbfc2d135d5,ddos_wisenet-camera_80,test_text,1,0.999159,1
7dae49f4b03ef406,ddos_wisenet-camera_80,test_text,1,0.999159,1
f9ae5f52b13b75a1,ddos_wisenet-camera_80,test_text,1,0.999159,1
2f669d07aee7ee39,ddos_wisenet-camera_80,test_text,1,0.999159,1
b4d5e58041425ef5,ddos_wisenet-camera_80,test_text,1,0.999159,1
8d28af18211dcc24,ddos_wisenet-camera_80,test_text,1,0.999159,1
07d882bd5d0cd79f,ddos_wisenet-camera_80,test_text,1,0.999159,1
d61548dcb065b842,ddos_wisenet-camera_80,test_text,1,0.999159,1
5b328ebb0400ef0f,ddos_wisenet-camera_80,test_text,1,0.999159,1
c858a2973350efee,ddos_wisenet-camera_80,test_text,1,0.999159,1
3bd2fe3602ee1b93,ddos_wisenet-camera_80,test_text,1,0.999159,1
ee8daf86caf91dfb,ddos_wisenet-camera_80,test_text,1,0.999159,1
1837468da68d7f51,ddos_wisenet-camera_80,test_text,1,0.999159,1
47ebd792464383a0,ddos_wisenet-camera_80,test_text,1,0.999159,1
751d3f1458539dfc,ddos_wisenet-camera_80,test_text,1,0.999159,1
bbfce6ca9bca9261,ddos_wisenet-camera_80,test_text,1,0.999159,1
383be0a23d667f2b,ddos_wisenet-camera_80,test_text,1,0.999159,1
ba330df1bddc6480,ddos_wisenet-camera_80,test_text,1,0.998539,1
e7b2a8213d7573db,ddos_wisenet-camera_80,test_text,1,0.999159,1
4b4be9b6a5690b34,ddos_wisenet-camera_80,test_text,1,0.999159,1
a915a92c3817a71a,ddos_wisenet-camera_80,test_text,1,0.999159,1
6d32124731b31d35,ddos_wisenet-camera_80,test_text,1,0.999159,1
07fe659ec2ef9304,ddos_wisenet-camera_80,test_text,1,0.999159,1
d81fec76e84a44a8,ddos_wisenet-camera_80,test_text,1,0.999159,1
882b983e5ad3590e,ddos_wisenet-camera_80,test_text,1,0.999159,1
2b1c25cd45a02434,ddos_wisenet-camera_80,test_text,1,0.999159,1
5af0c022e40cb805,ddos_wisenet-camera_80,test_text,1,0.999159,1
ff5198ffaec87229,ddos_wisenet-camera_80,test_text,1,0.999159,1
5e498c19d7511974,ddos_wisenet-camera_80,test_text,1,0.0032943303,0
39065ea8b458dc9d,ddos_wisenet-camera_80,test_text,1,0.999159,1
630e62c35a40d64d,ddos_wisenet-camera_80,test_text,1,0.999159,1
96b1aff0ba565de6,ddos_wisenet-camera_80,test_text,1,0.999159,1
b2ac923c7073bf42,ddos_wisenet-camera_80,test_text,1,0.999159,1
76d333e5a0fe67f8,ddos_wisenet-camera_80,test_text,1,0.999159,1
80eb78ad08bf2263,ddos_wisenet-camera_80,test_text,1,0.999159,1
2847eb6913aa49a6,ddos_wisenet-camera_80,test_text,1,0.999159,1
0ab6fc3f70774166,ddos_wisenet-camera_80,test_text,1,0.999159,1
26ba3592dfa13f64,ddos_wisenet-camera_80,test_text,1,0.999159,1
4ffe196eaa8040b1,ddos_wisenet-camera_80,test_text,1,0.999159,1
46ae528132f3172b,ddos_wisenet-camera_80,test_text,1,0.999159,1
ee3a7cb4f871dcbb,ddos_wisenet-camera_80,test_text,1,0.999159,1
cb9db913a70ac3d6,ddos_wisenet-camera_80,test_text,1,0.999159,1
5f70c245177b200d,ddos_wisenet-camera_80,test_text,1,0.999159,1
921317ec485a734c,ddos_wisenet-camera_80,test_text,1,0.999159,1
f7be267a697760c9,ddos_wisenet-camera_80,test_text,1,0.999159,1
1bb2d19102ccf1db,ddos_wisenet-camera_80,test_text,1,0.999159,1
792b652c4afe4633,ddos_wisenet-camera_80,test_text,1,0.999159,1
fec310ca91fdc605,ddos_wisenet-camera_80,test_text,1,0.999159,1
69422cdb06d6e19c,ddos_wisenet-camera_80,test_text,1,0.999159,1
7d8512373bb2b9db,ddos_wisenet-camera_80,test_text,1,0.99869496,1
a23f16be6d56dfaf,ddos_wisenet-camera_80,test_text,1,0.999159,1
67eb54d9dc23c0d9,ddos_wisenet-camera_80,test_text,1,0.999159,1
dafb0379aa1ff72a,ddos_wisenet-camera_80,test_text,1,0.999159,1
459bc8544cd9b4c5,ddos_wisenet-camera_80,test_text,1,0.999159,1
65e65ef470dec31c,ddos_wisenet-camera_80,test_text,1,0.999159,1
f8f71712398808a7,ddos_wisenet-camera_80,test_text,1,0.999159,1
f34d7687ff7609eb,ddos_wisenet-camera_80,test_text,1,0.999159,1
90ea41742790b8e9,ddos_wisenet-camera_80,test_text,1,0.999159,1
dcf874c4ed8e1dd4,ddos_wisenet-camera_80,test_text,1,0.999159,1
c208893c14fd842a,ddos_wisenet-camera_80,test_text,1,0.999159,1
488a3ccdeecf91e4,ddos_wisenet-camera_80,test_text,0,0.0010620872,0
67e1dc7fb2f9b918,ddos_wisenet-camera_80,test_text,1,0.999159,1
70dd1190e2f25819,ddos_wisenet-camera_80,test_text,1,0.999159,1
0cb4ee6d4d21bbed,ddos_wisenet-camera_80,test_text,1,0.999159,1
4c8d88cabd3fccec,ddos_wisenet-camera_80,test_text,1,0.999159,1
ead8f81ca49f6afc,ddos_wisenet-camera_80,test_text,1,0.999159,1
2c2c62707f9bf473,ddos_wisenet-camera_80,test_text,1,0.999159,1
84be29319b52c876,ddos_wisenet-camera_80,test_text,1,0.999159,1
cddaf96b86b718d8,ddos_wisenet-camera_80,test_text,1,0.999159,1
5c6d978dc553f0f4,ddos_wisenet-camera_80,test_text,1,0.999159,1
688128679a73242d,ddos_wisenet-camera_80,test_text,1,0.999159,1
9116170b89ae00aa,ddos_wisenet-camera_80,test_text,1,0.999159,1
a0eb78936a9cf6d0,ddos_wisenet-camera_80,test_text,1,0.999159,1
77581585adda62d2,ddos_wisenet-camera_80,test_text,1,0.999159,1
27339ef08f101dad,ddos_wisenet-camera_80,test_text,1,0.999159,1
676a0290306d7418,ddos_wisenet-camera_80,test_text,1,0.999159,1
5e00df7f5b600dd1,ddos_wisenet-camera_80,test_text,1,0.999159,1
f6424e903856e3cc,ddos_wisenet-camera_80,test_text,1,0.999159,1
ef55a0cdb5eeaf0f,ddos_wisenet-camera_80,test_text,1,0.999159,1
06367cefb3251e05,ddos_wisenet-camera_80,test_text,1,0.999159,1
db16a40cbe5722c4,ddos_wisenet-camera_80,test_text,1,0.999159,1
75e2a51fbad9b331,ddos_wisenet-camera_80,test_text,1,0.999159,1
765eee0bbb59ebd8,ddos_wisenet-camera_80,test_text,1,0.999159,1
5935de508762c412,ddos_wisenet-camera_80,test_text,1,0.999159,1
dd116a49686a0b4c,ddos_wisenet-camera_80,test_text,1,0.0035727813,0
baf9d15e60a31606,ddos_wisenet-camera_80,test_text,1,0.999159,1
887f5504461f25b0,ddos_wisenet-camera_80,test_text,1,0.999159,1
6f31fef3cd973642,ddos_wisenet-camera_80,test_text,1,0.999159,1
1baee7c0cab0de94,ddos_wisenet-camera_80,test_text,1,0.999159,1
e25a8c957faae690,ddos_wisenet-camera_80,test_text,1,0.999159,1
cdb37c007400512f,ddos_wisenet-camera_80,test_text,1,0.999159,1
312801098bfd9076,ddos_wisenet-camera_80,test_text,1,0.999159,1
54d768b81dd93eb3,ddos_wisenet-camera_80,test_text,1,0.999159,1
6213708499844cd9,ddos_wisenet-camera_80,test_text,1,0.999159,1
4daa82a99ec18615,ddos_wisenet-camera_80,test_text,1,0.99853754,1
a6f6706328b8c4fe,ddos_wisenet-camera_80,test_text,1,0.999159,1
2aac70615c6d3e37,ddos_wisenet-camera_80,test_text,1,0.999159,1
47ad9bb224ee09be,ddos_wisenet-camera_80,test_text,1,0.999159,1
caebb4232fa67697,ddos_wisenet-camera_80,test_text,1,0.999159,1
7de878044d9213a1,ddos_wisenet-camera_80,test_text,1,0.999159,1
22f356b27e936fe8,ddos_wisenet-camera_80,test_text,0,0.0010531143,0
4d06b37db194ad30,ddos_wisenet-camera_80,test_text,1,0.999159,1
2afcc3cc7eef2cc0,ddos_wisenet-camera_80,test_text,1,0.999159,1
326cd3de12f7c1b9,ddos_wisenet-camera_80,test_text,1,0.999159,1
1978fcafc63ec605,ddos_wisenet-camera_80,test_text,1,0.0036676133,0
600a394a4ea63c94,ddos_wisenet-camera_80,test_text,1,0.999159,1
e2ff920687b4a103,ddos_wisenet-camera_80,test_text,1,0.999159,1
cb474030efae4e68,ddos_wisenet-camera_80,test_text,1,0.999159,1
fd34afd6976876c0,ddos_wisenet-camera_80,test_text,1,0.999159,1
48225df5d0037320,ddos_wisenet-camera_80,test_text,1,0.999159,1
79fee9f805fddef3,ddos_wisenet-camera_80,test_text,1,0.9987159,1
88e80458bb6d7a71,ddos_wisenet-camera_80,test_text,1,0.0035849733,0
fa3e9e915682638f,ddos_wisenet-camera_80,test_text,1,0.999159,1
0be28bb05d1f3a09,ddos_wisenet-camera_80,test_text,1,0.999159,1
83fc8b056c4a2680,ddos_wisenet-camera_80,test_text,1,0.999159,1
eecc266306549a70,ddos_wisenet-camera_80,test_text,1,0.9986842,1
820b769ada0f34b1,ddos_wisenet-camera_80,test_text,1,0.999159,1
f036d6db4fe1009f,ddos_wisenet-camera_80,test_text,1,0.999159,1
48c80cccb6740dff,ddos_wisenet-camera_80,test_text,1,0.999159,1
3cf2862e187858a1,ddos_wisenet-camera_80,test_text,1,0.0035727813,0
701fc8eb1b01c7aa,ddos_wisenet-camera_80,test_text,1,0.999159,1
b06792b7be199142,ddos_wisenet-camera_80,test_text,1,0.999159,1
286bb180d5342f94,ddos_wisenet-camera_80,test_text,1,0.999159,1
4bb19fa33c7a6784,ddos_wisenet-camera_80,test_text,1,0.999159,1
8213e3906669f0da,ddos_wisenet-camera_80,test_text,1,0.999159,1
29c0442cc47c65d8,ddos_wisenet-camera_80,test_text,1,0.999159,1
8147246ef4b5990f,ddos_wisenet-camera_80,test_text,1,0.999159,1
0bf0972c40772b32,ddos_wisenet-camera_80,test_text,1,0.999159,1
ad36bce4626e9cc2,ddos_wisenet-camera_80,test_text,1,0.060114168,0
65e2fc5b6f6f373f,ddos_wisenet-camera_80,test_text,1,0.999159,1
ba8db5cb004c0c87,ddos_wisenet-camera_80,test_text,1,0.999159,1
de7de7f214f9667c,ddos_wisenet-camera_80,test_text,1,0.999159,1
9fd22afb9fb391a3,ddos_wisenet-camera_80,test_text,1,0.999159,1
0ec1e4947fd1512c,ddos_wisenet-camera_80,test_text,1,0.999159,1
d9c5c27326c815a3,ddos_wisenet-camera_80,test_text,1,0.999159,1
0e29c4c48a0f8047,ddos_wisenet-camera_80,test_text,1,0.99853754,1
877ebc44013ade04,ddos_wisenet-camera_80,test_text,1,0.999159,1
63d5735062630b1d,ddos_wisenet-camera_80,test_text,1,0.999159,1
d34444a03e08a601,ddos_wisenet-camera_80,test_text,1,0.999159,1
5a1447a60fc7f844,ddos_wisenet-camera_80,test_text,1,0.999159,1
505648cfde1b4684,ddos_wisenet-camera_80,test_text,1,0.999159,1
7e2605f9448e7ed3,ddos_wisenet-camera_80,test_text,1,0.999159,1
fffab0505e1d2d11,ddos_wisenet-camera_80,test_text,1,0.999159,1
86657f083afe729c,ddos_wisenet-camera_80,test_text,1,0.056455135,0
4b7b8c5ac00ef5d8,ddos_wisenet-camera_80,test_text,1,0.999159,1
aa3de0633295bd6d,ddos_wisenet-camera_80,test_text,1,0.999159,1
00482a08c260b7d7,ddos_wisenet-camera_80,test_text,0,0.0010604352,0
b7833801e65b4394,ddos_wisenet-camera_80,test_text,1,0.999159,1
267f603276349dd7,ddos_wisenet-camera_80,test_text,1,0.999159,1
80e049d378e4a8cf,ddos_wisenet-camera_80,test_text,1,0.999159,1
f7cf982128c02c17,ddos_wisenet-camera_80,test_text,1,0.999159,1
2a262be26a0e0831,ddos_wisenet-camera_80,test_text,1,0.001750766,0
799254e3f57728a1,ddos_wisenet-camera_80,test_text,1,0.999159,1
b2b985940e5f56a6,ddos_wisenet-camera_80,test_text,1,0.999159,1
61155f9d7be7e893,ddos_wisenet-camera_80,test_text,1,0.99869496,1
a67afa6b5548b87b,ddos_wisenet-camera_80,test_text,1,0.999159,1
ab02b316a8e0dd94,ddos_wisenet-camera_80,test_text,1,0.0039049846,0
12b4c83470f7af37,ddos_wisenet-camera_80,test_text,1,0.999159,1
560b1faeafcbd06f,ddos_wisenet-camera_80,test_text,1,0.999159,1
2db52450dd4dbdc9,ddos_wisenet-camera_80,test_text,1,0.999159,1
d178654b12d8def0,ddos_wisenet-camera_80,test_text,1,0.999159,1
4874ee12b6377f05,ddos_wisenet-camera_80,test_text,1,0.999159,1
47e8920ea4086047,ddos_wisenet-camera_80,test_text,1,0.999159,1
59e8dce0b2e9db93,ddos_wisenet-camera_80,test_text,0,0.0010604352,0
7f2aab208f14142a,ddos_wisenet-camera_80,test_text,1,0.999159,1
18af8b71c3112605,ddos_wisenet-camera_80,test_text,1,0.060114168,0
0577c0da95f12aa1,ddos_wisenet-camera_80,test_text,1,0.999159,1
9b85fa8cc47ed5fa,ddos_wisenet-camera_80,test_text,1,0.0036676133,0
b9cec26b996a5937,ddos_wisenet-camera_80,test_text,1,0.999159,1
85c98bf64d266e77,ddos_wisenet-camera_80,test_text,1,0.999159,1
8fb1778feed1d127,ddos_wisenet-camera_80,test_text,1,0.004847847,0
e45684631db35e32,ddos_wisenet-camera_80,test_text,1,0.999159,1
a26dfdf0c89ed402,ddos_wisenet-camera_80,test_text,1,0.999159,1
dbf994c7128518eb,ddos_wisenet-camera_80,test_text,1,0.0041459175,0
6024ac1ff06d62ad,ddos_wisenet-camera_80,test_text,1,0.999159,1
1e8bed600a63cef4,ddos_wisenet-camera_80,test_text,1,0.004616057,0
32d421361168c3c4,ddos_wisenet-camera_80,test_text,1,0.99853754,1
592328f274e9cb53,ddos_wisenet-camera_80,test_text,1,0.998539,1
2566dbb5c2c598a0,ddos_wisenet-camera_80,test_text,1,0.999159,1
2c21a2c374734b05,ddos_wisenet-camera_80,test_text,1,0.999159,1
169cbd195a25d9a1,ddos_wisenet-camera_80,test_text,1,0.0048311614,0
12b2254b906d237e,ddos_wisenet-camera_80,test_text,1,0.999159,1
0ea7bad5dbb85bb1,ddos_wisenet-camera_80,test_text,1,0.9986778,1
6514c91799c1115d,ddos_wisenet-camera_80,test_text,1,0.999159,1
5091db4e00cd5643,ddos_wisenet-camera_80,test_text,1,0.0043759523,0
4a32cab5e5a30334,ddos_wisenet-camera_80,test_text,1,0.99869496,1
4dc2bb9d90f70f36,ddos_wisenet-camera_80,test_text,1,0.0039049846,0
e04a24f52de2bd38,ddos_wisenet-camera_80,test_text,1,0.999159,1
2cf4c5a2d1c5aa26,ddos_wisenet-camera_80,test_text,1,0.9985531,1
1e72f370e2d8f9bb,ddos_wisenet-camera_80,test_text,1,0.998539,1
cfbe0a3d900bceb7,ddos_wisenet-camera_80,test_text,1,0.999159,1
b9bf5c021923c779,ddos_wisenet-camera_80,test_text,1,0.0035727813,0
b53ce1bd2feed9b4,ddos_wisenet-camera_80,test_text,1,0.999159,1
504a70c5a0415c6c,ddos_wisenet-camera_80,test_text,0,0.0012335066,0
a58de2011fd61ee7,ddos_wisenet-camera_80,test_text,1,0.999159,1
e488c9f01c1b0df9,ddos_wisenet-camera_80,test_text,1,0.0032943303,0
88c75b66bbbd8131,ddos_wisenet-camera_80,test_text,1,0.0034880785,0
b73c32ab56b7c5e5,ddos_wisenet-camera_80,test_text,1,0.9986842,1
634e0180b8adec6a,ddos_wisenet-camera_80,test_text,1,0.999159,1
48b2506a6362ae96,ddos_wisenet-camera_80,test_text,1,0.9985531,1
8034e5526e70e115,ddos_wisenet-camera_80,test_text,1,0.0034566429,0
b96949cc02d9808a,ddos_wisenet-camera_80,test_text,1,0.0016427962,0
b1fa663e77329bde,ddos_wisenet-camera_80,test_text,1,0.998539,1
18aca16a448d4505,ddos_wisenet-camera_80,test_text,0,0.0010485412,0
6bd41264607a90ba,ddos_wisenet-camera_80,test_text,1,0.9988544,1
a9fdb6fe3812d9c2,ddos_wisenet-camera_80,test_text,1,0.0056476686,0
8e33760cf15342bf,ddos_wisenet-camera_80,test_text,1,0.999159,1
2684750aea3edd44,ddos_wisenet-camera_80,test_text,0,0.0010862921,0
faaa8bcf7a51fbe8,ddos_wisenet-camera_80,test_text,0,0.0010605981,0
2f9e08f7be9f17a4,ddos_wisenet-camera_80,test_text,1,0.99861634,1
0320666b2506bfb0,ddos_wisenet-camera_80,test_text,1,0.9986687,1
40e7a88a463f5090,ddos_wisenet-camera_80,test_text,0,0.001582547,0
a12fc55f4ad8d9bd,ddos_wisenet-camera_80,test_text,1,0.0034566429,0
abe72fad5dca6673,ddos_wisenet-camera_80,test_text,1,0.999159,1
a854b2df99f8461e,ddos_wisenet-camera_80,test_text,1,0.9986786,1
688f4f9f6bd3dc05,ddos_wisenet-camera_80,test_text,1,0.0035849733,0
7fa1c23de428eab7,ddos_wisenet-camera_80,test_text,1,0.0036676133,0
d0243346a6f283b0,ddos_wisenet-camera_80,test_text,0,0.0010614733,0
3df53be756827084,ddos_wisenet-camera_80,test_text,1,0.999159,1
e815931a9d5153f1,ddos_wisenet-camera_80,test_text,1,0.0015851883,0
516c8788659e393f,ddos_wisenet-camera_80,test_text,1,0.99869496,1
ada72c41520f0cce,ddos_wisenet-camera_80,test_text,1,0.9986687,1
68aa207e656c73a9,ddos_wisenet-camera_80,test_text,1,0.0041459175,0
31f89132b9770210,ddos_wisenet-camera_80,test_text,1,0.0036676133,0
f48d4842deea904f,ddos_wisenet-camera_80,test_text,1,0.005248206,0
cc42957001cf33fa,ddos_wisenet-camera_80,test_text,0,0.0014702162,0
4f2d8cfe737c1ac4,ddos_wisenet-camera_80,test_text,0,0.0010614733,0
0a17ce90420d39a4,ddos_wisenet-camera_80,test_text,1,0.9986842,1
22517b80d6bd70cf,ddos_wisenet-camera_80,test_text,1,0.0012045985,0
b864c383d24c815c,ddos_wisenet-camera_80,test_text,1,0.061496556,0
c67f74dec7fcc367,ddos_wisenet-camera_80,test_text,0,0.0010604352,0
72286c00cd5fd5d0,ddos_wisenet-camera_80,test_text,1,0.0035727813,0
8a101e2c4d7f5b80,ddos_wisenet-camera_80,test_text,1,0.004616057,0
0dcb4667e2cc6bd9,ddos_wisenet-camera_80,test_text,1,0.9985531,1
49a991398a62f79f,ddos_wisenet-camera_80,test_text,1,0.0012020733,0
4093de6523dd1804,ddos_wisenet-camera_80,test_text,1,0.9986778,1
1d9d458b8a7044a6,ddos_wisenet-camera_80,test_text,1,0.0048311614,0
16b8e3f546ad44d0,ddos_wisenet-camera_80,test_text,0,0.0010413418,0
fd1de4ec438e210e,ddos_wisenet-camera_80,test_text,0,0.0010710735,0
d247007d2316ce78,ddos_wisenet-camera_80,test_text,1,0.9991549,1
f14848937c4f9730,ddos_wisenet-camera_80,test_text,1,0.9986842,1
a36d287133916f66,ddos_wisenet-camera_80,test_text,1,0.0638745,0
bee6bc99a3f2ed8f,ddos_wisenet-camera_80,test_text,1,0.9986222,1
d0fcc9fcf755d8a3,ddos_wisenet-camera_80,test_text,0,0.0010605981,0
408fd27db5a40ac1,ddos_wisenet-camera_80,test_text,0,0.0010605981,0
f657f8cb16ca8578,ddos_wisenet-camera_80,test_text,1,0.0034566429,0
cda58f70b9c0fb90,ddos_wisenet-camera_80,test_text,1,0.061496556,0
76fd526e0fc31dd9,ddos_wisenet-camera_80,test_text,1,0.9986786,1
e579ecb83017758c,ddos_wisenet-camera_80,test_text,0,0.0010677075,0
a2edc455c4e2c984,ddos_wisenet-camera_80,test_text,0,0.0011624619,0
38c8018c67e93c79,ddos_wisenet-camera_80,test_text,1,0.0638745,0
10f8a181f1668094,ddos_wisenet-camera_80,test_text,1,0.99860805,1
ee797ec9cfbb6de2,ddos_wisenet-camera_80,test_text,1,0.005248206,0
377f9e47b005de97,ddos_wisenet-camera_80,test_text,1,0.0012045985,0
76e61048c252bba9,ddos_wisenet-camera_80,test_text,1,0.99861085,1
f8b02d6751cfcbeb,ddos_wisenet-camera_80,test_text,1,0.0017692442,0
87b1271032184660,ddos_wisenet-camera_80,test_text,1,0.0012031535,0
3d02d2839ea5d0b4,ddos_wisenet-camera_80,test_text,1,0.0012029485,0
2002df16c0961ff2,ddos_wisenet-camera_80,test_text,1,0.0048311614,0
b4e9fd0c536cd334,ddos_wisenet-camera_80,test_text,1,0.99864775,1
c8dc764ea5add4b0,ddos_wisenet-camera_80,test_text,1,0.004847847,0
68174466c50085c9,ddos_wisenet-camera_80,test_text,1,0.005248206,0
b0ec21d3a44f84c0,ddos_wisenet-camera_80,test_text,1,0.0012031535,0
d6dab8fe12bd6ecf,ddos_wisenet-camera_80,test_text,1,0.998539,1
363bac860de089bc,ddos_wisenet-camera_80,test_text,1,0.99875605,1
3d51d2b735b17284,ddos_wisenet-camera_80,test_text,1,0.99861443,1
adc443e1a3439d50,ddos_wisenet-camera_80,test_text,1,0.9986222,1
6e28647939fc3ab7,ddos_wisenet-camera_80,test_text,1,0.004847847,0
b3adeffa1918aaf7,ddos_wisenet-camera_80,test_text,1,0.0018359527,0
8a1672ad98823b05,ddos_wisenet-camera_80,test_text,1,0.998539,1
2b180f4c79ce7972,ddos_wisenet-camera_80,test_text,1,0.99864775,1
a35c7fb55c6742ba,ddos_wisenet-camera_80,test_text,1,0.998626,1
cae64f3c7cec8e58,ddos_wisenet-camera_80,test_text,0,0.0010677075,0
cfba7f923859bc9b,ddos_wisenet-camera_80,test_text,1,0.061496556,0
4b49e039dc6670de,ddos_wisenet-camera_80,test_text,1,0.001750766,0
6e2a8d687933e870,ddos_wisenet-camera_80,test_text,1,0.99860805,1
44a7f8a8f064d461,ddos_wisenet-camera_80,test_text,1,0.99861085,1
9133bdab6f784b16,ddos_wisenet-camera_80,test_text,1,0.99861634,1
24292810b5c38d68,ddos_wisenet-camera_80,test_text,1,0.004847847,0
0b3b5a50cf1e7e1b,ddos_wisenet-camera_80,test_text,1,0.9986222,1
94df430c89a5df61,ddos_wisenet-camera_80,test_text,1,0.99853754,1
99ef7dcf8c3ea10e,ddos_wisenet-camera_80,test_text,1,0.0034880785,0
c9ae806f63059343,ddos_wisenet-camera_80,test_text,1,0.017854815,0
c32dabac746ab9cd,ddos_wisenet-camera_80,test_text,0,0.001068938,0
18c2931c2ae44927,ddos_wisenet-camera_80,test_text,1,0.99885833,1
9bf11c400833d4cc,ddos_wisenet-camera_80,test_text,1,0.9991553,1
b23c07b8b00f3e7b,ddos_wisenet-camera_80,test_text,1,0.99875605,1
b565f87ca2d8068b,ddos_wisenet-camera_80,test_text,1,0.99875605,1
f281071899d558ef,ddos_wisenet-camera_80,test_text,1,0.99875605,1
28faa62c0ea612da,ddos_wisenet-camera_80,test_text,1,0.013769859,0
2ba388d02fcf29a2,dos_wisenet-camera_554,test_text,1,0.999161,1
0a0ea46ffe0abea9,dos_wisenet-camera_554,test_text,0,0.0012020619,0
324600409dbff071,dos_wisenet-camera_554,test_text,1,0.999161,1
685197bcec519b5d,dos_wisenet-camera_554,test_text,1,0.999161,1
1c763ef3bd864fe8,dos_wisenet-camera_554,test_text,0,0.0011741974,0
cd8d0698e70a1e99,dos_wisenet-camera_554,test_text,1,0.999161,1
29d12cfa876078b3,dos_wisenet-camera_554,test_text,0,0.0010604352,0
8e0e873a448203c9,dos_wisenet-camera_554,test_text,1,0.999161,1
ad10805b540bf40f,dos_wisenet-camera_554,test_text,1,0.999161,1
32c773f2256c84af,dos_wisenet-camera_554,test_text,0,0.0015636412,0
6cb50c4a8ab3448e,dos_wisenet-camera_554,test_text,1,0.999161,1
17087fd023bdc522,dos_wisenet-camera_554,test_text,0,0.0010421298,0
1406ead29b7beab6,dos_wisenet-camera_554,test_text,1,0.999161,1
3f00d2ebfb2bbbe9,dos_wisenet-camera_554,test_text,0,0.0011238675,0
f310f3922bb1cd08,dos_wisenet-camera_554,test_text,0,0.0014696737,0
eb8045cc204b3a70,dos_wisenet-camera_554,test_text,0,0.0014606395,0
7df6bceca52915e0,dos_wisenet-camera_554,test_text,1,0.999161,1
e60cecee21a58fb3,dos_wisenet-camera_554,test_text,1,0.999161,1
e2bdb04ae4eba2ed,dos_wisenet-camera_554,test_text,1,0.999161,1
11127d468513abb2,dos_wisenet-camera_554,test_text,1,0.999161,1
d96a2879809b13f7,dos_wisenet-camera_554,test_text,1,0.999161,1
c66f225cb1c87d47,dos_wisenet-camera_554,test_text,1,0.999161,1
59d0e49bedbc7d9b,dos_wisenet-camera_554,test_text,1,0.999161,1
0986e777bdcdee81,dos_wisenet-camera_554,test_text,0,0.0013403235,0
173117f4003c97ae,dos_wisenet-camera_554,test_text,0,0.0012391526,0
8b6b0a7bd1ee409d,dos_wisenet-camera_554,test_text,0,0.0011328765,0
a3f3049fba88350e,dos_wisenet-camera_554,test_text,1,0.99915814,1
711086fc7a37c857,dos_wisenet-camera_554,test_text,1,0.999161,1
09a263425e0cf8a6,dos_wisenet-camera_554,test_text,1,0.999161,1
cad64f5333bc836b,dos_wisenet-camera_554,test_text,0,0.0011087371,0
2afe9c30e828cd6a,dos_wisenet-camera_554,test_text,1,0.999161,1
037c2453c8c5fb98,dos_wisenet-camera_554,test_text,1,0.999161,1
b722f519da3bb150,dos_wisenet-camera_554,test_text,1,0.999161,1
48838fbdadd27992,dos_wisenet-camera_554,test_text,0,0.0012232629,0
7e7fec60b10c96d7,dos_wisenet-camera_554,test_text,0,0.0012371241,0
a64e303a78c1dd51,dos_wisenet-camera_554,test_text,0,0.0011359135,0
357aa85e5e4e7bf3,dos_wisenet-camera_554,test_text,1,0.9991609,1
d429ef7449ef1b83,dos_wisenet-camera_554,test_text,1,0.999161,1
ca856fae961a5d10,dos_wisenet-camera_554,test_text,1,0.999161,1
b2558c7fe4caac6e,dos_wisenet-camera_554,test_text,1,0.999161,1
640bacc03a61cd30,dos_wisenet-camera_554,test_text,1,0.999161,1
f76a71f6ca39b9f1,dos_wisenet-camera_554,test_text,1,0.999161,1
84be8c35d918c1be,dos_wisenet-camera_554,test_text,1,0.999161,1
f63a7830a3912515,dos_wisenet-camera_554,test_text,1,0.999161,1
c7cd727a8ce4633c,dos_wisenet-camera_554,test_text,0,0.0010290253,0
d1979ac6b423760e,dos_wisenet-camera_554,test_text,1,0.999161,1
06a429d74b5b520b,dos_wisenet-camera_554,test_text,1,0.9991591,1
1fb8dfe9cbce7ae7,dos_wisenet-camera_554,test_text,1,0.999161,1
cf9f8096a7d4f25c,dos_wisenet-camera_554,test_text,1,0.9991609,1
ecfd3a8b0cd3d133,dos_wisenet-camera_554,test_text,1,0.999161,1
9fe7c958d6dc9f7d,dos_wisenet-camera_554,test_text,1,0.9991584,1
d74aac8f9fa7f327,dos_wisenet-camera_554,test_text,1,0.9991584,1
184eae12331a8b7d,dos_wisenet-camera_554,test_text,1,0.999161,1
b036bc26c677cd14,dos_wisenet-camera_554,test_text,1,0.999161,1
c059293f4df6b774,dos_wisenet-camera_554,test_text,1,0.9991573,1
88d7a2bdead37a8f,dos_wisenet-camera_554,test_text,1,0.999161,1
5c318988490d1158,dos_wisenet-camera_554,test_text,1,0.99916077,1
f190dd339fd564d9,dos_wisenet-camera_554,test_text,1,0.999161,1
51a59e6c00df52e5,dos_wisenet-camera_554,test_text,1,0.999161,1
2d2a20ca528af59a,dos_wisenet-camera_554,test_text,0,0.0010610203,0
816eec0c5f4ce1a2,dos_wisenet-camera_554,test_text,1,0.999161,1
e09e1de2e2496f48,dos_wisenet-camera_554,test_text,1,0.999161,1
9aefbc2fde114735,dos_wisenet-camera_554,test_text,1,0.999161,1
867b9d8bc0b0e5ca,dos_wisenet-camera_554,test_text,1,0.999161,1
5752717d4a3761bb,dos_wisenet-camera_554,test_text,1,0.999161,1
bf229e1a1bcb4ba0,dos_wisenet-camera_554,test_text,1,0.9991592,1
69653aa35a48deac,dos_wisenet-camera_554,test_text,1,0.9991572,1
a6aa8dac2c551a6f,dos_wisenet-camera_554,test_text,1,0.999161,1
47aba753fef0a1fd,dos_wisenet-camera_554,test_text,1,0.999161,1
ce637bb51d5fb83b,dos_wisenet-camera_554,test_text,1,0.9991609,1
653e92c531b90eb1,dos_wisenet-camera_554,test_text,0,0.0016460174,0
90bf740111233327,dos_wisenet-camera_554,test_text,1,0.9991584,1
7fea6f0ba068b74d,dos_wisenet-camera_554,test_text,1,0.9991584,1
063540b6cf549617,dos_wisenet-camera_554,test_text,1,0.9991609,1
4d2090df8e71fb48,dos_wisenet-camera_554,test_text,1,0.99915814,1
27f126591815750c,dos_wisenet-camera_554,test_text,1,0.9991572,1
9ade4e5976c3cbdc,dos_wisenet-camera_554,test_text,1,0.9991609,1
e2f4cff64976e3f6,dos_wisenet-camera_554,test_text,1,0.999161,1
603231f3fbeb31e2,dos_wisenet-camera_554,test_text,1,0.999161,1
03d0ed8cef73a48f,dos_wisenet-camera_554,test_text,1,0.999161,1
622fc0426b017078,dos_wisenet-camera_554,test_text,1,0.999161,1
51549f7b1850d808,dos_wisenet-camera_554,test_text,1,0.9991584,1
7181f554b3025fbf,dos_wisenet-camera_554,test_text,1,0.9991609,1
f832f6af946a9f9b,dos_wisenet-camera_554,test_text,1,0.999161,1
76e824be7a1868af,dos_wisenet-camera_554,test_text,1,0.999161,1
08b2de9da1646036,dos_wisenet-camera_554,test_text,1,0.999161,1
5c26a891223fb984,dos_wisenet-camera_554,test_text,1,0.9991609,1
e9c9cc532af05d95,dos_wisenet-camera_554,test_text,1,0.9991609,1
968ad37509dd17b8,dos_wisenet-camera_554,test_text,1,0.999161,1
8120f808581dc449,dos_wisenet-camera_554,test_text,1,0.999161,1
519b664a17ecfb91,dos_wisenet-camera_554,test_text,1,0.999161,1
ef0c67d4c298df2a,dos_wisenet-camera_554,test_text,0,0.0012288099,0
73991a8e2158ca2c,dos_wisenet-camera_554,test_text,1,0.9991609,1
f654ccce2c4adf87,dos_wisenet-camera_554,test_text,1,0.999161,1
c588a4a7078522a6,dos_wisenet-camera_554,test_text,1,0.99915826,1
59e5888395e7d746,dos_wisenet-camera_554,test_text,1,0.999161,1
75eaa9dbbcb479f3,dos_wisenet-camera_554,test_text,1,0.9991609,1
78d49708195eca93,dos_wisenet-camera_554,test_text,1,0.9991609,1
2b2dea730090eb34,dos_wisenet-camera_554,test_text,1,0.999161,1
d6122871d189bca6,dos_wisenet-camera_554,test_text,1,0.9991584,1
cc12be84c5fcf515,dos_wisenet-camera_554,test_text,1,0.9991609,1
802765ac93558d7f,dos_wisenet-camera_554,test_text,1,0.999161,1
8c6ca81ba50bd7ae,dos_wisenet-camera_554,test_text,1,0.999161,1
8a199820c9ca23e1,dos_wisenet-camera_554,test_text,1,0.999161,1
b525457ec66a13b9,dos_wisenet-camera_554,test_text,1,0.9991598,1
d2e03afbd79b4440,dos_wisenet-camera_554,test_text,1,0.9991592,1
438756dae970971e,dos_wisenet-camera_554,test_text,1,0.999161,1
e93fa94563bf35bb,dos_wisenet-camera_554,test_text,1,0.9991609,1
af250ed1c836bcb1,dos_wisenet-camera_554,test_text,1,0.99915814,1
85b69c8289dc7651,dos_wisenet-camera_554,test_text,1,0.9991609,1
e68306908a832ac4,dos_wisenet-camera_554,test_text,1,0.999161,1
f333899fb1ba46c7,dos_wisenet-camera_554,test_text,0,0.0010614733,0
dd88a8e016487621,dos_wisenet-camera_554,test_text,1,0.999161,1
8a4f03d4120bb758,dos_wisenet-camera_554,test_text,1,0.9991609,1
a732bac8128acee7,dos_wisenet-camera_554,test_text,1,0.999161,1
10976093c16a1bff,dos_wisenet-camera_554,test_text,1,0.9991609,1
cf20120c9cf693bc,dos_wisenet-camera_554,test_text,1,0.9991609,1
eaa56ad28925cd35,dos_wisenet-camera_554,test_text,1,0.999161,1
a8fb01300933152c,dos_wisenet-camera_554,test_text,1,0.9991609,1
cf48b2f77a3a99c1,dos_wisenet-camera_554,test_text,1,0.99915814,1
a757f8b103800351,dos_wisenet-camera_554,test_text,1,0.9991609,1
6f3837c0d76295d1,dos_wisenet-camera_554,test_text,1,0.999161,1
8b07465d871c4a8b,dos_wisenet-camera_554,test_text,1,0.999161,1
13fd1e41de316721,dos_wisenet-camera_554,test_text,1,0.9991609,1
32a44de393b7055b,dos_wisenet-camera_554,test_text,1,0.9991572,1
69238d805364d242,dos_wisenet-camera_554,test_text,1,0.999161,1
c6b4396e91c68dac,dos_wisenet-camera_554,test_text,1,0.9991609,1
806f6e04aa8e7932,dos_wisenet-camera_554,test_text,1,0.9991609,1
31445b982825c16d,dos_wisenet-camera_554,test_text,1,0.999161,1
6826116f1801471d,dos_wisenet-camera_554,test_text,1,0.9991609,1
caf6816839116c29,dos_wisenet-camera_554,test_text,1,0.9991572,1
86f551b13fd6ab59,dos_wisenet-camera_554,test_text,1,0.9991609,1
4e8ce3af8b721236,dos_wisenet-camera_554,test_text,1,0.999161,1
a40547ee283ee519,dos_wisenet-camera_554,test_text,1,0.999161,1
b4d8b6f54265e8b4,dos_wisenet-camera_554,test_text,1,0.9991609,1
5d03f50c68245eec,dos_wisenet-camera_554,test_text,1,0.9991592,1
848f2789df0ca86f,dos_wisenet-camera_554,test_text,0,0.0014728997,0
084b57b5352454f6,dos_wisenet-camera_554,test_text,1,0.9991609,1
92e453676817d30b,dos_wisenet-camera_554,test_text,1,0.9991609,1
99cb0049beaab702,dos_wisenet-camera_554,test_text,1,0.999161,1
575bbcfc4021068c,dos_wisenet-camera_554,test_text,1,0.9991592,1
36d6827dce196e80,dos_wisenet-camera_554,test_text,1,0.9991565,1
889c3ad9a65e2045,dos_wisenet-camera_554,test_text,1,0.9991609,1
9e1d37a3961f0ae9,dos_wisenet-camera_554,test_text,1,0.9991609,1
3a684ad57c0db666,dos_wisenet-camera_554,test_text,1,0.9991609,1
5c52003d8e770eff,dos_wisenet-camera_554,test_text,1,0.9991609,1
358b858f2603bf54,dos_wisenet-camera_554,test_text,1,0.9991609,1
8b145cc1e866f65e,dos_wisenet-camera_554,test_text,1,0.9991609,1
16fb3659d9704e4a,dos_wisenet-camera_554,test_text,1,0.9991609,1
635b27d8196e2d7e,dos_wisenet-camera_554,test_text,1,0.999161,1
bb61622fa9c3cc6f,dos_wisenet-camera_554,test_text,1,0.9991609,1
5bda2968ff20738c,dos_wisenet-camera_554,test_text,1,0.9991609,1
dbc7cdb473caac08,dos_wisenet-camera_554,test_text,1,0.9991598,1
44a4933ef27efce1,dos_wisenet-camera_554,test_text,1,0.999161,1
0968c8ebc1d49e91,dos_wisenet-camera_554,test_text,1,0.9991572,1
8df83197bccb13db,dos_wisenet-camera_554,test_text,1,0.9991609,1
9dd762f658bf818f,dos_wisenet-camera_554,test_text,1,0.9991609,1
086c1a13ece5b967,dos_wisenet-camera_554,test_text,1,0.9991597,1
1d533dda5d1b955e,dos_wisenet-camera_554,test_text,1,0.9991609,1
0d5768a0d0623402,dos_wisenet-camera_554,test_text,1,0.9991609,1
8840ec16334a9e83,dos_wisenet-camera_554,test_text,1,0.999161,1
bf74789f052a4cb1,dos_wisenet-camera_554,test_text,1,0.9991609,1
ff6389a254c1ba4c,dos_wisenet-camera_554,test_text,1,0.9991609,1
6ab83c4af026529b,dos_wisenet-camera_554,test_text,1,0.9991592,1
0b2aa731b1f8e7c3,dos_wisenet-camera_554,test_text,1,0.999161,1
c869c68ad85df287,dos_wisenet-camera_554,test_text,1,0.9991609,1
d9c48de1097499c1,dos_wisenet-camera_554,test_text,1,0.9991598,1
9628875b787bfe37,dos_wisenet-camera_554,test_text,1,0.9991609,1
9b1a19d518a4bf7a,dos_wisenet-camera_554,test_text,1,0.9991609,1
7eca0717a4bd34e9,dos_wisenet-camera_554,test_text,1,0.9991609,1
a38ac084472269f5,dos_wisenet-camera_554,test_text,1,0.9991598,1
b3b52b52f46c2241,dos_wisenet-camera_554,test_text,1,0.9991609,1
67ecc55d9217fbca,dos_wisenet-camera_554,test_text,1,0.9991609,1
4dc73df704390a54,dos_wisenet-camera_554,test_text,1,0.9991609,1
fe487632d86b5ce5,dos_wisenet-camera_554,test_text,1,0.9991609,1
3f3c7d9631f74915,dos_wisenet-camera_554,test_text,1,0.9991609,1
1a651b29099b3cfc,dos_wisenet-camera_554,test_text,1,0.9991598,1
f5c3c6402268eb71,dos_wisenet-camera_554,test_text,1,0.9991598,1
c5ba1b6e918f0d44,dos_wisenet-camera_554,test_text,1,0.9991609,1
055f3cdb2055cfe7,dos_wisenet-camera_554,test_text,1,0.9991609,1
839e67444899c0a9,dos_wisenet-camera_554,test_text,1,0.9991609,1
499829a13c1cb635,dos_wisenet-camera_554,test_text,1,0.9991609,1
064dc23fd23c8b64,dos_wisenet-camera_554,test_text,1,0.99915826,1
ead14c9e4e48d632,dos_wisenet-camera_554,test_text,1,0.9991609,1
9f4279f3bcfdaaf0,dos_wisenet-camera_554,test_text,1,0.9991609,1
6551cfebea8bcb7a,dos_wisenet-camera_554,test_text,1,0.9991609,1
4418fa138d68b516,dos_wisenet-camera_554,test_text,1,0.9991609,1
8db72d14fb3d7866,dos_wisenet-camera_554,test_text,1,0.9991609,1
819b4970fa2f69ba,dos_wisenet-camera_554,test_text,1,0.9991609,1
7d64a1990153bfe7,dos_wisenet-camera_554,test_text,1,0.9991609,1
3460179f4fb2b2fd,dos_wisenet-camera_554,test_text,1,0.9991609,1
050fbab6f74eda0e,dos_wisenet-camera_554,test_text,1,0.9991609,1
f8f6423d91f28f43,dos_wisenet-camera_554,test_text,1,0.9991609,1
d546c2c52a9b49b0,dos_wisenet-camera_554,test_text,1,0.9991609,1
bc1d017cf614462b,dos_wisenet-camera_554,test_text,1,0.9991609,1
b11458d1e629bf5e,dos_wisenet-camera_554,test_text,1,0.9991598,1
e2cd998197c66b06,dos_wisenet-camera_554,test_text,1,0.9991609,1
cb3cfa579c1cda91,dos_wisenet-camera_554,test_text,1,0.9991597,1
aa58571b81a2afbd,dos_wisenet-camera_554,test_text,1,0.9991609,1
589f8366813c38d2,dos_wisenet-camera_554,test_text,1,0.9991609,1
7ce5de5dac43904e,dos_wisenet-camera_554,test_text,1,0.9991592,1
e1a1ed030fb4283b,dos_wisenet-camera_554,test_text,1,0.9991609,1
2cf40cca8358bfd9,dos_wisenet-camera_554,test_text,1,0.99915886,1
eb84e49f2bf6b15f,dos_wisenet-camera_554,test_text,1,0.9991609,1
5ab5e610804eda5f,dos_wisenet-camera_554,test_text,1,0.9991609,1
8c43d1e4cbfd6c67,dos_wisenet-camera_554,test_text,1,0.9991609,1
4503d6d0aa2a612a,dos_wisenet-camera_554,test_text,1,0.9991592,1
3b22cb6bd02e8e53,dos_wisenet-camera_554,test_text,1,0.9991592,1
07a84328506fcfe3,dos_wisenet-camera_554,test_text,1,0.9991609,1
d3d5a6fe748adf7e,dos_wisenet-camera_554,test_text,1,0.9991609,1
6cb172ac9a8fec5b,dos_wisenet-camera_554,test_text,1,0.9991609,1
e44ee611ca674b04,dos_wisenet-camera_554,test_text,1,0.9991609,1
72b7681123fd930a,dos_wisenet-camera_554,test_text,1,0.9991592,1
a1350776fa0f6762,dos_wisenet-camera_554,test_text,1,0.9991592,1
8204c81b49019a88,dos_wisenet-camera_554,test_text,1,0.9991609,1
6a79224422c90f6f,dos_wisenet-camera_554,test_text,1,0.9991609,1
a252a71032a54675,dos_wisenet-camera_554,test_text,1,0.9991609,1
84635c1789e58e13,dos_wisenet-camera_554,test_text,1,0.999158,1
6bbf83f07905f6f7,dos_wisenet-camera_554,test_text,1,0.9991592,1
1e904fb0f0d49239,dos_wisenet-camera_554,test_text,1,0.9991609,1
e195f52d8875fb56,dos_wisenet-camera_554,test_text,1,0.9991609,1
5a0bd7fdfcf0c0f1,dos_wisenet-camera_554,test_text,1,0.9991598,1
c7353a3e86172590,dos_wisenet-camera_554,test_text,1,0.9991609,1
cd3a7ce429d3908d,dos_wisenet-camera_554,test_text,1,0.9991609,1
e79b206be1e8eb88,dos_wisenet-camera_554,test_text,1,0.9991609,1
b45e31276db1aa0a,dos_wisenet-camera_554,test_text,1,0.9991609,1
c11eda60ad17698e,dos_wisenet-camera_554,test_text,1,0.9991609,1
c43932ad4ee2d11f,dos_wisenet-camera_554,test_text,1,0.9991609,1
bab87dc014b5eb0d,dos_wisenet-camera_554,test_text,1,0.99916077,1
bffaf889b7f8076a,dos_wisenet-camera_554,test_text,1,0.9991592,1
0c81b61ff78e467e,dos_wisenet-camera_554,test_text,1,0.9991609,1
9564881dcca587ed,dos_wisenet-camera_554,test_text,1,0.9991598,1
4f9c5fccf2b116b5,dos_wisenet-camera_554,test_text,1,0.9991609,1
e89e9cae5153cd36,dos_wisenet-camera_554,test_text,1,0.9991609,1
b0145e1317073a50,dos_wisenet-camera_554,test_text,1,0.9991609,1
596ce0568eb83a3f,dos_wisenet-camera_554,test_text,1,0.9991609,1
d76ec571bb5e3a9d,dos_wisenet-camera_554,test_text,1,0.9991609,1
b6767b59b69bd455,dos_wisenet-camera_554,test_text,1,0.9991609,1
9b057c936ffb0619,dos_wisenet-camera_554,test_text,1,0.9991611,1
dab1f26a131f087d,dos_wisenet-camera_554,test_text,1,0.9991609,1
08677139688f15db,dos_wisenet-camera_554,test_text,1,0.9991609,1
9a690cdfc5a655d8,dos_wisenet-camera_554,test_text,1,0.9991611,1
5970a733d5ee67fe,dos_wisenet-camera_554,test_text,1,0.99916077,1
ccf974b3d1e3c67e,dos_wisenet-camera_554,test_text,1,0.9991609,1
c6152ad9a0b35aa2,dos_wisenet-camera_554,test_text,1,0.9991609,1
73afde14a39873d3,dos_wisenet-camera_554,test_text,1,0.9991609,1
234bc684b999e27e,dos_wisenet-camera_554,test_text,1,0.9991598,1
aaba4dbb2f834286,dos_wisenet-camera_554,test_text,1,0.9991598,1
211f6c27dd066c20,dos_wisenet-camera_554,test_text,1,0.9991609,1
469e35b334472740,dos_wisenet-camera_554,test_text,1,0.9991584,1
f650daa36afc0e2c,dos_wisenet-camera_554,test_text,1,0.99916077,1
1b764605e3d8b7ee,dos_wisenet-camera_554,test_text,1,0.9991592,1
f741b1b9a86aec1e,dos_wisenet-camera_554,test_text,1,0.9991611,1
f13328ff3dd39ec2,dos_wisenet-camera_554,test_text,1,0.9991609,1
615dcfffcf044003,dos_wisenet-camera_554,test_text,1,0.9991609,1
13cbebf3302c20d0,dos_wisenet-camera_554,test_text,1,0.9991609,1
e1452a9965683a3f,dos_wisenet-camera_554,test_text,1,0.99916077,1
947d8991edef7a5a,dos_wisenet-camera_554,test_text,1,0.99916077,1
1977829aad819aeb,dos_wisenet-camera_554,test_text,1,0.999158,1
c4f4641c6087daeb,dos_wisenet-camera_554,test_text,1,0.9991609,1
568fe8074ff8482b,dos_wisenet-camera_554,test_text,1,0.9991611,1
6d1dbb7533e9e2e7,dos_wisenet-camera_554,test_text,1,0.9991611,1
c2957be2860fa39a,dos_wisenet-camera_554,test_text,1,0.9991609,1
58ca5b4d04bee8f6,dos_wisenet-camera_554,test_text,1,0.9991611,1
d3e10011e140d067,dos_wisenet-camera_554,test_text,1,0.9991611,1
77f91d79c16539c2,dos_wisenet-camera_554,test_text,1,0.9991609,1
73ca3b777f5a74db,dos_wisenet-camera_554,test_text,1,0.9991609,1
222bbed65211e41a,dos_wisenet-camera_554,test_text,1,0.99916077,1
985d8743c0d638ac,dos_wisenet-camera_554,test_text,1,0.99916077,1
4508d806f165ebfa,dos_wisenet-camera_554,test_text,1,0.9991598,1
2267b72ceab72674,dos_wisenet-camera_554,test_text,1,0.9991592,1
bb23a95de7fe6049,dos_wisenet-camera_554,test_text,1,0.9991611,1
d23a89c7d7144027,dos_wisenet-camera_554,test_text,1,0.9991611,1
450be488879e81b7,dos_wisenet-camera_554,test_text,1,0.9991598,1
9a9148d869a25a94,dos_wisenet-camera_554,test_text,1,0.9991592,1
a21a5e7c6f780b81,dos_wisenet-camera_554,test_text,1,0.9991611,1
510eec39c496b7f4,dos_wisenet-camera_554,test_text,1,0.99916077,1
f6fb2f1a1b5cb2cd,dos_wisenet-camera_554,test_text,1,0.99915934,1
e75a799b6e7442c4,dos_wisenet-camera_554,test_text,1,0.9991584,1
abdf640170635d28,dos_wisenet-camera_554,test_text,1,0.99916077,1
274cff6a966dd252,dos_wisenet-camera_554,test_text,1,0.9991609,1
ad7920828adb1829,dos_wisenet-camera_554,test_text,1,0.9991592,1
3597ed9d6e6fe641,dos_wisenet-camera_554,test_text,1,0.9991611,1
671edee1b3cd8b37,dos_wisenet-camera_554,test_text,1,0.99915934,1
ea80025d36ed9480,dos_wisenet-camera_554,test_text,1,0.0022302035,0
adeb759711942f17,dos_wisenet-camera_554,test_text,1,0.9991611,1
885ab609e4c0c870,dos_wisenet-camera_554,test_text,1,0.99916077,1
fdd7151ef00cbc51,dos_wisenet-camera_554,test_text,1,0.9991592,1
f7fec248caa142d1,dos_wisenet-camera_554,test_text,1,0.9991592,1
b78295ffbff292cb,dos_wisenet-camera_554,test_text,1,0.99916077,1
bfcc93ff40a8bf2f,dos_wisenet-camera_554,test_text,0,0.0010604352,0
ec213d56fbb5e387,dos_wisenet-camera_554,test_text,1,0.9991609,1
64b2f8fc13fd5ee4,dos_wisenet-camera_554,test_text,1,0.9991592,1
867a34ae3799aa94,dos_wisenet-camera_554,test_text,0,0.0011812199,0
56a92fbd4ee16876,dos_wisenet-camera_554,test_text,1,0.9991609,1
b08354ff00c96cf3,dos_wisenet-camera_554,test_text,1,0.9991592,1
9b2ae01e7d4475e9,dos_wisenet-camera_554,test_text,1,0.9991592,1
224603743c53f00c,dos_wisenet-camera_554,test_text,1,0.99916077,1
853f5bed6d01f6d2,dos_wisenet-camera_554,test_text,1,0.9991611,1
080aff1369d0b326,dos_wisenet-camera_554,test_text,0,0.0010605981,0
f51f95112668c268,dos_wisenet-camera_554,test_text,1,0.9991609,1
28bace276299b027,dos_wisenet-camera_554,test_text,1,0.9991592,1
a6bbfbfaeb627ad8,dos_wisenet-camera_554,test_text,0,0.0010601282,0
b00d37ce10ba47e6,dos_wisenet-camera_554,test_text,1,0.99916077,1
78c3da59b1d2c9a6,dos_wisenet-camera_554,test_text,0,0.0010485412,0
7aa2c2ed8dbd0370,dos_wisenet-camera_554,test_text,1,0.9991592,1
9ad6641b6acd1f84,dos_wisenet-camera_554,test_text,1,0.9991592,1
e935de964593ad47,dos_wisenet-camera_554,test_text,1,0.99916077,1
dc10b3c772ed123e,dos_wisenet-camera_554,test_text,0,0.0010601282,0
7609bab8033d55d9,dos_wisenet-camera_554,test_text,1,0.9991592,1
c63ddca8c34b1ba8,dos_wisenet-camera_554,test_text,1,0.9991609,1
62a53a11d832dfbf,dos_wisenet-camera_554,test_text,1,0.9991609,1
523715b3d91bac82,dos_wisenet-camera_554,test_text,0,0.0010614733,0
71f1d98cd1da0cd6,dos_wisenet-camera_554,test_text,1,0.9991592,1
6576c910ff1d4659,dos_wisenet-camera_554,test_text,1,0.9991611,1
60f1733931e6d6af,dos_wisenet-camera_554,test_text,1,0.9991598,1
793f57e0e37ecf3e,dos_wisenet-camera_554,test_text,1,0.9991609,1
97fb037f29e19bbe,dos_wisenet-camera_554,test_text,0,0.0010604352,0
cd4bdd94e2cdc84e,dos_wisenet-camera_554,test_text,0,0.0010389047,0
7eb844043681306a,dos_wisenet-camera_554,test_text,0,0.0010614733,0
45241805a9fbed3e,dos_wisenet-camera_554,test_text,1,0.9991611,1
c3ea79c340862dd5,dos_wisenet-camera_554,test_text,1,0.9991611,1
bc1603ad75dc3018,dos_wisenet-camera_554,test_text,0,0.0010367794,0
567ad6c347f62c16,dos_wisenet-camera_554,test_text,0,0.0010537354,0
d1de78431ba24f8b,dos_wisenet-camera_554,test_text,1,0.9991609,1
6e5fa068e3af06fe,dos_wisenet-camera_554,test_text,1,0.9991611,1
e3c9c016b751f4c8,dos_wisenet-camera_554,test_text,1,0.9991598,1
a5616fdf677ef2bb,dos_wisenet-camera_554,test_text,0,0.0010677075,0
174c84c7bb3dc3b7,dos_wisenet-camera_554,test_text,1,0.9991598,1
6ee73edd00520dc1,dos_wisenet-camera_554,test_text,1,0.9991611,1
b70faf9583a0904e,dos_wisenet-camera_554,test_text,0,0.0010253438,0
0d36c86bf04d4d27,dos_wisenet-camera_554,test_text,0,0.0010420772,0
1705720aef690362,dos_wisenet-camera_554,test_text,0,0.0011077273,0
e340507fa26fae9e,dos_wisenet-camera_554,test_text,1,0.9991578,1
defcca216dd56350,dos_wisenet-camera_554,test_text,1,0.9991611,1
a610098908e0a09b,dos_wisenet-camera_554,test_text,0,0.0010604352,0
3692471be2c49987,dos_wisenet-camera_554,test_text,0,0.0010614733,0
bbf192ec1cff1f5a,dos_wisenet-camera_554,test_text,1,0.9991578,1
2dce83f8506fb029,dos_wisenet-camera_554,test_text,1,0.9991611,1
3bbc409c47c2c9d4,dos_wisenet-camera_554,test_text,0,0.0010379812,0
6e987bccd37c36c3,dos_wisenet-camera_554,test_text,0,0.0010376268,0
6729d96fc229a6cf,dos_wisenet-camera_554,test_text,0,0.0010286772,0
e1f1bc24af8ac086,dos_wisenet-camera_554,test_text,0,0.0010300545,0
07e5ea8f03da476c,dos_wisenet-camera_80,test_text,1,0.99915934,1
f206ad3f0a2fa43f,dos_wisenet-camera_80,test_text,1,0.99915934,1
aa892eeaad1b66ec,dos_wisenet-camera_80,test_text,1,0.99915934,1
3ccd9c334e5d204f,dos_wisenet-camera_80,test_text,1,0.99915934,1
084a07047dbbb867,dos_wisenet-camera_80,test_text,1,0.99915934,1
641aef4336a19e91,dos_wisenet-camera_80,test_text,1,0.99915934,1
eb234d677aa9b96e,dos_wisenet-camera_80,test_text,1,0.99915934,1
816d7d301651644d,dos_wisenet-camera_80,test_text,1,0.99915934,1
acf9c827eb0e43c3,dos_wisenet-camera_80,test_text,1,0.99915934,1
b230baf7d17fef6c,dos_wisenet-camera_80,test_text,1,0.99915934,1
2134e832b94212cb,dos_wisenet-camera_80,test_text,0,0.0011307638,0
1d49f289e6fc9f94,dos_wisenet-camera_80,test_text,1,0.99915934,1
1777cce92165326e,dos_wisenet-camera_80,test_text,1,0.99915946,1
75264d75b7ccff5c,dos_wisenet-camera_80,test_text,1,0.99915934,1
7efed8675e1cd1f4,dos_wisenet-camera_80,test_text,0,0.0012041223,0
08752c6edcadfdf5,dos_wisenet-camera_80,test_text,0,0.0013430306,0
39d1c446e8c0a586,dos_wisenet-camera_80,test_text,1,0.99915934,1
d310139295eaf0d6,dos_wisenet-camera_80,test_text,0,0.0011359135,0
13fa4a4d932654f5,dos_wisenet-camera_80,test_text,1,0.99915946,1
4b4ede36e54e234d,dos_wisenet-camera_80,test_text,1,0.99915946,1
48868bc9374795a4,dos_wisenet-camera_80,test_text,1,0.99915934,1
8226c48fc62d7de9,dos_wisenet-camera_80,test_text,1,0.99915934,1
244cc64646c9f5eb,dos_wisenet-camera_80,test_text,0,0.0012391526,0
d6d6ffa3c43bb844,dos_wisenet-camera_80,test_text,1,0.99915934,1
eec2ae5b0128fbb6,dos_wisenet-camera_80,test_text,0,0.0014503483,0
f800e81a8b0c4acf,dos_wisenet-camera_80,test_text,0,0.0010427842,0
c11a4552afda6906,dos_wisenet-camera_80,test_text,1,0.99915946,1
63e3086ec6267323,dos_wisenet-camera_80,test_text,1,0.99915934,1
16c6c7918409991c,dos_wisenet-camera_80,test_text,1,0.9991566,1
446dd1593ec9ece2,dos_wisenet-camera_80,test_text,1,0.99915934,1
d8543535d4ea137e,dos_wisenet-camera_80,test_text,1,0.99915934,1
454bad93653d1de9,dos_wisenet-camera_80,test_text,0,0.0015636412,0
2dfe95eef87e0320,dos_wisenet-camera_80,test_text,0,0.0010391873,0
60617f5ae493ce6c,dos_wisenet-camera_80,test_text,0,0.0011741974,0
27ec7bd498286824,dos_wisenet-camera_80,test_text,1,0.99915934,1
8622018c03b49692,dos_wisenet-camera_80,test_text,0,0.0013523843,0
5b0e9f47e00d0d90,dos_wisenet-camera_80,test_text,1,0.99915934,1
df8b6613864dd03c,dos_wisenet-camera_80,test_text,1,0.99915934,1
329417f80f43fc96,dos_wisenet-camera_80,test_text,1,0.99915946,1
b0d5cdd141ea1ce7,dos_wisenet-camera_80,test_text,1,0.99915946,1
deafb4ca028242b5,dos_wisenet-camera_80,test_text,1,0.99915934,1
1c946218209bbaa3,dos_wisenet-camera_80,test_text,1,0.99915946,1
325d7252b785f2f1,dos_wisenet-camera_80,test_text,1,0.99915934,1
99ba9fd7f9bfcec6,dos_wisenet-camera_80,test_text,0,0.0012570574,0
11b127eb72e1c4fa,dos_wisenet-camera_80,test_text,1,0.99915934,1
aa56204deb82183f,dos_wisenet-camera_80,test_text,1,0.99915946,1
f5efab6fcbcc5c3a,dos_wisenet-camera_80,test_text,1,0.99915934,1
ac7b72def550bff4,dos_wisenet-camera_80,test_text,1,0.99915934,1
bcc1aeea15137d31,dos_wisenet-camera_80,test_text,1,0.99915946,1
99af8503c2f8e116,dos_wisenet-camera_80,test_text,1,0.99915946,1
289a58140fb8a7a3,dos_wisenet-camera_80,test_text,1,0.99915946,1
700839a53dcd6a0b,dos_wisenet-camera_80,test_text,1,0.99915946,1
0ddf22d399c7c6b4,dos_wisenet-camera_80,test_text,1,0.99915934,1
e5ab12bd04e78b7c,dos_wisenet-camera_80,test_text,1,0.99915934,1
3ed500403bf1423c,dos_wisenet-camera_80,test_text,1,0.99915934,1
a81ee3dbe9688742,dos_wisenet-camera_80,test_text,1,0.99915946,1
664c564f1aebe43e,dos_wisenet-camera_80,test_text,1,0.99915934,1
72ede7bc1ab0be0c,dos_wisenet-camera_80,test_text,1,0.99915934,1
8d2b57477e8537ea,dos_wisenet-camera_80,test_text,1,0.99915946,1
a4dfb5404f6a4a8d,dos_wisenet-camera_80,test_text,1,0.99915946,1
1690879d863c3c25,dos_wisenet-camera_80,test_text,1,0.99915946,1
a82a73cbd8cb76dc,dos_wisenet-camera_80,test_text,1,0.99915946,1
5df1ddcdd243a2d7,dos_wisenet-camera_80,test_text,1,0.99915934,1
6505c7459d7c85fc,dos_wisenet-camera_80,test_text,1,0.99915934,1
97abfa680c606d13,dos_wisenet-camera_80,test_text,1,0.99915934,1
b3dff06f32cba758,dos_wisenet-camera_80,test_text,1,0.99915934,1
4df09650dfd234ec,dos_wisenet-camera_80,test_text,1,0.99915946,1
b7d51407a38d5ddf,dos_wisenet-camera_80,test_text,1,0.99915934,1
87006fa1cc0c280a,dos_wisenet-camera_80,test_text,1,0.99915946,1
56cc24a27dc5569f,dos_wisenet-camera_80,test_text,1,0.99915946,1
5902377585672289,dos_wisenet-camera_80,test_text,1,0.9991566,1
7d88728bca875075,dos_wisenet-camera_80,test_text,1,0.99915946,1
c5d7eb72b1754a5d,dos_wisenet-camera_80,test_text,1,0.99915946,1
7bf7de32806f3a66,dos_wisenet-camera_80,test_text,1,0.99915934,1
841ebd9e6e90d19c,dos_wisenet-camera_80,test_text,1,0.99915934,1
3e86bb0174306f94,dos_wisenet-camera_80,test_text,1,0.99915946,1
a9f48d4f7423ce4b,dos_wisenet-camera_80,test_text,1,0.99915934,1
3a2ff346dd84dcdd,dos_wisenet-camera_80,test_text,1,0.99915946,1
9a372cd461e97ae2,dos_wisenet-camera_80,test_text,1,0.99915934,1
0d060e9f8e9bbd63,dos_wisenet-camera_80,test_text,1,0.99915946,1
55a468cb05cd8c01,dos_wisenet-camera_80,test_text,1,0.99915946,1
4023d4e1aed08911,dos_wisenet-camera_80,test_text,1,0.99915946,1
6ffd6fa1ca00434a,dos_wisenet-camera_80,test_text,1,0.99915946,1
7b54b92f88ef2d99,dos_wisenet-camera_80,test_text,1,0.99915934,1
ab7a7ea16c5c5670,dos_wisenet-camera_80,test_text,1,0.99915946,1
fd8d5fc3db3d289b,dos_wisenet-camera_80,test_text,1,0.99915934,1
db2739bf1419503b,dos_wisenet-camera_80,test_text,1,0.99915946,1
419a21451190f5d8,dos_wisenet-camera_80,test_text,1,0.99915934,1
26478aeaa92faefc,dos_wisenet-camera_80,test_text,1,0.9991566,1
878a1fff804d00b0,dos_wisenet-camera_80,test_text,1,0.99915934,1
c4a41e8274892a5b,dos_wisenet-camera_80,test_text,1,0.99915946,1
47a816d6cc1b7154,dos_wisenet-camera_80,test_text,1,0.99915946,1
557d580423b0a4a7,dos_wisenet-camera_80,test_text,1,0.99915946,1
c0483faed4b4fb58,dos_wisenet-camera_80,test_text,1,0.99915946,1
079900bf357e736d,dos_wisenet-camera_80,test_text,1,0.99915934,1
9d480e3ce4182bfb,dos_wisenet-camera_80,test_text,1,0.99915946,1
957f48475e0d04fb,dos_wisenet-camera_80,test_text,1,0.99915934,1
333449ccf3f6636d,dos_wisenet-camera_80,test_text,1,0.99915946,1
be9db7b9cdb0e876,dos_wisenet-camera_80,test_text,1,0.99915946,1
3ef97d0ffc97c02a,dos_wisenet-camera_80,test_text,1,0.99915934,1
6ad141f982cd6707,dos_wisenet-camera_80,test_text,1,0.99915946,1
9962a7db3e2c2d3e,dos_wisenet-camera_80,test_text,1,0.99915946,1
de9a5306fbbca1da,dos_wisenet-camera_80,test_text,1,0.99915946,1
30da364db413ae49,dos_wisenet-camera_80,test_text,1,0.99915946,1
cbc4b428e429e932,dos_wisenet-camera_80,test_text,1,0.99915946,1
b753df770bffe11a,dos_wisenet-camera_80,test_text,1,0.99915946,1
d3ad665e82d919e0,dos_wisenet-camera_80,test_text,1,0.99915934,1
8c8e5573bcc174b4,dos_wisenet-camera_80,test_text,1,0.9991566,1
7be14ba4df75cd0b,dos_wisenet-camera_80,test_text,1,0.99915946,1
ca7d6ec77fa4d67b,dos_wisenet-camera_80,test_text,1,0.99915934,1
0039d11cdb4faa20,dos_wisenet-camera_80,test_text,1,0.99915934,1
07ecffca6ff45cb5,dos_wisenet-camera_80,test_text,1,0.99915946,1
4744a7586fefef24,dos_wisenet-camera_80,test_text,1,0.99915946,1
f09083f059aabed4,dos_wisenet-camera_80,test_text,1,0.99915946,1
fbf61144e9b8f136,dos_wisenet-camera_80,test_text,1,0.99915946,1
a240c89927fd57c5,dos_wisenet-camera_80,test_text,1,0.99915946,1
b8b10b55ea5c1787,dos_wisenet-camera_80,test_text,1,0.99915946,1
32cc9b495e683398,dos_wisenet-camera_80,test_text,1,0.99915946,1
e72c857efdce3f78,dos_wisenet-camera_80,test_text,1,0.99915934,1
8cb5028b9628623c,dos_wisenet-camera_80,test_text,1,0.99915946,1
bbeb6b3c0a4448f7,dos_wisenet-camera_80,test_text,1,0.99915946,1
3d807a12ccd94ec0,dos_wisenet-camera_80,test_text,1,0.99915946,1
36544940cfe842b7,dos_wisenet-camera_80,test_text,1,0.99915946,1
afc0cac22353e8fc,dos_wisenet-camera_80,test_text,1,0.99915946,1
89372de2d071c335,dos_wisenet-camera_80,test_text,1,0.99915946,1
47b20d8eb9492971,dos_wisenet-camera_80,test_text,1,0.99915946,1
d79f130c60b4c9d5,dos_wisenet-camera_80,test_text,1,0.99915946,1
8e4ba8584c67f26a,dos_wisenet-camera_80,test_text,1,0.99915946,1
8e300b7562db94ac,dos_wisenet-camera_80,test_text,1,0.99915946,1
2acc6efe1bc4d25a,dos_wisenet-camera_80,test_text,1,0.99915934,1
570aaaecfb834e69,dos_wisenet-camera_80,test_text,1,0.99915946,1
98211e66a22ec873,dos_wisenet-camera_80,test_text,1,0.99915946,1
f6866366be51b2ca,dos_wisenet-camera_80,test_text,1,0.9991566,1
55699eeb19a580dd,dos_wisenet-camera_80,test_text,1,0.99915946,1
37c71f6ad8a9aae2,dos_wisenet-camera_80,test_text,1,0.99915946,1
10f2a276813aedd8,dos_wisenet-camera_80,test_text,1,0.99915946,1
c9b581e3e06096f6,dos_wisenet-camera_80,test_text,1,0.99915946,1
39998174f3e69735,dos_wisenet-camera_80,test_text,1,0.99915946,1
f19c386fd8ec15b3,dos_wisenet-camera_80,test_text,1,0.99915946,1
dbdbd74cd5e4ea9b,dos_wisenet-camera_80,test_text,1,0.99915946,1
cd358d28110ad2ee,dos_wisenet-camera_80,test_text,1,0.99915946,1
16883e8a43a37b4b,dos_wisenet-camera_80,test_text,1,0.99915946,1
fd7a7fb056503793,dos_wisenet-camera_80,test_text,1,0.99915946,1
8775c424429680c2,dos_wisenet-camera_80,test_text,1,0.99915946,1
4f4d26c0ae7739d9,dos_wisenet-camera_80,test_text,1,0.99915946,1
b61d67358dbd8064,dos_wisenet-camera_80,test_text,1,0.99915946,1
ae139b1e86f3ab0e,dos_wisenet-camera_80,test_text,1,0.99915946,1
10a8dde6f250f624,dos_wisenet-camera_80,test_text,1,0.99915946,1
f8f1037d6cb90908,dos_wisenet-camera_80,test_text,1,0.9991566,1
168f0dc8223b4418,dos_wisenet-camera_80,test_text,1,0.99915946,1
bd7960ede8384764,dos_wisenet-camera_80,test_text,1,0.99915946,1
84b697e4a44d1274,dos_wisenet-camera_80,test_text,1,0.99915946,1
75b7585da46e4f79,dos_wisenet-camera_80,test_text,1,0.99915946,1
6f755e6e5cc7646e,dos_wisenet-camera_80,test_text,1,0.99915946,1
6a9ae9f3e9539ba2,dos_wisenet-camera_80,test_text,1,0.99915946,1
34e0b86ec0f6c779,dos_wisenet-camera_80,test_text,1,0.99915946,1
e43aec47b80b9e65,dos_wisenet-camera_80,test_text,1,0.99915946,1
3966dec46a3e8b29,dos_wisenet-camera_80,test_text,1,0.99915946,1
458398ed31c83db8,dos_wisenet-camera_80,test_text,1,0.99915946,1
4333e01411e9330a,dos_wisenet-camera_80,test_text,1,0.99915946,1
e0c43dac75f7223d,dos_wisenet-camera_80,test_text,1,0.99915946,1
285a816619cc35fd,dos_wisenet-camera_80,test_text,1,0.99915946,1
e7543c00902bcf20,dos_wisenet-camera_80,test_text,1,0.99915946,1
156a266bea94d754,dos_wisenet-camera_80,test_text,1,0.99915946,1
c5b926801689c56e,dos_wisenet-camera_80,test_text,1,0.99915946,1
8b23bf2f5b6e38a3,dos_wisenet-camera_80,test_text,1,0.99915946,1
19c41a0782303561,dos_wisenet-camera_80,test_text,1,0.99915946,1
98822c83f18dace1,dos_wisenet-camera_80,test_text,1,0.9991567,1
0d7cb8061d308a71,dos_wisenet-camera_80,test_text,1,0.99915946,1
9f3bc2c49ed6b5c8,dos_wisenet-camera_80,test_text,1,0.99915946,1
b1e4c7982b423c45,dos_wisenet-camera_80,test_text,1,0.99915946,1
1d69696f82b8a603,dos_wisenet-camera_80,test_text,1,0.99915946,1
963ff20bc68bbfc4,dos_wisenet-camera_80,test_text,1,0.99915946,1
a456b63224753409,dos_wisenet-camera_80,test_text,1,0.99915946,1
8a24bd4f670ecd84,dos_wisenet-camera_80,test_text,1,0.9991566,1
51417c81133f1eec,dos_wisenet-camera_80,test_text,1,0.99915946,1
328cc63c8e2659e4,dos_wisenet-camera_80,test_text,1,0.99915946,1
f424ecef954450e0,dos_wisenet-camera_80,test_text,1,0.99915946,1
a0acd65dbe8c950b,dos_wisenet-camera_80,test_text,1,0.99915946,1
8c97ae9e6c8c244d,dos_wisenet-camera_80,test_text,1,0.99915946,1
cd40347447d4f042,dos_wisenet-camera_80,test_text,1,0.99915946,1
949080a8f6a27a7c,dos_wisenet-camera_80,test_text,0,0.0016200438,0
557fc2e7e0e61588,dos_wisenet-camera_80,test_text,1,0.99915946,1
ef08f029954a840e,dos_wisenet-camera_80,test_text,1,0.99915946,1
b8f8d41ace1d1a9f,dos_wisenet-camera_80,test_text,1,0.99915946,1
d75bbb10bc8862e5,dos_wisenet-camera_80,test_text,1,0.99915946,1
1eb9869b73a6bcac,dos_wisenet-camera_80,test_text,1,0.99915946,1
8c0f5d73b308acaa,dos_wisenet-camera_80,test_text,1,0.09180341,0
0a3a4e1f06582401,dos_wisenet-camera_80,test_text,1,0.99915946,1
c37a33bed2c7bd91,dos_wisenet-camera_80,test_text,1,0.99915946,1
81e5dbe048ca8433,dos_wisenet-camera_80,test_text,1,0.99915946,1
785dcdd99c03a8ed,dos_wisenet-camera_80,test_text,1,0.99915946,1
4b62ff5184e9656c,dos_wisenet-camera_80,test_text,1,0.99915946,1
1a826fc89e293171,dos_wisenet-camera_80,test_text,1,0.99915946,1
3f950d46f324002e,dos_wisenet-camera_80,test_text,1,0.99915946,1
61c6deae933e3946,dos_wisenet-camera_80,test_text,1,0.99915946,1
14eb483e48f3209a,dos_wisenet-camera_80,test_text,0,0.0012288099,0
bd804fa9fa910aac,dos_wisenet-camera_80,test_text,1,0.99915946,1
b2c615ccd88fad38,dos_wisenet-camera_80,test_text,1,0.99915946,1
29b4dbd333a8a965,dos_wisenet-camera_80,test_text,1,0.99915946,1
439ea22ec1d55733,dos_wisenet-camera_80,test_text,1,0.99915946,1
0a880cd051545fee,dos_wisenet-camera_80,test_text,1,0.99915946,1
c72c644455f36486,dos_wisenet-camera_80,test_text,1,0.99915946,1
64378ee037f5a03e,dos_wisenet-camera_80,test_text,1,0.99915946,1
bb6a1b226f435811,dos_wisenet-camera_80,test_text,1,0.99915946,1
2430b0e41c3d5db5,dos_wisenet-camera_80,test_text,0,0.0010420772,0
a0b887cc0501766c,dos_wisenet-camera_80,test_text,1,0.99915946,1
daca240b2ecae16b,dos_wisenet-camera_80,test_text,1,0.0034597963,0
8a2714a204db82ad,dos_wisenet-camera_80,test_text,1,0.99915946,1
a0c74639dd0231ac,dos_wisenet-camera_80,test_text,1,0.99915946,1
f92dc7da6d24731f,dos_wisenet-camera_80,test_text,1,0.99915946,1
0d531e6aed276b84,dos_wisenet-camera_80,test_text,1,0.99915946,1
5a69e1d5fc72e86c,dos_wisenet-camera_80,test_text,1,0.9991567,1
0783d335bf113df6,dos_wisenet-camera_80,test_text,0,0.0010604352,0
487a63399ff8e715,dos_wisenet-camera_80,test_text,1,0.99915946,1
726ca2e166eeeb11,dos_wisenet-camera_80,test_text,1,0.9991566,1
2e35f4f543622713,dos_wisenet-camera_80,test_text,0,0.0010932685,0
0a6fa559f62e92e7,dos_wisenet-camera_80,test_text,1,0.053079758,0
b07c8d232a8180db,dos_wisenet-camera_80,test_text,1,0.9986798,1
5b445329a5dd3d7a,dos_wisenet-camera_80,test_text,1,0.99915946,1
cfefbbe6fa5b986d,dos_wisenet-camera_80,test_text,1,0.99915946,1
c44fc39642a181d2,dos_wisenet-camera_80,test_text,1,0.99915946,1
656f7ed87e437ee4,dos_wisenet-camera_80,test_text,1,0.99915946,1
6497f73cd126f15f,dos_wisenet-camera_80,test_text,1,0.0012083568,0
d8f6e92ce4a83b3e,dos_wisenet-camera_80,test_text,1,0.9986798,1
d31f583575693f06,dos_wisenet-camera_80,test_text,1,0.99915946,1
f8fa0fc6f2020cab,dos_wisenet-camera_80,test_text,1,0.99915946,1
9623102fa8f6cab0,dos_wisenet-camera_80,test_text,0,0.0010610203,0
348d4fb968491ebd,dos_wisenet-camera_80,test_text,1,0.9986798,1
ddf071ea5f25411e,dos_wisenet-camera_80,test_text,1,0.99915946,1
d0ebd856af92cb00,dos_wisenet-camera_80,test_text,1,0.99915946,1
0e61e38592703d5b,dos_wisenet-camera_80,test_text,1,0.99915946,1
bbc97fded5399fe5,dos_wisenet-camera_80,test_text,1,0.99915946,1
1b9b80c856ba47da,dos_wisenet-camera_80,test_text,1,0.0034597963,0
761076dc18ea71a6,dos_wisenet-camera_80,test_text,1,0.99915946,1
0ebb479b6c87f32c,dos_wisenet-camera_80,test_text,1,0.99915946,1
4b7342a664a0bfa7,dos_wisenet-camera_80,test_text,1,0.0034597963,0
fc0283af9327ae5c,dos_wisenet-camera_80,test_text,1,0.9986798,1
f2f054a68d40cc06,dos_wisenet-camera_80,test_text,1,0.9991567,1
eca4451970fc415c,dos_wisenet-camera_80,test_text,1,0.99915946,1
f3308bf361b6f9e1,dos_wisenet-camera_80,test_text,1,0.9991567,1
fbc01c94b1d4d0ba,dos_wisenet-camera_80,test_text,1,0.9986798,1
13a2b9dc46e3649f,dos_wisenet-camera_80,test_text,0,0.0010605981,0
c461286c9f858bb7,dos_wisenet-camera_80,test_text,1,0.99915946,1
1a01f3ed56be4776,dos_wisenet-camera_80,test_text,1,0.99915946,1
6864815a323f55cd,dos_wisenet-camera_80,test_text,1,0.9987527,1
28f963800c6c7922,dos_wisenet-camera_80,test_text,1,0.9986792,1
b5e36c7f82483581,dos_wisenet-camera_80,test_text,1,0.99915946,1
2200373ab6bb7c90,dos_wisenet-camera_80,test_text,1,0.0035248871,0
5f5de4d78eb8b89c,dos_wisenet-camera_80,test_text,1,0.053079758,0
5f5e33252bc0d96b,dos_wisenet-camera_80,test_text,1,0.9986798,1
c306417b07ff8864,dos_wisenet-camera_80,test_text,1,0.0012083568,0
36a96aab928bcc88,dos_wisenet-camera_80,test_text,1,0.99915946,1
178ee11297b4bc1a,dos_wisenet-camera_80,test_text,0,0.0010604352,0
65911cfa1045338c,dos_wisenet-camera_80,test_text,1,0.9986798,1
82790b6ed257960c,dos_wisenet-camera_80,test_text,1,0.99868053,1
bbd7f759f5947c33,dos_wisenet-camera_80,test_text,1,0.99915946,1
5e6848d1406bcade,dos_wisenet-camera_80,test_text,0,0.0010548997,0
7bec7ba27ad0be95,dos_wisenet-camera_80,test_text,1,0.0034597963,0
277fac65b68357b5,dos_wisenet-camera_80,test_text,1,0.9986798,1
499af7b32f7abff5,dos_wisenet-camera_80,test_text,1,0.99868053,1
57e910a6998507d3,dos_wisenet-camera_80,test_text,1,0.99915946,1
afd6920a58ac8daf,dos_wisenet-camera_80,test_text,1,0.0013224619,0
a74160d303cb15ee,dos_wisenet-camera_80,test_text,0,0.0010604352,0
c9644a7eecbd89c2,dos_wisenet-camera_80,test_text,1,0.9991567,1
458f09bea2201147,dos_wisenet-camera_80,test_text,0,0.0010604352,0
3bfd2630fa52749b,dos_wisenet-camera_80,test_text,1,0.053079758,0
1d57973ba45d214c,dos_wisenet-camera_80,test_text,1,0.0034597963,0
74bb1e890d0a6e51,dos_wisenet-camera_80,test_text,0,0.0010492436,0
6fc9eb20ba68f8fa,dos_wisenet-camera_80,test_text,1,0.99915946,1
8ade475a46685d7c,dos_wisenet-camera_80,test_text,0,0.0010604352,0
7e851dcf8cabd910,dos_wisenet-camera_80,test_text,1,0.9991567,1
d09fc25d7de64342,dos_wisenet-camera_80,test_text,1,0.0034597963,0
dd3eb14a1bed04f2,dos_wisenet-camera_80,test_text,1,0.9991566,1
a0b86705302497e6,dos_wisenet-camera_80,test_text,0,0.0010627301,0
7dd6cc4a33c5cd66,dos_wisenet-camera_80,test_text,1,0.9986798,1
cec0e772903b309b,dos_wisenet-camera_80,test_text,1,0.0068480275,0
2ab71d210c56da92,dos_wisenet-camera_80,test_text,0,0.0010912389,0
dceb9d21dc8928ba,dos_wisenet-camera_80,test_text,1,0.99915946,1
9f9f26232ecf9624,dos_wisenet-camera_80,test_text,1,0.0034597963,0
edaee7d20c866f88,dos_wisenet-camera_80,test_text,1,0.9986798,1
0a68ba5e680d9727,dos_wisenet-camera_80,test_text,0,0.0014928685,0
3fbd9fc8440e410f,dos_wisenet-camera_80,test_text,0,0.0012245154,0
d2413aa86d623ee2,dos_wisenet-camera_80,test_text,1,0.9986798,1
67e1601760590943,dos_wisenet-camera_80,test_text,1,0.99875426,1
1afec19ade8e9472,dos_wisenet-camera_80,test_text,1,0.9986798,1
1c3d6a5a6992d40d,dos_wisenet-camera_80,test_text,1,0.99915946,1
17c38f0af687190f,dos_wisenet-camera_80,test_text,1,0.0015687981,0
95efe4831beb46d6,dos_wisenet-camera_80,test_text,1,0.9986798,1
952fa084cbc73f9e,dos_wisenet-camera_80,test_text,1,0.0034597963,0
d9b955946fc0cadd,dos_wisenet-camera_80,test_text,0,0.001063209,0
3bf77ca5b5e75551,dos_wisenet-camera_80,test_text,0,0.0010614733,0
04a4dfeefbfe29f8,dos_wisenet-camera_80,test_text,1,0.0015687981,0
a820de89f26c2c48,dos_wisenet-camera_80,test_text,1,0.99915946,1
89eaeae4b9b532de,dos_wisenet-camera_80,test_text,1,0.0015687981,0
c99769dafded9a24,dos_wisenet-camera_80,test_text,1,0.9986798,1
c2c49e3e0162f5f6,dos_wisenet-camera_80,test_text,1,0.0034597963,0
b1b3717e99b1be5a,dos_wisenet-camera_80,test_text,1,0.9987527,1
b17b5c65c931de5d,dos_wisenet-camera_80,test_text,1,0.0034597963,0
9f790d2424977ff7,dos_wisenet-camera_80,test_text,1,0.99915946,1
d904d60c34a1b211,dos_wisenet-camera_80,test_text,0,0.0012103941,0
e70e9f8bf103299e,dos_wisenet-camera_80,test_text,1,0.0034597963,0
8221c94724e8ee16,dos_wisenet-camera_80,test_text,1,0.9986798,1
ce7477b0b853f11e,dos_wisenet-camera_80,test_text,0,0.0010718236,0
06eeaee111c20c45,dos_wisenet-camera_80,test_text,1,0.99915946,1
e9f2188ea747402f,dos_wisenet-camera_80,test_text,1,0.0034597963,0
da33ba9acbebbabd,dos_wisenet-camera_80,test_text,1,0.0034597963,0
6ca3cc35d3946888,dos_wisenet-camera_80,test_text,1,0.9986798,1
629797b6362833af,dos_wisenet-camera_80,test_text,1,0.9987527,1
3bba09ee08d24881,dos_wisenet-camera_80,test_text,1,0.99915946,1
c1b2af27f57262d9,dos_wisenet-camera_80,test_text,1,0.9986798,1
ac2bdc74359dd991,dos_wisenet-camera_80,test_text,1,0.0068480275,0
77dce45f07fd7b37,dos_wisenet-camera_80,test_text,0,0.001063209,0
1ac095ff7ac7f3fd,dos_wisenet-camera_80,test_text,1,0.9986792,1
5feda6320043c60a,dos_wisenet-camera_80,test_text,1,0.0034597963,0
edb259858ef95814,dos_wisenet-camera_80,test_text,1,0.0018669111,0
7abe78cd1eef3b5e,dos_wisenet-camera_80,test_text,1,0.99875426,1
922ffa710f7aba03,dos_wisenet-camera_80,test_text,1,0.9987527,1
548c2a7ed1d5c80d,dos_wisenet-camera_80,test_text,1,0.99875426,1
d82c7852c8bfb3cf,dos_wisenet-camera_80,test_text,1,0.0011961408,0
653e40c2c5905a71,dos_wisenet-camera_80,test_text,1,0.0068480275,0
25d03ee60e44c259,dos_wisenet-camera_80,test_text,1,0.0068480275,0
d3b52a4a3ad6eec5,dos_wisenet-camera_80,test_text,1,0.0068480275,0
5853f745bb4e99dd,dos_wisenet-camera_80,test_text,1,0.9986798,1
24eeccc49867c024,dos_wisenet-camera_80,test_text,1,0.007568003,0
5c4cf8509ab49f8e,dos_wisenet-camera_80,test_text,1,0.0034597963,0
ca280f424a06c604,dos_wisenet-camera_80,test_text,1,0.0034597963,0
9a88826f566416cc,benign_baseline,test_text,0,0.0010684422,0
35bdb4b73ecb994f,benign_baseline,test_text,0,0.0010404314,0
5b3b0a89af04e21d,benign_baseline,test_text,0,0.001043052,0
a3f147737749b619,benign_baseline,test_text,0,0.0010451577,0
ca3ceffa3c488e15,benign_baseline,test_text,0,0.0010482614,0
66d58a08aca2e4b2,benign_baseline,test_text,0,0.0010576033,0
142ddd99c7f974cb,benign_baseline,test_text,0,0.0010448507,0
9da580257d844288,benign_baseline,test_text,0,0.0010475706,0
39b996fa38121e4e,benign_baseline,test_text,0,0.0010397101,0
93d6d4346ee0b721,benign_baseline,test_text,0,0.0010889092,0
a7c64a68a3e79ea2,benign_baseline,test_text,0,0.0010324188,0
8a140fdee170770f,benign_baseline,test_text,0,0.0010436832,0
754fe9055e6ad282,benign_baseline,test_text,0,0.0011095755,0
8297b935c9e5d772,benign_baseline,test_text,0,0.0010402272,0
b2ca0d2f510aca71,benign_baseline,test_text,0,0.0010848541,0
ed9d6d121b30c357,benign_baseline,test_text,0,0.0010366105,0
44316bfccaef7ac0,benign_baseline,test_text,0,0.0010371499,0
17b3ff83aecc221f,benign_baseline,test_text,0,0.001045014,0
ac0b42c3fa7746d2,benign_baseline,test_text,0,0.001055376,0
16443276e704c24a,benign_baseline,test_text,0,0.0010365804,0
eb0cdbd56d53e671,benign_baseline,test_text,0,0.0010367023,0
5b427e60e12706f3,benign_baseline,test_text,0,0.0010565213,0
141171dd6900b6be,benign_baseline,test_text,0,0.0010906736,0
4c974dc4eda9d012,benign_baseline,test_text,0,0.0010415482,0
ed12aaafae4c9570,benign_baseline,test_text,0,0.0010427376,0
b276b6e4a635edc8,benign_baseline,test_text,0,0.0010324076,0
c027425b3270aa73,benign_baseline,test_text,0,0.0010493106,0
a3d278e5d4540187,benign_baseline,test_text,0,0.0010477727,0
d7ed246ce727210a,benign_baseline,test_text,0,0.0010561937,0
c332717ddef8ff9d,benign_baseline,test_text,0,0.0010400262,0
98710959e27ddbb1,benign_baseline,test_text,0,0.0010458496,0
c273025a3232b208,benign_baseline,test_text,0,0.0010399299,0
00dc0d0eb4d982e6,benign_baseline,test_text,0,0.0010374829,0
03e1e4401d827f11,benign_baseline,test_text,0,0.0010848541,0
e4af17c4f0117727,benign_baseline,test_text,0,0.0010286915,0
08c7033dffcc80dd,benign_baseline,test_text,0,0.0010451582,0
df132d2bb73df2ff,benign_baseline,test_text,0,0.0010608456,0
a222eeedbac8c8fe,benign_baseline,test_text,0,0.0010359515,0
29045c6133f0bfd5,benign_baseline,test_text,0,0.0010524121,0
4b505c17e5ecc2e8,benign_baseline,test_text,0,0.001038173,0
984dbd2690f9d63c,benign_baseline,test_text,0,0.0010869255,0
d807e6b19db15619,benign_baseline,test_text,0,0.0011095755,0
8fbdfbd69b67c152,benign_baseline,test_text,0,0.0010563557,0
12653b87f0841a95,benign_baseline,test_text,0,0.0010356101,0
fd09b3ab12b2501c,benign_baseline,test_text,0,0.0010404314,0
251529a2068246fc,benign_baseline,test_text,0,0.0010947166,0
69ba3bffd7a6df5d,benign_baseline,test_text,0,0.0010480777,0
23d323177e9d9dbb,benign_baseline,test_text,0,0.0010397101,0
91eebc5f6cc41042,benign_baseline,test_text,0,0.0010503398,0
47a9299d086a1874,benign_baseline,test_text,0,0.0010375372,0
a07ed9367bb6640b,benign_baseline,test_text,0,0.0010303397,0
a67e845d27e0c345,benign_baseline,test_text,0,0.001043271,0
17cd831c1fde6d7e,benign_baseline,test_text,0,0.0010533244,0
d668548a2b99c0eb,benign_baseline,test_text,0,0.001043052,0
375e9fe7d0945d32,benign_baseline,test_text,0,0.0010397101,0
bce007f1a4107f5f,benign_baseline,test_text,0,0.0010451577,0
ec87a78e99c706c8,benign_baseline,test_text,0,0.0010886696,0
c15f3510b3be56b0,benign_baseline,test_text,0,0.0010475706,0
778184e1615515dd,benign_baseline,test_text,0,0.0010324076,0
0000559f0b5f4224,benign_baseline,test_text,0,0.0010458496,0
843c7ee0ef2ec28a,benign_baseline,test_text,0,0.0011095755,0
41fcdf64fbc54eac,benign_baseline,test_text,0,0.0010358088,0
fb25718fc72c5e89,benign_baseline,test_text,0,0.0010848541,0
007402e2835b3735,benign_baseline,test_text,0,0.0010369724,0
c2033f78a87c290b,benign_baseline,test_text,0,0.0010572488,0
bf2525b54355fdf3,benign_baseline,test_text,0,0.0010420772,0
cdf95861e50732a1,benign_baseline,test_text,0,0.0010493106,0
9572d5d4d01ffabc,benign_baseline,test_text,0,0.0010404314,0
a496acd490aa2c21,benign_baseline,test_text,0,0.0010443705,0
830ae937cd2c1232,benign_baseline,test_text,0,0.0010397101,0
8d24376317fdb4df,benign_baseline,test_text,0,0.0011105706,0
dc620f944035a155,benign_baseline,test_text,0,0.0010436832,0
a3dd13e8c9644ca6,benign_baseline,test_text,0,0.001038173,0
c9c57f5a723255cc,benign_baseline,test_text,0,0.0010872853,0
47606988d30343e3,benign_baseline,test_text,0,0.0010378388,0
ecda4ca32d65298c,benign_baseline,test_text,0,0.0010345412,0
eb44bbb9da61afe2,benign_baseline,test_text,0,0.0010474519,0
4371c3fd3f340195,benign_baseline,test_text,0,0.0010596436,0
9185f401afa8a782,benign_baseline,test_text,0,0.0010451577,0
7235d0be5398281c,benign_baseline,test_text,0,0.0010848541,0
23b145de693d54c9,benign_baseline,test_text,0,0.001032829,0
1e639e65141ece55,benign_baseline,test_text,0,0.0010400262,0
68b774db4296ae79,benign_baseline,test_text,0,0.0010369724,0
65f1cb9181b45513,benign_baseline,test_text,0,0.0010431563,0
e78fbb85b55870c0,benign_baseline,test_text,0,0.0010927791,0
b94c15830d09839d,benign_baseline,test_text,0,0.0010453624,0
592499343563d562,benign_baseline,test_text,0,0.0010485412,0
2dda28adea46435c,benign_baseline,test_text,0,0.0010404314,0
314c76e5d69add62,benign_baseline,test_text,0,0.0010641635,0
d1e529bd9a7c285c,benign_baseline,test_text,0,0.0010948734,0
ab8ff1ced7355b1a,benign_baseline,test_text,0,0.0010458496,0
5201739265916a88,benign_baseline,test_text,0,0.0010427376,0
0d27d9e974e132cc,benign_baseline,test_text,0,0.0010400262,0
00108312a6185042,benign_baseline,test_text,0,0.0010700265,0
ea184556ddc998bc,benign_baseline,test_text,0,0.0010364851,0
98283413ae8b52be,benign_baseline,test_text,0,0.0010477727,0
09f1909486e70bb7,benign_baseline,test_text,0,0.0010397101,0
9d79bea4bdba0d92,benign_baseline,test_text,0,0.0010448507,0
7ceedb540ac079a4,benign_baseline,test_text,0,0.0010437702,0
b56dec03ea48c9e3,benign_baseline,test_text,0,0.0010289899,0
84cda3e6a285a87e,benign_baseline,test_text,0,0.0010329402,0
096f0f811ef7b4c4,benign_baseline,test_text,0,0.0011095755,0
c2bcb3e61b11b7aa,benign_baseline,test_text,0,0.0010375372,0
b94c3d9544cf0019,benign_baseline,test_text,0,0.0010435206,0
ab7494ba7e403beb,benign_baseline,test_text,0,0.0010888786,0
828ae67643992e15,benign_baseline,test_text,0,0.0010498156,0
43c6e940a94e0348,benign_baseline,test_text,0,0.0010531152,0
301c1357ffa3cd8f,benign_baseline,test_text,0,0.0010419253,0
9415cddabcd3a531,benign_baseline,test_text,0,0.0010641635,0
53872b03d34b2d64,benign_baseline,test_text,0,0.0010355947,0
27e47a5c2176a488,benign_baseline,test_text,0,0.0010565213,0
14dbcd6bdcab0681,benign_baseline,test_text,0,0.0010386795,0
3b830d063c293172,benign_baseline,test_text,0,0.001043052,0
0c46ae80b191b34b,benign_baseline,test_text,0,0.0010404314,0
ab648aea94c3df64,benign_baseline,test_text,0,0.0010448507,0
0713823c9b8f7dab,benign_baseline,test_text,0,0.0011084926,0
05f9c9b87d5793fd,benign_baseline,test_text,0,0.0010458496,0
81a0961f78a81a44,benign_baseline,test_text,0,0.0010436832,0
1385692f5480c119,benign_baseline,test_text,0,0.0010506461,0
159b45fdb7e91a6e,benign_baseline,test_text,0,0.0010848541,0
7c64c67c873fde43,benign_baseline,test_text,0,0.0010451577,0
704254868845767e,benign_baseline,test_text,0,0.0010400262,0
8bdcb2bb951ea537,benign_baseline,test_text,0,0.0010570664,0
376fa142ae366486,benign_baseline,test_text,0,0.0010477727,0
8e39108b1f309984,benign_baseline,test_text,0,0.0010329402,0
f10ca933e31abe56,benign_baseline,test_text,0,0.0010902538,0
dd77e3fdbad90cfe,benign_baseline,test_text,0,0.0010402272,0
d52c8fce6001a9a3,benign_baseline,test_text,0,0.0010391021,0
be50a73d5206ae5a,benign_baseline,test_text,0,0.001087648,0
32ff1a23935415cb,benign_baseline,test_text,0,0.0010494891,0
bd0bad7475adb818,benign_baseline,test_text,0,0.0010370185,0
f0f0fe05b3a2b84a,benign_baseline,test_text,0,0.0010420772,0
75007d052691bba9,benign_baseline,test_text,0,0.0010565213,0
b6c6f3c718269cb5,benign_baseline,test_text,0,0.0010367512,0
863d0e2fd4783dbb,benign_baseline,test_text,0,0.0010563557,0
5e4aaea80c2c1981,benign_baseline,test_text,0,0.0010651062,0
a26a8df6af6ccfee,benign_baseline,test_text,0,0.0010498436,0
0aa15630d92688fe,benign_baseline,test_text,0,0.0010375372,0
5a69fd71b91bc077,benign_baseline,test_text,0,0.0010737998,0
3d2b6fa81ba804d0,benign_baseline,test_text,0,0.0010427376,0
48bff8d63a2a3f95,benign_baseline,test_text,0,0.0010400262,0
10cc5421d0ca34bf,benign_baseline,test_text,0,0.0010461974,0
19fcd5e01b72fc26,benign_baseline,test_text,0,0.0010404314,0
6d31343f84bf672c,benign_baseline,test_text,0,0.0010451602,0
8fe22ce1c2ac0d0c,benign_baseline,test_text,0,0.0010324012,0
414c9ccfca6fe2dc,benign_baseline,test_text,0,0.001045005,0
88583a90e8a8a2c4,benign_baseline,test_text,0,0.0010436832,0
2cd3417bce025b41,benign_baseline,test_text,0,0.0010399299,0
444a1f63e49907cc,benign_baseline,test_text,0,0.0010848142,0
2562a64448d9f791,benign_baseline,test_text,0,0.0010498156,0
c7b7f623cd668560,benign_baseline,test_text,0,0.0010386795,0
3c8e8e42759684ed,benign_baseline,test_text,0,0.0010345412,0
8c7511f52c242b21,benign_baseline,test_text,0,0.0010492842,0
0f2a6c49c3ccc962,benign_baseline,test_text,0,0.0010641635,0
85a2765cb4a0f76d,benign_baseline,test_text,0,0.0010369724,0
ff305d7e73303870,benign_baseline,test_text,0,0.0010479371,0
e3882e73ec4f7e1e,benign_baseline,test_text,0,0.001035802,0
cdb671d8f84b63f5,benign_baseline,test_text,0,0.0011095755,0
9270aa24036057da,benign_baseline,test_text,0,0.0010413418,0
ee2cb88b51c875af,benign_baseline,test_text,0,0.0010848541,0
e90976da9350bc8c,benign_baseline,test_text,0,0.0010641635,0
4ac48532a992fab3,benign_baseline,test_text,0,0.001041458,0
f20ad672314d2c5f,benign_baseline,test_text,0,0.0010972562,0
0046e6a17472d764,benign_baseline,test_text,0,0.0010561913,0
e494fd42aa5200c5,benign_baseline,test_text,0,0.0010420772,0
6b4905176e85383c,benign_baseline,test_text,0,0.0010451582,0
42767f1855cc7eb8,benign_baseline,test_text,0,0.0010368594,0
34ec81decd278ac4,benign_baseline,test_text,0,0.0010289899,0
b7b67c87bcc76491,benign_baseline,test_text,0,0.001043052,0
69cb5c1157f3f604,benign_baseline,test_text,0,0.0010848541,0
fd36c0e0b59011e7,benign_baseline,test_text,0,0.0010397101,0
d01c432e122f7cbb,benign_baseline,test_text,0,0.0010371499,0
e3f0204280e0970e,benign_baseline,test_text,0,0.0010475706,0
84a4a777ec65f1e1,benign_baseline,test_text,0,0.0010882465,0
a9317a311c3529f7,benign_baseline,test_text,0,0.0010324012,0
dcb2318a97a72208,benign_baseline,test_text,0,0.0010563557,0
6f8de3b9253b5c39,benign_baseline,test_text,0,0.0010400262,0
deacdb1d0a7650e8,benign_baseline,test_text,0,0.0010537168,0
dd3ebc1d82137b39,benign_baseline,test_text,0,0.0010479371,0
4cfb3cbcf80ff423,benign_baseline,test_text,0,0.0010430913,0
4e2889ea37a2a7c4,benign_baseline,test_text,0,0.001045014,0
6d1e2ddbfde5a1c3,benign_baseline,test_text,0,0.0010494891,0
ae57b2179586163e,benign_baseline,test_text,0,0.0010360042,0
4f798c466d3ecead,benign_baseline,test_text,0,0.0011095755,0
0052de08ef86cf14,benign_baseline,test_text,0,0.0010554262,0
714d20c4a0f12052,benign_baseline,test_text,0,0.0010357886,0
72b922d1a3842a1e,benign_baseline,test_text,0,0.0010563557,0
0cac130800db1a1a,benign_baseline,test_text,0,0.0010848541,0
f8767e2fdac18717,benign_baseline,test_text,0,0.0010872104,0
f787c9ebc4f2156d,benign_baseline,test_text,0,0.0010461974,0
724073f04ba6cfb9,benign_baseline,test_text,0,0.0010451577,0
3198d1aa7ce20adc,benign_baseline,test_text,0,0.0010501707,0
75158d1d6b84a0e9,benign_baseline,test_text,0,0.0010402793,0
3b6e9475885f8843,benign_baseline,test_text,0,0.0010391036,0
6cf759c6749fe055,benign_baseline,test_text,0,0.0010375372,0
68e74f9ca45c649f,benign_baseline,test_text,0,0.0010436832,0
6766972e1ddc1ef0,benign_baseline,test_text,0,0.0010525185,0
706a9a7aafeb3b8f,benign_baseline,test_text,0,0.0010428617,0
bfd5a42b1320eb45,benign_baseline,test_text,0,0.0010451582,0
abaf46158efa4aa6,benign_baseline,test_text,0,0.0010475706,0
cd999ad1e2171e18,benign_baseline,test_text,0,0.0010873574,0
19e64a83157e5776,benign_baseline,test_text,0,0.0010400262,0
19aeea6f4ad1c549,benign_baseline,test_text,0,0.0010479371,0
cd88898428c69297,benign_baseline,test_text,0,0.0010324012,0
4b5dd48553801ace,benign_baseline,test_text,0,0.0010364772,0
8360b5e4e3748180,benign_baseline,test_text,0,0.0010503893,0
151387dd6db50338,benign_baseline,test_text,0,0.0010356191,0
08777ccdf8ff703d,benign_baseline,test_text,0,0.0010413418,0
434271111e72f9c8,benign_baseline,test_text,0,0.0010404314,0
b14d1fb3bc87827d,benign_baseline,test_text,0,0.0010844558,0
717f7ffd7749e427,benign_baseline,test_text,0,0.001045005,0
dedf8c173d9f6b5b,benign_baseline,test_text,0,0.0010700265,0
830e3c9c26e1c91f,benign_baseline,test_text,0,0.0010397101,0
1c4d5162e3de2a53,benign_baseline,test_text,0,0.0010478667,0
775ebfe2ae1b7274,benign_baseline,test_text,0,0.0010458496,0
a6382ad39e1fe137,benign_baseline,test_text,0,0.0010493731,0
5699a8c7a0325d9c,benign_baseline,test_text,0,0.0010427376,0
da728b10057c8bc8,benign_baseline,test_text,0,0.0010448357,0
8a5283e542a2abde,benign_baseline,test_text,0,0.0010531904,0
446521a38aaae824,benign_baseline,test_text,0,0.0010400262,0
af830393446adfcb,benign_baseline,test_text,0,0.001040605,0
e1e6a7c0dba2a8d9,benign_baseline,test_text,0,0.0011095755,0
8c2b494ac9db7d5d,benign_baseline,test_text,0,0.0010315292,0
4dd0c308f4c2361b,benign_baseline,test_text,0,0.0010475706,0
8c6f952c43c47c99,benign_baseline,test_text,0,0.0010371499,0
778269223d99724e,benign_baseline,test_text,0,0.0010413418,0
eb6d0179becb1755,benign_baseline,test_text,0,0.0010403274,0
6f8c9d0081122840,benign_baseline,test_text,0,0.0010494275,0
d2a5401fe2dd6208,benign_baseline,test_text,0,0.0010485352,0
5df19df1cbf6dd30,benign_baseline,test_text,0,0.0010498436,0
cf85ffbac8ddbda2,benign_baseline,test_text,0,0.0010494635,0
fa82dbb2d6938b7e,benign_baseline,test_text,0,0.0010358996,0
f147c90e23e83260,benign_baseline,test_text,0,0.0010375372,0
4abe0532e66b0456,benign_baseline,test_text,0,0.0010873278,0
99dc089b7c7d49dd,benign_baseline,test_text,0,0.0010494635,0
251f87138b1839b2,benign_baseline,test_text,0,0.0010289899,0
ce7fd8b2a9a5a2c4,benign_baseline,test_text,0,0.0010451582,0
0c860c8b0f797515,benign_baseline,test_text,0,0.0010427376,0
56a09c1ce78a90bb,benign_baseline,test_text,0,0.0010493606,0
007f424b4e5fd3f1,benign_baseline,test_text,0,0.0010435206,0
bbcd6b58dad9a451,benign_baseline,test_text,0,0.0010494635,0
06a8055784a06356,benign_baseline,test_text,0,0.0010404314,0
ef9a883794864d18,benign_baseline,test_text,0,0.0010349172,0
8697b58ef762d8f0,benign_baseline,test_text,0,0.0010848541,0
eff3575d232a9231,benign_baseline,test_text,0,0.0010380315,0
d780636d1457cd39,benign_baseline,test_text,0,0.0010397101,0
569ed5e1e07027ae,benign_baseline,test_text,0,0.0010426625,0
abefed447335ee2e,benign_baseline,test_text,0,0.0010555489,0
cf0f5a6b98952503,benign_baseline,test_text,0,0.001045014,0
cc71bf9e88c21fa2,benign_baseline,test_text,0,0.0010522212,0
5655551edef89fb2,benign_baseline,test_text,0,0.0010402272,0
55a3ecbc9effbcaa,benign_baseline,test_text,0,0.0010324076,0
1e572f18b62e60bb,benign_baseline,test_text,0,0.0011084926,0
97b534d29da33710,benign_baseline,test_text,0,0.0010317257,0
b01d2e2966d36da2,benign_baseline,test_text,0,0.0010924928,0
10b4537eac996b9c,benign_baseline,test_text,0,0.0010563557,0
3053042719c73d9f,benign_baseline,test_text,0,0.0010353161,0
1688ef0363be0ade,benign_baseline,test_text,0,0.0010420772,0
82fa351f5e5dd441,benign_baseline,test_text,0,0.0010404314,0
02b737cfde50cd73,benign_baseline,test_text,0,0.0010391021,0
b7125a56b1a6fdd1,benign_baseline,test_text,0,0.0010605261,0
9cbf161867ba4189,benign_baseline,test_text,0,0.0010448507,0
9896242982ad9d4b,benign_baseline,test_text,0,0.001043052,0
0fc7ea3111d25c47,benign_baseline,test_text,0,0.0010859149,0
af3e465a1a9d5114,benign_baseline,test_text,0,0.0010848541,0
20b03b3c51b81cdb,benign_baseline,test_text,0,0.0010436832,0
7dffbde0ee1bc8cd,benign_baseline,test_text,0,0.0010368594,0
fe78dd7600d9e653,benign_baseline,test_text,0,0.0010537043,0
c685648465df6482,benign_baseline,test_text,0,0.0010475706,0
e0088301693b5766,benign_baseline,test_text,0,0.0010451577,0
7faed87138025d6c,benign_baseline,test_text,0,0.0010461974,0
612c0a8181119390,benign_baseline,test_text,0,0.0010400262,0
ac52e00c3ed8b7d8,benign_baseline,test_text,0,0.0010399299,0
b320c74a2f0f3e03,benign_baseline,test_text,0,0.0010324076,0
3471e4b3b46a4a6e,benign_baseline,test_text,0,0.0010360873,0
1f1682615774f619,benign_baseline,test_text,0,0.0010594416,0
188416b6ddd7ae5c,benign_baseline,test_text,0,0.0010889765,0
bf6947715c4c8189,benign_baseline,test_text,0,0.0010524121,0
5bc40cd78a5e3d12,benign_baseline,test_text,0,0.0011084926,0
4986b2399aa7f40d,benign_baseline,test_text,0,0.0010413418,0
3f5a6015ec434b96,benign_baseline,test_text,0,0.0010358088,0
39846d03b78f1f8b,benign_baseline,test_text,0,0.001038173,0
351bb9787eab5a2d,benign_baseline,test_text,0,0.001041458,0
11934b6ffe33018c,benign_baseline,test_text,0,0.0010540085,0
6fa4f5720e6b2b82,benign_baseline,test_text,0,0.0010431563,0
68f35428b5420060,benign_baseline,test_text,0,0.0010397101,0
c30c713abbb5a876,benign_baseline,test_text,0,0.0010451577,0
7a2aa84f29ed2e05,benign_baseline,test_text,0,0.0010451582,0
864df8b2840807cd,benign_baseline,test_text,0,0.0010461974,0
817076bd2efb0bc8,benign_baseline,test_text,0,0.0010386795,0
e1ef64d730ed7aaa,benign_baseline,test_text,0,0.0010892412,0
0375a85c44849647,benign_baseline,test_text,0,0.0010400262,0
bb3e285cee991543,benign_baseline,test_text,0,0.0010531904,0
6f38fe46604d576f,benign_baseline,test_text,0,0.0010414737,0
1927b54434d89273,benign_baseline,test_text,0,0.0010324188,0
e5cc5617101530de,benign_baseline,test_text,0,0.0010848541,0
53651822b78c2486,benign_baseline,test_text,0,0.0010477727,0
e27460869969e268,benign_baseline,test_text,0,0.0010554977,0
cc5aeacf1be3626e,benign_baseline,test_text,0,0.0010479371,0
82c1fd82e766c15e,benign_baseline,test_text,0,0.0010356101,0
149cd00e090b697a,benign_baseline,test_text,0,0.0010420772,0
140b00d1a711c2cc,benign_baseline,test_text,0,0.0010368554,0
997fcaebc2a77ee3,benign_baseline,test_text,0,0.001045486,0
2d8af237670a7c8c,benign_baseline,test_text,0,0.0010848541,0
bc88a5ec3a1d0ad8,benign_baseline,test_text,0,0.0010400262,0
8c8eaf4b0baf53e2,benign_baseline,test_text,0,0.0010548886,0
f15bad501c089a34,benign_baseline,test_text,0,0.0010606087,0
419f4c6bb6b25114,benign_baseline,test_text,0,0.0010494756,0
3e717171140cca77,benign_baseline,test_text,0,0.0010410869,0
7b4aae36117dbcef,benign_baseline,test_text,0,0.0010371499,0
6763f08afffdf83d,benign_baseline,test_text,0,0.0010495265,0
6e949a56eda90318,benign_baseline,test_text,0,0.0010879682,0
3844ce46875a5b2b,benign_baseline,test_text,0,0.0010289899,0
a9ab33e3613e23f4,benign_baseline,test_text,0,0.0010435206,0
208366410af0f9fc,benign_baseline,test_text,0,0.0010427376,0
28100eacdaf94a4a,benign_baseline,test_text,0,0.0010400262,0
b0b35e3eda6c31bb,benign_baseline,test_text,0,0.0010586649,0
5d5df6631db380a5,benign_baseline,test_text,0,0.0010451602,0
90ed0dc6f4447336,benign_baseline,test_text,0,0.0010345412,0
bb11c9c038103e21,benign_baseline,test_text,0,0.0010458496,0
137e9cf1db853bad,benign_baseline,test_text,0,0.0010533088,0
5b310577dfb28c7e,benign_baseline,test_text,0,0.0011095755,0
ad3baedb73ddf9d2,benign_baseline,test_text,0,0.0010360873,0
960be71b61d5f88e,benign_baseline,test_text,0,0.0010495321,0
651708eec318439e,benign_baseline,test_text,0,0.0010324188,0
f760db4a924481d6,benign_baseline,test_text,0,0.0010666897,0
e1a455747f0a4a4d,benign_baseline,test_text,0,0.0010361007,0
45c7b5cb0c21d4a7,benign_baseline,test_text,0,0.0010493106,0
c915180f70a71ef3,benign_baseline,test_text,0,0.0010410869,0
37dfaba7031a6ed9,benign_baseline,test_text,0,0.0010919205,0
26da6c83a00543a9,benign_baseline,test_text,0,0.0010606087,0
51bb3e8642358eec,benign_baseline,test_text,0,0.0010700265,0
6ee026099529d364,benign_baseline,test_text,0,0.0010904424,0
7222e4d6b5a04143,benign_baseline,test_text,0,0.0010427376,0
3fdae7d0c6a1ad0f,benign_baseline,test_text,0,0.0010400262,0
e048b8184355e419,benign_baseline,test_text,0,0.0010492036,0
2e5e0ded4776a719,benign_baseline,test_text,0,0.0010451582,0
06de93c897df787f,benign_baseline,test_text,0,0.0010533961,0
c638ae295ff00e52,benign_baseline,test_text,0,0.0010402272,0
097735381ddf3c9d,benign_baseline,test_text,0,0.0010537043,0
2cda56a1b4f5e7e5,benign_baseline,test_text,0,0.001045005,0
98a86541280f1f8e,benign_baseline,test_text,0,0.0010324188,0
57539d9e08b60122,benign_baseline,test_text,0,0.0010558914,0
043f3517c8214897,benign_baseline,test_text,0,0.0010475706,0
5f9f102208aa4926,benign_baseline,test_text,0,0.0010453624,0
7c2cfa77675b5f1f,benign_baseline,test_text,0,0.001055563,0
15b09b927eb29258,benign_baseline,test_text,0,0.0011095755,0
622e286d1ab51525,benign_baseline,test_text,0,0.001038173,0
406897645db84536,benign_baseline,test_text,0,0.0010479371,0
f09b8fc69338e0bd,benign_baseline,test_text,0,0.001035953,0
5fb8f1689bd7be4a,benign_baseline,test_text,0,0.0010353161,0
ad1d5d2250ae1731,benign_baseline,test_text,0,0.001089262,0
819a696730e57532,benign_baseline,test_text,0,0.0010494635,0
a8d584c3e3225312,benign_baseline,test_text,0,0.0010375372,0
599ffa6bd691dd63,benign_baseline,test_text,0,0.0010410869,0
e0a7a9d2887887d6,benign_baseline,test_text,0,0.0010413418,0
b28f876d15308f25,benign_baseline,test_text,0,0.0010487948,0
127243dddcf51bea,benign_baseline,test_text,0,0.0010549854,0
be153f6af8755cdf,benign_baseline,test_text,0,0.0010400262,0
350daa26816a2c32,benign_baseline,test_text,0,0.0010461974,0
7900a7f833216160,benign_baseline,test_text,0,0.0010391036,0
4085ea87ef8992e0,benign_baseline,test_text,0,0.0010247646,0
922a8ccfdcd8761b,benign_baseline,test_text,0,0.0011095755,0
360c2d60d66ce552,benign_baseline,test_text,0,0.0010350025,0
a2b26aef5e6dedd5,benign_baseline,test_text,0,0.0010475706,0
64b1ea7a442dc300,benign_baseline,test_text,0,0.0010289899,0
15ce1499d58a3ee8,benign_baseline,test_text,0,0.0010409233,0
e5b17c9f9acbb93d,benign_baseline,test_text,0,0.0010448507,0
3a4a6a9d41a3c44b,benign_baseline,test_text,0,0.001043271,0
51838ee9c885287f,benign_baseline,test_text,0,0.001043052,0
fe1d0f53f336b087,benign_baseline,test_text,0,0.0010554423,0
9eac73832ad65c24,benign_baseline,test_text,0,0.0010848541,0
9cdb98148f34c780,benign_baseline,test_text,0,0.001081504,0
b2cf3829dd4c668d,benign_baseline,test_text,0,0.0010324252,0
9f86484db2764aa7,benign_baseline,test_text,0,0.0010573989,0
109d5edba0bf5ac1,benign_baseline,test_text,0,0.0010479371,0
175b64229e66701e,benign_baseline,test_text,0,0.0010467846,0
e7ef8ed9e4ee7e72,benign_baseline,test_text,0,0.001038173,0
5acbe12a791c2150,benign_baseline,test_text,0,0.0010848541,0
867e2bfc543e5f00,benign_baseline,test_text,0,0.0010306236,0
1ab880c6505825b7,benign_baseline,test_text,0,0.001037604,0
787cfa5bc4532af6,benign_baseline,test_text,0,0.0010958972,0
0ca0c1adebc658fe,benign_baseline,test_text,0,0.001045005,0
e1ccbb943083a976,benign_baseline,test_text,0,0.0010562348,0
281796a0b6333630,benign_baseline,test_text,0,0.0010345412,0
77687e2e416daf28,benign_baseline,test_text,0,0.0010397101,0
a32bd87fa6318c20,benign_baseline,test_text,0,0.001043052,0
258679fffa01a12e,benign_baseline,test_text,0,0.0010370658,0
11f0b15219589590,benign_baseline,test_text,0,0.0010499657,0
6a6775ca7adbbc64,benign_baseline,test_text,0,0.0010420772,0
285cd78dfd7d2b43,benign_baseline,test_text,0,0.0010458496,0
f85b11390f42555b,benign_baseline,test_text,0,0.0010634142,0
a4f37e902740c5ca,benign_baseline,test_text,0,0.0010354597,0
7cb83ab54e439e17,benign_baseline,test_text,0,0.001037389,0
270a77232bf24fa7,benign_baseline,test_text,0,0.0010554162,0
0b7f0a35878bf0d4,benign_baseline,test_text,0,0.0010565213,0
992461da1775a775,benign_baseline,test_text,0,0.0010357463,0
36781e6a9cfef361,benign_baseline,test_text,0,0.001032026,0
55345b3b84947a41,benign_baseline,test_text,0,0.0010493106,0
a32974e3a3d13cb8,benign_baseline,test_text,0,0.0010462521,0
4b85c185f6f0f84c,benign_baseline,test_text,0,0.00105064,0
57af5ae8ec3a3c3f,benign_baseline,test_text,0,0.0010375372,0
7389e8d28ddfcfeb,benign_baseline,test_text,0,0.0010488094,0
0bbb0d48052466f5,benign_baseline,test_text,0,0.0010848541,0
ec0cd0ff188b957a,benign_baseline,test_text,0,0.001041458,0
5bbf4aa654a98d8e,benign_baseline,test_text,0,0.0011095755,0
dfca5862dbd2045d,benign_baseline,test_text,0,0.0010397101,0
1be89da6f15b6117,benign_baseline,test_text,0,0.0010555993,0
69ee9e6b02ead35f,benign_baseline,test_text,0,0.0010475706,0
76e63d1215569d91,benign_baseline,test_text,0,0.001045014,0
9f18ae0f19f51c74,benign_baseline,test_text,0,0.0010428617,0
49ed37999502e21d,benign_baseline,test_text,0,0.0010983741,0
29dad6276812a259,benign_baseline,test_text,0,0.0010436832,0
4d337c459ba0b987,benign_baseline,test_text,0,0.0010531965,0
45b19270b457bad6,benign_baseline,test_text,0,0.0010399299,0
740fb40029aca090,benign_baseline,test_text,0,0.0010506461,0
0bea9290ebead68b,benign_baseline,test_text,0,0.0010451577,0
9d4b829e112fd3c2,benign_baseline,test_text,0,0.0010306236,0
b12bae9581136657,benign_baseline,test_text,0,0.0010359155,0
81f63840f80c75df,benign_baseline,test_text,0,0.001032026,0
63d2d7558598e37c,benign_baseline,test_text,0,0.0010635828,0
b51cc2a415de9e86,benign_baseline,test_text,0,0.00105064,0
0c8af31b8802e7c6,benign_baseline,test_text,0,0.0010363375,0
6d2e9445975c0492,benign_baseline,test_text,0,0.0010458416,0
2b9f66bb9d92ea5a,benign_baseline,test_text,0,0.0010398608,0
5a9f50e926c32273,benign_baseline,test_text,0,0.0010848541,0
25fc16ad84f7b768,benign_baseline,test_text,0,0.0010443431,0
e71c8a8a25103af8,benign_baseline,test_text,0,0.0010469386,0
03c468d82fc68ebe,benign_baseline,test_text,0,0.0010461974,0
ba28a587a1770ac8,benign_baseline,test_text,0,0.0010533961,0
f30dc75f02ea3955,benign_baseline,test_text,0,0.0010475706,0
d0712b0d392bdfd1,benign_baseline,test_text,0,0.0010353378,0
4daba1503fe0b5cf,benign_baseline,test_text,0,0.0010427376,0
68afa53a885cc9d3,benign_baseline,test_text,0,0.0010289899,0
e6b0b1943b36582b,benign_baseline,test_text,0,0.0010391036,0
036295d18e537f74,benign_baseline,test_text,0,0.0010918992,0
0ce09f9dec1e9f22,benign_baseline,test_text,0,0.0010391021,0
4962861c01a17bf4,benign_baseline,test_text,0,0.0010436832,0
10fc3d20038444aa,benign_baseline,test_text,0,0.0011095755,0
dba0479816fa2a00,benign_baseline,test_text,0,0.0010420772,0
a1275ce3525be3dc,benign_baseline,test_text,0,0.0010459829,0
b0820e8c5a95dfe8,benign_baseline,test_text,0,0.0010400262,0
deff92b1fb335828,benign_baseline,test_text,0,0.0010586649,0
4012c9f2feceabcd,benign_baseline,test_text,0,0.0010332218,0
79cb0644af9a101e,benign_baseline,test_text,0,0.0010479371,0
844a248d8b28a5d8,benign_baseline,test_text,0,0.0010368989,0
5a40fa215a92ed7c,benign_baseline,test_text,0,0.0010479371,0
f223b32e46873261,benign_baseline,test_text,0,0.001091277,0
0fedcc2bbfd75c7a,benign_baseline,test_text,0,0.0010648405,0
1f81afdcc5ceb7a0,benign_baseline,test_text,0,0.0010492036,0
4c2e88875ccde60b,benign_baseline,test_text,0,0.0010357596,0
7af6ffc7cb00c3db,benign_baseline,test_text,0,0.0010427376,0
1493b28138cf27bb,benign_baseline,test_text,0,0.0010451577,0
69273a0936b43df5,benign_baseline,test_text,0,0.0010400137,0
766ec0aed532855c,benign_baseline,test_text,0,0.0010397101,0
5e65c50eb636d24b,benign_baseline,test_text,0,0.0010475706,0
18f26181ba95febe,benign_baseline,test_text,0,0.0010375372,0
6f453f96e771a863,benign_baseline,test_text,0,0.0010700265,0
4370743d671c7465,benign_baseline,test_text,0,0.0010458496,0
1c427fdde5f0f546,benign_baseline,test_text,0,0.001032026,0
1e47fa02b8743d2f,benign_baseline,test_text,0,0.0010435206,0
b534876b8a544996,benign_baseline,test_text,0,0.0010484523,0
74f13e4b3e6edcc0,benign_baseline,test_text,0,0.0010451582,0
eac53afa2ca145a3,benign_baseline,test_text,0,0.0011095755,0
a74929679aeedff4,benign_baseline,test_text,0,0.0010459829,0
f461c0abdddd9eb7,benign_baseline,test_text,0,0.0010399299,0
0ea8d0fc5ee5ae1c,benign_baseline,test_text,0,0.001035579,0
dcfe9c8d3225fa40,benign_baseline,test_text,0,0.0011125135,0
f768273ec94d0c81,benign_baseline,test_text,0,0.0010563557,0
8966eef8f19f6f1b,benign_baseline,test_text,0,0.0010655015,0
d8d0e469a8fc4880,benign_baseline,test_text,0,0.0010400137,0
d88d28e1d95bf55a,benign_baseline,test_text,0,0.0010386795,0
17e41214aaa95eff,benign_baseline,test_text,0,0.00105064,0
eafdb440c021ab3d,benign_baseline,test_text,0,0.0011095755,0
8728bbe05413cd53,benign_baseline,test_text,0,0.0010400262,0
a2d192f18e742fa3,benign_baseline,test_text,0,0.0010448357,0
4aa7653c5a1ed536,benign_baseline,test_text,0,0.0010397101,0
e859a8b92fc08da9,benign_baseline,test_text,0,0.0010533961,0
6659e5e6872fd901,benign_baseline,test_text,0,0.0010451577,0
2818dd9e62730705,benign_baseline,test_text,0,0.0010458496,0
63c2db7d049487f0,benign_baseline,test_text,0,0.0010848541,0
25705d1964590ef5,benign_baseline,test_text,0,0.0010421308,0
a6a6af4b8b0a503e,benign_baseline,test_text,0,0.0010401678,0
4875dfb90c949c07,benign_baseline,test_text,0,0.0010345412,0
e8b26c7febc0de18,benign_baseline,test_text,0,0.0010405157,0
4b8dda5e19b790c3,benign_baseline,test_text,0,0.0010355947,0
014fb84bcbd179aa,benign_baseline,test_text,0,0.0010371499,0
0d2588a827d3139c,benign_baseline,test_text,0,0.0010565213,0
d0fc0b245a53fd8e,benign_baseline,test_text,0,0.0010452471,0
30d6cc17cd55226e,benign_baseline,test_text,0,0.001032026,0
c15804a0286cf17c,benign_baseline,test_text,0,0.0010498156,0
9ae9414f82b28993,benign_baseline,test_text,0,0.0010451582,0
607ed042c4744410,benign_baseline,test_text,0,0.0010932403,0
b28b63490f66a955,benign_baseline,test_text,0,0.0010286915,0
457ef9baac479219,benign_baseline,test_text,0,0.0010400262,0
10b1b04c6e355df9,benign_baseline,test_text,0,0.0010475706,0
54c839934ed42be6,benign_baseline,test_text,0,0.0010400137,0
2b8b584bf02bcadb,benign_baseline,test_text,0,0.0010488285,0
900b7135703e3044,benign_baseline,test_text,0,0.001043052,0
c6dea4ae65a64157,benign_baseline,test_text,0,0.0010400262,0
3e09428c05189872,benign_baseline,test_text,0,0.0010375372,0
fa345eebecd80b35,benign_baseline,test_text,0,0.001043271,0
589a7fdd39dbcc82,benign_baseline,test_text,0,0.0010848541,0
7de8d3e7c382dce8,benign_baseline,test_text,0,0.001032026,0
165b468ffdd9cc3b,benign_baseline,test_text,0,0.001045014,0
900b6ea6a09bfb8c,benign_baseline,test_text,0,0.0010327908,0
cc2338e4b08e0bc7,benign_baseline,test_text,0,0.0010470209,0
b037d222c006bc5a,benign_baseline,test_text,0,0.0010358593,0
f35d43cf8d505cc0,benign_baseline,test_text,0,0.0010506461,0
3b0638be9316b785,benign_baseline,test_text,0,0.0010458673,0
5ba4c9e51f76a5fa,benign_baseline,test_text,0,0.0010357596,0
8b0d67fa2af5589a,benign_baseline,test_text,0,0.0010498156,0
b5da66aa7c163993,benign_baseline,test_text,0,0.0010420772,0
7de994aa32475cf4,benign_baseline,test_text,0,0.0010413547,0
8814e5d6b50221a0,benign_baseline,test_text,0,0.001070027,0
898fffd22192187e,benign_baseline,test_text,0,0.0010451582,0
6cac53832d53e300,benign_baseline,test_text,0,0.0010371499,0
8f175933a95126f9,benign_baseline,test_text,0,0.0010458496,0
c27a93d3fcfa481e,benign_baseline,test_text,0,0.0010475706,0
49fc239760e7ef2d,benign_baseline,test_text,0,0.0010258255,0
04dce2ff8cb1a5d4,benign_baseline,test_text,0,0.0010848541,0
e1d8d326e5f7806d,benign_baseline,test_text,0,0.0010320642,0
5db76a075e37f287,benign_baseline,test_text,0,0.0010379128,0
1aa9ba25429e7a9d,benign_baseline,test_text,0,0.0010493606,0
5210f12439de3d9d,benign_baseline,test_text,0,0.0010499657,0
0a1f8218c52d66b3,benign_baseline,test_text,0,0.0010451577,0
7fefb977cc8540ca,benign_baseline,test_text,0,0.0010431563,0
f7b69853901762fc,benign_baseline,test_text,0,0.001037389,0
e45b70b0c0b0881e,benign_baseline,test_text,0,0.0011084926,0
53681eab7e54f6a2,benign_baseline,test_text,0,0.0010402272,0
cb6ce3039161d25d,benign_baseline,test_text,0,0.0010482131,0
9aac8198171d5775,benign_baseline,test_text,0,0.0010479371,0
fa010d80b4b7ef90,benign_baseline,test_text,0,0.0010494891,0
868e58fadc82ad34,benign_baseline,test_text,0,0.0010354093,0
2a4ed9ad6bb8d16d,benign_baseline,test_text,0,0.0010870611,0
b2552f717064b639,benign_baseline,test_text,0,0.0010400137,0
76db445d155370ef,benign_baseline,test_text,0,0.0010375372,0
090ba3a462d84560,benign_baseline,test_text,0,0.0010451577,0
976d9a0faab2d90d,benign_baseline,test_text,0,0.0010436832,0
847afdf2c08661a8,benign_baseline,test_text,0,0.0010556908,0
5b478dab35817a31,benign_baseline,test_text,0,0.0010397101,0
c32140f84e0a7ebc,benign_baseline,test_text,0,0.001043052,0
ad72f7382da8c0df,benign_baseline,test_text,0,0.0010345412,0
6fbae4b518736956,benign_baseline,test_text,0,0.0010480777,0
242eaeeab2e93286,benign_baseline,test_text,0,0.0010848541,0
0d53ba93da0b6897,benign_baseline,test_text,0,0.0010569058,0
8c0d872e05fdc0b5,benign_baseline,test_text,0,0.0010467527,0
ce5bbd2a60af6034,benign_baseline,test_text,0,0.0010461974,0
9f61a6eea744302a,benign_baseline,test_text,0,0.00105064,0
6aa732c239f151be,benign_baseline,test_text,0,0.0010502837,0
62c57ade65bbbbbc,benign_baseline,test_text,0,0.0010357093,0
6e68d1365f086af9,benign_baseline,test_text,0,0.0010402272,0
2f6ed6e6daea342a,benign_baseline,test_text,0,0.001039829,0
089f1f67bcc25ebc,benign_baseline,test_text,0,0.001032026,0
49bb704eb5fe29c5,benign_baseline,test_text,0,0.0010634142,0
73d6060f6e87ba86,benign_baseline,test_text,0,0.0011095755,0
b6ad5e4ecfcbdd4d,benign_baseline,test_text,0,0.0010415025,0
febb9c7c0c556731,benign_baseline,test_text,0,0.0010362738,0
b20fd3906f59b804,benign_baseline,test_text,0,0.0010400137,0
8087ee1da2397be1,benign_baseline,test_text,0,0.0011004725,0
ee5a5b5d4a271538,benign_baseline,test_text,0,0.001043052,0
1a6ae48dbd42c57e,benign_baseline,test_text,0,0.0010557276,0
6de0ebad32b477e0,benign_baseline,test_text,0,0.001032026,0
3547d853a1556977,benign_baseline,test_text,0,0.0010477374,0
3830230f7a58a6f8,benign_baseline,test_text,0,0.0010479371,0
c1d1fc45b8bbf211,benign_baseline,test_text,0,0.0011095755,0
564d5b452ebb2a0e,benign_baseline,test_text,0,0.0010289899,0
4ed45f8c7fa45cb2,benign_baseline,test_text,0,0.0010400262,0
682372a62ae2abbd,benign_baseline,test_text,0,0.0010397101,0
fecb1c71b06904bc,benign_baseline,test_text,0,0.0010475706,0
6eef87632a290192,benign_baseline,test_text,0,0.0010436832,0
1be64cbdad3ed2eb,benign_baseline,test_text,0,0.0010427892,0
6833126a9454fe50,benign_baseline,test_text,0,0.0010391021,0
0d37c5f337556245,benign_baseline,test_text,0,0.001045014,0
acd563af0b761f9d,benign_baseline,test_text,0,0.0010700265,0
2f62ab5e035f51ae,benign_baseline,test_text,0,0.0010451602,0
b115e2a66ed9590f,benign_baseline,test_text,0,0.0010448009,0
0cab88cb2453185d,benign_baseline,test_text,0,0.0010354093,0
3fb8763694285adb,benign_baseline,test_text,0,0.0010362738,0
27384674a12c8a8d,benign_baseline,test_text,0,0.001057567,0
6d7fb894f3fb931f,benign_baseline,test_text,0,0.0010400137,0
c995ae1c8d6a44f8,benign_baseline,test_text,0,0.0010375372,0
af67072bb9847765,benign_baseline,test_text,0,0.0010721383,0
2a3f92c270762b01,benign_baseline,test_text,0,0.0010458496,0
474532bb73c6ba9e,benign_baseline,test_text,0,0.0010397101,0
79b249f01f767e00,benign_baseline,test_text,0,0.0010397101,0
e03309ac8c420a69,benign_baseline,test_text,0,0.0010361007,0
a2e2edf3f044a1d7,benign_baseline,test_text,0,0.0010501707,0
63dd865c47704c17,benign_baseline,test_text,0,0.0010493106,0
97bfc52fcb945de7,benign_baseline,test_text,0,0.0010451582,0
2fe972640018f257,benign_baseline,test_text,0,0.0010475706,0
3c0e8a3014423436,benign_baseline,test_text,0,0.001041639,0
b87a99c170b99897,benign_baseline,test_text,0,0.0010435206,0
13f18917a01d23bf,benign_baseline,test_text,0,0.0010888848,0
4367fa1ef2d57058,benign_baseline,test_text,0,0.0010427376,0
f0f7ff6a5e0f04ad,benign_baseline,test_text,0,0.0010387725,0
d7ff3569fc53fe23,benign_baseline,test_text,0,0.0010451577,0
b771c7aacd21454b,benign_baseline,test_text,0,0.001032026,0
38c8be552e27c549,benign_baseline,test_text,0,0.0010848541,0
39608a9e1612fdb1,benign_baseline,test_text,0,0.0010563557,0
77403e8becafbf12,benign_baseline,test_text,0,0.0010573989,0
92a45cad6cccd08c,benign_baseline,test_text,0,0.0010479371,0
230d9e5aa07d7060,benign_baseline,test_text,0,0.001054588,0
7b70a067cbe3681b,benign_baseline,test_text,0,0.0010493606,0
b5a5a570f64f6f50,benign_baseline,test_text,0,0.0010878609,0
2a306745343ad8ba,benign_baseline,test_text,0,0.0010431563,0
fb25f0cc5551661d,benign_baseline,test_text,0,0.0010461974,0
d18244049d491fdb,benign_baseline,test_text,0,0.0010400137,0
7fa35dc5c2088e54,benign_baseline,test_text,0,0.0010541411,0
8587252f147e0df6,benign_baseline,test_text,0,0.0010533961,0
25401c1ef1a7acbb,benign_baseline,test_text,0,0.0010855555,0
e04fb2b88df6c3bc,benign_baseline,test_text,0,0.0010451577,0
387c7b289ce94954,benign_baseline,test_text,0,0.0010451582,0
bebf592566018fdb,benign_baseline,test_text,0,0.0010400262,0
3159c38bd53c3414,benign_baseline,test_text,0,0.0011095755,0
37e197b46b6448a5,benign_baseline,test_text,0,0.0010475706,0
1da6adebef37ba7f,benign_baseline,test_text,0,0.0010397101,0
2da3f93fcfbae2df,benign_baseline,test_text,0,0.0010566934,0
7528d1b4fcfd13ba,benign_baseline,test_text,0,0.001032026,0
24574101fec07872,benign_baseline,test_text,0,0.0010889661,0
bad6644614e9d1f3,benign_baseline,test_text,0,0.0010355543,0
c93cf70d79f043a3,benign_baseline,test_text,0,0.0010371499,0
28d9d2aa94982e6b,benign_baseline,test_text,0,0.0010641635,0
586df4ce578d5840,benign_baseline,test_text,0,0.0010641584,0
98a659a0749b7021,benign_baseline,test_text,0,0.0010620832,0
3dfd9a87ea86280c,benign_baseline,test_text,0,0.0010362195,0
36d501174eb3a6ad,benign_baseline,test_text,0,0.0010641635,0
bac7fbd8cba29fe3,benign_baseline,test_text,0,0.0010491507,0
065d306a0bbd6eb8,benign_baseline,test_text,0,0.0010413418,0
5124a4333c4697e3,benign_baseline,test_text,0,0.0010699583,0
21a6c4b8fa1e06ed,benign_baseline,test_text,0,0.0010475606,0
161ff64ad7be0da2,benign_baseline,test_text,0,0.001038173,0
0831e5d765d350d8,benign_baseline,test_text,0,0.0010397101,0
1252114993980ac4,benign_baseline,test_text,0,0.0010451602,0
5a63489680ef4f00,benign_baseline,test_text,0,0.0010491747,0
6e45b71ad7183ec4,benign_baseline,test_text,0,0.0010289899,0
b04e4f2a975b7df7,benign_baseline,test_text,0,0.0010436832,0
986438d6b4b956eb,benign_baseline,test_text,0,0.001041458,0
8539a04b01bc4ae3,benign_baseline,test_text,0,0.001043052,0
842c83ce5a2653d4,benign_baseline,test_text,0,0.0010458496,0
a1e12d1cd36ed572,benign_baseline,test_text,0,0.0010345412,0
5d5863af4bae9ae0,benign_baseline,test_text,0,0.0010485692,0
4ed1273ce62b803c,benign_baseline,test_text,0,0.0010400262,0
7fb4f91ee6581b47,benign_baseline,test_text,0,0.0010848541,0
d03310198bf8f496,benign_baseline,test_text,0,0.0010618439,0
89ae8613d07f3d61,benign_baseline,test_text,0,0.0010573989,0
cb2e28c30a3d0806,benign_baseline,test_text,0,0.001032026,0
044dd6183a4ba08f,benign_baseline,test_text,0,0.0011095755,0
25bf9c2e3ded8388,benign_baseline,test_text,0,0.0010641635,0
bd758a2c9bf1dc64,benign_baseline,test_text,0,0.0010361722,0
a5a0368f98a044a9,benign_baseline,test_text,0,0.0010352269,0
ce63b78ecbd1dc58,benign_baseline,test_text,0,0.0010565213,0
a5fdd60b011ffcda,benign_baseline,test_text,0,0.0010491507,0
807cd3f4e86f6b40,benign_baseline,test_text,0,0.0010451577,0
c0f17b95a5074a67,benign_baseline,test_text,0,0.0010838908,0
cb2b7953ff4c167b,benign_baseline,test_text,0,0.0010413418,0
63d856d3728f598d,benign_baseline,test_text,0,0.0010448507,0
05c9665ff077e4e0,benign_baseline,test_text,0,0.0010475706,0
bb3e8196f14d21ad,benign_baseline,test_text,0,0.0010399299,0
86830626521e411a,benign_baseline,test_text,0,0.0010400137,0
c629fa47882e619e,benign_baseline,test_text,0,0.001043052,0
afe3b3b323ae01ca,benign_baseline,test_text,0,0.0010531181,0
6554acf041347db2,benign_baseline,test_text,0,0.0010386795,0
e5705f20420c1fd4,benign_baseline,test_text,0,0.0010430913,0
09a8b2b2251dc12a,benign_baseline,test_text,0,0.0010324252,0
b229ac94bc51c6b7,benign_baseline,test_text,0,0.0010848541,0
807a80f6a07fc9df,benign_baseline,test_text,0,0.0010375372,0
d36ba54a0fbdf5a7,benign_baseline,test_text,0,0.0010399299,0
771cfce002861090,benign_baseline,test_text,0,0.0010367502,0
29d5f5d0f8eeea64,benign_baseline,test_text,0,0.0010443705,0
dba12c23a06435ae,benign_baseline,test_text,0,0.0010645945,0
28a761e9a62db62b,benign_baseline,test_text,0,0.0010479371,0
4433d4a813bc8c11,benign_baseline,test_text,0,0.0010353294,0
83e0655832d9246a,benign_baseline,test_text,0,0.0011095755,0
9a91dd68ccad60b1,benign_baseline,test_text,0,0.00105064,0
dff9a28cd539087b,benign_baseline,test_text,0,0.001088514,0
37d0f7f7bf33e2ab,benign_baseline,test_text,0,0.0010561872,0
60be0adb53a7e240,benign_baseline,test_text,0,0.0010400137,0
e8d96b68de45204c,benign_baseline,test_text,0,0.0010910975,0
ff106fbad514684a,benign_baseline,test_text,0,0.0010700265,0
4f34749ac26ac883,benign_baseline,test_text,0,0.0010501707,0
7d3cf2781bfc1c54,benign_baseline,test_text,0,0.0010341455,0
cac8e52415c18cb1,benign_baseline,test_text,0,0.0010397101,0
64edfd6f60e12c08,benign_baseline,test_text,0,0.001043052,0
e6d00c21204132dd,benign_baseline,test_text,0,0.0010451577,0
d6f028d997fac5c2,benign_baseline,test_text,0,0.001038173,0
2e38649ca8f02509,benign_baseline,test_text,0,0.0010397101,0
621a05c6eeccf768,benign_baseline,test_text,0,0.0010361722,0
41ef9028a5d0d601,benign_baseline,test_text,0,0.0010436231,0
eaf80121c4b61400,benign_baseline,test_text,0,0.0010461974,0
53e8e1aa6fd884d8,benign_baseline,test_text,0,0.0010547135,0
182b75046f4b7e11,benign_baseline,test_text,0,0.0010451582,0
b9ec9024aa0a13d7,benign_baseline,test_text,0,0.0010482739,0
8991cf9444c46bda,benign_baseline,test_text,0,0.001032026,0
133d179e7d51a851,benign_baseline,test_text,0,0.0010864782,0
ca2437b087574b35,benign_baseline,test_text,0,0.0010534564,0
b6a3b945d701fa9b,benign_baseline,test_text,0,0.0010376741,0
f838ff308b863573,benign_baseline,test_text,0,0.0010491337,0
1ce06ee32005d869,benign_baseline,test_text,0,0.0010400137,0
61756bb70288eb14,benign_baseline,test_text,0,0.0010395665,0
989e24bc78325f62,benign_baseline,test_text,0,0.0011095755,0
964ed8ae23a93eae,benign_baseline,test_text,0,0.0010397101,0
7bf1ef0735d48437,benign_baseline,test_text,0,0.0010427376,0
bdde3db0187989b5,benign_baseline,test_text,0,0.0010448507,0
82ac13130ec102f7,benign_baseline,test_text,0,0.0010436832,0
0c2651930753424a,benign_baseline,test_text,0,0.001042808,0
92a482307c6625f0,benign_baseline,test_text,0,0.0010400262,0
5dc5363cd416d615,benign_baseline,test_text,0,0.001059912,0
da08c73c556e552f,benign_baseline,test_text,0,0.0010345412,0
8cb9d799f9bffec6,benign_baseline,test_text,0,0.0010494635,0
f840a92d8fbf84ba,benign_baseline,test_text,0,0.0010614338,0
b5f047d72f8e3adb,benign_baseline,test_text,0,0.0010289899,0
5d16c6dbaedbc48e,benign_baseline,test_text,0,0.0010458496,0
fe30377d282c8f7f,benign_baseline,test_text,0,0.0010524121,0
19eb1deb9c818ee6,benign_baseline,test_text,0,0.0010569269,0
da327817df5cbe24,benign_baseline,test_text,0,0.0010848541,0
938d6ab5a733fb1c,benign_baseline,test_text,0,0.0010324188,0
1909af04a4ae98d1,benign_baseline,test_text,0,0.0010420772,0
f814484001134f21,benign_baseline,test_text,0,0.0010561872,0
aa9da1ee04ff5d46,benign_baseline,test_text,0,0.0010368974,0
f2c264cac805612b,benign_baseline,test_text,0,0.0010479371,0
1bb4e124a3b17a5a,benign_baseline,test_text,0,0.0010850416,0
3cdc9ff883d0cc5d,benign_baseline,test_text,0,0.0010926541,0
f697c966290962a6,benign_baseline,test_text,0,0.0010475606,0
5f584932484f0f22,benign_baseline,test_text,0,0.0011095755,0
9f60392074183446,benign_baseline,test_text,0,0.0010479371,0
dc4574fe4b79a26f,benign_baseline,test_text,0,0.0010565213,0
d1fae2e62b6042b1,benign_baseline,test_text,0,0.0010451577,0
ace3c0b97bb46448,benign_baseline,test_text,0,0.0010397101,0
e7321b012a52a371,benign_baseline,test_text,0,0.0010543459,0
8b3a1458b9f7dc54,benign_baseline,test_text,0,0.0010451602,0
52e742c757998034,benign_baseline,test_text,0,0.0010376608,0
0553a9a64d1530eb,benign_baseline,test_text,0,0.0010400137,0
5416ec4e10a023c5,benign_baseline,test_text,0,0.0010397101,0
73ca9cf2a9db026a,benign_baseline,test_text,0,0.0010433969,0
0d90d965d78e85b4,benign_baseline,test_text,0,0.0010431563,0
319bdac8656c4814,benign_baseline,test_text,0,0.0010453624,0
95e10d20c7e92084,benign_baseline,test_text,0,0.0010475706,0
17f9884b9466d3f9,benign_baseline,test_text,0,0.001035579,0
35ee6bdcadfff5dc,benign_baseline,test_text,0,0.0010365018,0
604abfe8773639d1,benign_baseline,test_text,0,0.0010496031,0
83277c3b1e82ecd5,benign_baseline,test_text,0,0.0010324188,0
22c6394ceabf6d6a,benign_baseline,test_text,0,0.0010496416,0
e5a26a96139b87a7,benign_baseline,test_text,0,0.0010846097,0
12aae2d03c58aba0,benign_baseline,test_text,0,0.0010524121,0
eb2578de55ae55ad,benign_baseline,test_text,0,0.0010889661,0
281e093e5aca2c35,benign_baseline,test_text,0,0.0010420772,0
d05cdba20433780b,benign_baseline,test_text,0,0.0010959217,0
f38f26e17bd3aa0f,benign_baseline,test_text,0,0.0010427376,0
9fb1567c117f3238,benign_baseline,test_text,0,0.0010458496,0
73a1253dec5dacb7,benign_baseline,test_text,0,0.0010397101,0
715b9c3971c4fd04,benign_baseline,test_text,0,0.0010378497,0
46b040b3eb370d36,benign_baseline,test_text,0,0.0010451577,0
e3060ed6ba26f202,benign_baseline,test_text,0,0.0010848541,0
1523a15d5d832dbf,benign_baseline,test_text,0,0.0010400262,0
b77cb2a2d957ea9f,benign_baseline,test_text,0,0.0010578654,0
564631e81d3534af,benign_baseline,test_text,0,0.0010436832,0
d1459b25415974cf,benign_baseline,test_text,0,0.0010451582,0
f3ac2511587c9e52,benign_baseline,test_text,0,0.0010324188,0
19b98f918e061ff9,benign_baseline,test_text,0,0.0010400137,0
88d88f64fa057061,benign_baseline,test_text,0,0.0010475706,0
481016e49c04da17,benign_baseline,test_text,0,0.0010351154,0
445b84fbdd4f1431,benign_baseline,test_text,0,0.0010800554,0
8d5d032a8b9a31ce,benign_baseline,test_text,0,0.0010371667,0
46c6efd323e31c74,benign_baseline,test_text,0,0.0010380647,0
be00f75e25ee6c7a,benign_baseline,test_text,0,0.0010507292,0
ed8eef5741accfd3,benign_baseline,test_text,0,0.0011095755,0
a9faec58e4f61434,benign_baseline,test_text,0,0.0010634142,0
8be787cb9b6a9bf1,benign_baseline,test_text,0,0.0010871538,0
1d8dbebd9ede9564,benign_baseline,test_text,0,0.0010764365,0
97a83054f8e62e08,benign_baseline,test_text,0,0.0010376608,0
80c469debbc3edb2,benign_baseline,test_text,0,0.001041458,0
94119ba369072808,benign_baseline,test_text,0,0.0010482824,0
e75098133fbd9f12,benign_baseline,test_text,0,0.0010848541,0
457d627977d2e1db,benign_baseline,test_text,0,0.001043052,0
37696a1ea7762e37,benign_baseline,test_text,0,0.0010533961,0
e5adefeed82a6ccd,benign_baseline,test_text,0,0.0010461974,0
26ac26aebc7b603b,benign_baseline,test_text,0,0.0010289899,0
2277b4e7922ca9ac,benign_baseline,test_text,0,0.0010451582,0
5e47f3bb0a1c4ff9,benign_baseline,test_text,0,0.0010345412,0
8a4ee7cb28bf55d5,benign_baseline,test_text,0,0.0010560881,0
755a7ef622448f88,benign_baseline,test_text,0,0.0010324076,0
a67583ee921acb74,benign_baseline,test_text,0,0.0010524121,0
882ffccc56896cd3,benign_baseline,test_text,0,0.0010399299,0
59bcb235a742206a,benign_baseline,test_text,0,0.0010365018,0
343d4ddcb6dd36a9,benign_baseline,test_text,0,0.0010399299,0
14ccd8eb8eaaca81,benign_baseline,test_text,0,0.0010493106,0
61e95875aa12e707,benign_baseline,test_text,0,0.0011095755,0
d747bcdf935b347b,benign_baseline,test_text,0,0.0010367943,0
278cb2d0798f6d14,benign_baseline,test_text,0,0.0010871538,0
7bb2ba6b635666ae,benign_baseline,test_text,0,0.0010565213,0
5b5551c627097189,benign_baseline,test_text,0,0.0010380647,0
aeee8fd870576ca5,benign_baseline,test_text,0,0.0010400137,0
6032e6aa69995b00,benign_baseline,test_text,0,0.001043052,0
61286f1791b2a877,benign_baseline,test_text,0,0.0010324912,0
f2167c5804405eae,benign_baseline,test_text,0,0.0010493106,0
6f133035b9189733,benign_baseline,test_text,0,0.0010451577,0
b476045d60092cee,benign_baseline,test_text,0,0.0010573989,0
d087de754def372e,benign_baseline,test_text,0,0.0010397101,0
a7ab987fd19def6d,benign_baseline,test_text,0,0.0010475706,0
4e9a323be6a5f566,benign_baseline,test_text,0,0.0010397101,0
a158965791eaeb85,benign_baseline,test_text,0,0.0010588291,0
5959c5949bc5b580,benign_baseline,test_text,0,0.0010567623,0
276eda00576ba627,benign_baseline,test_text,0,0.0010453624,0
049e1a345e7f2728,benign_baseline,test_text,0,0.0010888884,0
df1766be54d9d5b6,benign_baseline,test_text,0,0.0010371667,0
d486b6708422ebe0,benign_baseline,test_text,0,0.0010700265,0
5fd888ca2279b6d7,benign_baseline,test_text,0,0.0010317257,0
7494632160a88c86,benign_baseline,test_text,0,0.0010451582,0
18038fca97e93d88,benign_baseline,test_text,0,0.0010488285,0
d5edc9441b013221,benign_baseline,test_text,0,0.001035658,0
687daaeac1a7fcda,benign_baseline,test_text,0,0.0010865808,0
0a04a4d3cdec854a,benign_baseline,test_text,0,0.0010479371,0
c986906b419a1e5d,benign_baseline,test_text,0,0.0010317257,0
bc95b86421d25e6a,benign_baseline,test_text,0,0.0010376608,0
531ee56bd502647f,benign_baseline,test_text,0,0.0010386795,0
e7851ac4e9269be4,benign_baseline,test_text,0,0.0010448357,0
31f045ff95a398b0,benign_baseline,test_text,0,0.0010924402,0
6b69209f0c86ca1a,benign_baseline,test_text,0,0.001043052,0
62da37b31ea90d76,benign_baseline,test_text,0,0.00104084,0
7f3c619d5b255d21,benign_baseline,test_text,0,0.0010848541,0
9124e51d36177cea,benign_baseline,test_text,0,0.001058682,0
81482e1a664d9f9f,benign_baseline,test_text,0,0.0010477727,0
53624485cc087f8a,benign_baseline,test_text,0,0.0010451577,0
f5690ecdb1552f72,benign_baseline,test_text,0,0.0010458496,0
497de5758842dbdf,benign_baseline,test_text,0,0.0011084926,0
155783b7d5576204,benign_baseline,test_text,0,0.0010400262,0
b82c16979d481235,benign_baseline,test_text,0,0.0010479371,0
6b223dc8b10707a7,benign_baseline,test_text,0,0.0010607899,0
521f8ddfb75cbcef,benign_baseline,test_text,0,0.0010479371,0
fc73db1f9a8892ac,benign_baseline,test_text,0,0.0010435206,0
ece577620d88efb6,benign_baseline,test_text,0,0.0010400262,0
28964c128b1c07cd,benign_baseline,test_text,0,0.0010494635,0
f166fd056c3313f1,benign_baseline,test_text,0,0.0010400137,0
f3928759a744fd1a,benign_baseline,test_text,0,0.0010324076,0
617bc668ff6cd6f9,benign_baseline,test_text,0,0.001086732,0
1f0a0c620e59472b,benign_baseline,test_text,0,0.0010317257,0
557d9ded821a774b,benign_baseline,test_text,0,0.0010352422,0
200f4f83621cf479,benign_baseline,test_text,0,0.0010494635,0
e1940cb1b01eaef5,benign_baseline,test_text,0,0.0010428617,0
59e88c37c84dc741,benign_baseline,test_text,0,0.0010506461,0
9a3e7c0fa54018bc,benign_baseline,test_text,0,0.0010286915,0
7fe816884d5c7bb9,benign_baseline,test_text,0,0.0010595911,0
8fdc10d29b08c7fc,benign_baseline,test_text,0,0.0010480777,0
5940e7fe279c7964,benign_baseline,test_text,0,0.0010498721,0
c6dbce7080f79cc6,benign_baseline,test_text,0,0.0010544233,0
8ee182509a778f95,benign_baseline,test_text,0,0.0010436832,0
64426a573fd4f429,benign_baseline,test_text,0,0.0010458496,0
75bcf7c44acf6e95,benign_baseline,test_text,0,0.0010409312,0
6aac41fe05a69b7e,benign_baseline,test_text,0,0.0010738975,0
d632aadac28c5758,benign_baseline,test_text,0,0.0010329402,0
abaa5d8636506ec1,benign_baseline,test_text,0,0.0010848541,0
428ff5b5234646b7,benign_baseline,test_text,0,0.0010475706,0
d8753a8ae222a909,benign_baseline,test_text,0,0.0010400262,0
ca26d1d50907e620,benign_baseline,test_text,0,0.0010479371,0
ed1d25f914d5b7c1,benign_baseline,test_text,0,0.0010371667,0
85c933d196008e5c,benign_baseline,test_text,0,0.0010400262,0
394681118e266d53,benign_baseline,test_text,0,0.0011095755,0
ed454fb6b409963e,benign_baseline,test_text,0,0.0010400137,0
172cc136b743ef06,benign_baseline,test_text,0,0.0010913538,0
1b32e9463ff87260,benign_baseline,test_text,0,0.0010356865,0
c9e459f16b7d8493,benign_baseline,test_text,0,0.0010586618,0
cc544200ea79a65b,benign_baseline,test_text,0,0.0010848541,0
bc96a0fb5ca570af,benign_baseline,test_text,0,0.001045005,0
e1e97431543140c3,benign_baseline,test_text,0,0.001043052,0
e1cd670aa0c47865,benign_baseline,test_text,0,0.0010848453,0
9ad71401f0bb1e8a,benign_baseline,test_text,0,0.0010451582,0
7ea71a77ece5e3ac,benign_baseline,test_text,0,0.0010390512,0
760b691fe83118cc,benign_baseline,test_text,0,0.0010533961,0
bb67cb1155ca0522,benign_baseline,test_text,0,0.0010477513,0
a33b69ca2633f8d0,benign_baseline,test_text,0,0.0010375372,0
62b9cdaf34eae955,benign_baseline,test_text,0,0.0010400262,0
59cb11bc4c48413f,benign_baseline,test_text,0,0.0010345412,0
6f2c4ee0a4d2996e,benign_baseline,test_text,0,0.0010642299,0
b82edf3f88c8621f,benign_baseline,test_text,0,0.0010458496,0
8992ec19e25d6d1b,benign_baseline,test_text,0,0.001048631,0
05ad4c16c6dc162b,benign_baseline,test_text,0,0.0010506461,0
7d3cefa6d9c0f13e,benign_baseline,test_text,0,0.0010420772,0
25f5db06f3055d25,benign_baseline,test_text,0,0.0010400137,0
d6f02b4cb0de3901,benign_baseline,test_text,0,0.0010402272,0
242707fb968b027d,benign_baseline,test_text,0,0.0010365946,0
5d9766c2e7f74692,benign_baseline,test_text,0,0.0010329402,0
9977e4bff3362695,benign_baseline,test_text,0,0.0010909806,0
b586357b74dd3cfa,benign_baseline,test_text,0,0.0010357463,0
98950dbd5b7d8b73,benign_baseline,test_text,0,0.0011095755,0
36f360fb7d8d0679,benign_baseline,test_text,0,0.0010474519,0
760aefcba7f03f4f,benign_baseline,test_text,0,0.0010848541,0
1b237b397376b37f,benign_baseline,test_text,0,0.0010332882,0
886e7e5e23749e2b,benign_baseline,test_text,0,0.001043052,0
c767d4244c530e8d,benign_baseline,test_text,0,0.0010397101,0
57f7b90e9b94fa9a,benign_baseline,test_text,0,0.0010410611,0
7e116ed900ea478b,benign_baseline,test_text,0,0.0010371499,0
ad8125f17fa8bbf5,benign_baseline,test_text,0,0.0010451602,0
d979320fa37e8dad,benign_baseline,test_text,0,0.0010289899,0
004ea1a40908aa1f,benign_baseline,test_text,0,0.0010790271,0
fcb3ce8f3f9bf340,benign_baseline,test_text,0,0.0010376321,0
c0be197c13a51ed4,benign_baseline,test_text,0,0.0010324012,0
bfc63a6990472e45,benign_baseline,test_text,0,0.0010397101,0
86129ffd99159219,benign_baseline,test_text,0,0.0010475706,0
74e122d133eba615,benign_baseline,test_text,0,0.0010453624,0
a6e0dad98b4917bb,benign_baseline,test_text,0,0.0010435206,0
5d9b65e7b8aba318,benign_baseline,test_text,0,0.0010364235,0
25717274e834b93d,benign_baseline,test_text,0,0.0010777023,0
75ab10d959dcf3be,benign_baseline,test_text,0,0.0010490638,0
6e73e37a0b8c96e4,benign_baseline,test_text,0,0.0010413418,0
2f1a68816d550dd9,benign_baseline,test_text,0,0.0010565213,0
60ad77c5031710aa,benign_baseline,test_text,0,0.0010916844,0
8a382917447a2ee3,benign_baseline,test_text,0,0.0010565213,0
2e36f9ce8ec361d0,benign_baseline,test_text,0,0.0010400137,0
63d434ffebb9c61d,benign_baseline,test_text,0,0.0010700265,0
a05d9bf225c33a7b,benign_baseline,test_text,0,0.0010435152,0
f47ebf99e61199fe,benign_baseline,test_text,0,0.0010451577,0
9813c9f20dde4a90,benign_baseline,test_text,0,0.0010365946,0
e0efd71a4360c608,benign_baseline,test_text,0,0.0010458496,0
7f1eeea4089bfef9,benign_baseline,test_text,0,0.0010436832,0
81468de050a5d99a,benign_baseline,test_text,0,0.001043052,0
8ca4407385601a03,benign_baseline,test_text,0,0.0010400262,0
5449c0ce3491a5c9,benign_baseline,test_text,0,0.0010448507,0
11a7f5c802b3d61f,benign_baseline,test_text,0,0.0010477374,0
702677b5cb76ec38,benign_baseline,test_text,0,0.001079953,0
39d8b2685595cda4,benign_baseline,test_text,0,0.0010453006,0
2e8687c3f169f478,benign_baseline,test_text,0,0.0010399299,0
493be1af7aa7cc78,benign_baseline,test_text,0,0.0010475706,0
8b6cd983b9b3a54a,benign_baseline,test_text,0,0.0010494635,0
42596e4ce76df9d3,benign_baseline,test_text,0,0.001038173,0
522b406e7398a72b,benign_baseline,test_text,0,0.0010928031,0
72d880accb786ffe,benign_baseline,test_text,0,0.0010883517,0
21d7ed995b3f5621,benign_baseline,test_text,0,0.001035802,0
fcfb88c9c332d629,benign_baseline,test_text,0,0.0010498156,0
7d6bbbab592ec1a8,benign_baseline,test_text,0,0.0010247646,0
e6b6863cfbf6160c,benign_baseline,test_text,0,0.0010494635,0
2a7a1bbaf803997e,benign_baseline,test_text,0,0.0010848541,0
833d8e6c7f86a330,benign_baseline,test_text,0,0.0010375372,0
1fb9471b2e19922b,benign_baseline,test_text,0,0.0010368594,0
5bf364e04cd82054,benign_baseline,test_text,0,0.0010397101,0
2e5d62b495ffda8e,benign_baseline,test_text,0,0.0010451582,0
b13ef0958a8cab9f,benign_baseline,test_text,0,0.0010451577,0
137c202b0fc4f759,benign_baseline,test_text,0,0.0010533244,0
98b7a46b8e356512,benign_baseline,test_text,0,0.0010565605,0
b9ef1a770c341b57,benign_baseline,test_text,0,0.0010458496,0
9716aea9db43885c,benign_baseline,test_text,0,0.001080813,0
f4ea24b31a04f2e0,benign_baseline,test_text,0,0.0010420325,0
034233decf223d3d,benign_baseline,test_text,0,0.0010400137,0
e562a8369d98e413,benign_baseline,test_text,0,0.0010397101,0
1926139d8c0bb587,benign_baseline,test_text,0,0.0010431563,0
2061a3cd78e456b2,benign_baseline,test_text,0,0.0010363375,0
c556738e7c4a2e4a,benign_baseline,test_text,0,0.0010317699,0
111c9a060b85ae49,benign_baseline,test_text,0,0.0011084926,0
04085647b202ff32,benign_baseline,test_text,0,0.0010899288,0
99aa1bf96b7395d7,benign_baseline,test_text,0,0.0010818997,0
bfc65a7e2148b5af,benign_baseline,test_text,0,0.0010634142,0
e6cee4cf9c5f4b61,benign_baseline,test_text,0,0.0010533961,0
66e55175a1160b25,benign_baseline,test_text,0,0.0010345412,0
2d2c250d92bcd5d0,benign_baseline,test_text,0,0.0010420772,0
d05e8a78cbb2c509,benign_baseline,test_text,0,0.0010371499,0
d109f361c1fd3034,benign_baseline,test_text,0,0.0010427376,0
d95d0579942c1bbd,benign_baseline,test_text,0,0.001048603,0
00c052df4357dfe1,benign_baseline,test_text,0,0.0010400137,0
8903fa00e82cae9c,benign_baseline,test_text,0,0.0010451582,0
8bbe5cde7d0c3ddd,benign_baseline,test_text,0,0.0010475706,0
147d81522a8af3e3,benign_baseline,test_text,0,0.0010848541,0
d5482c719855e6f5,benign_baseline,test_text,0,0.0010898618,0
b3ec1f23431c44d9,benign_baseline,test_text,0,0.0010562099,0
fc8f8afd17a8b2e0,benign_baseline,test_text,0,0.0010397101,0
3432ddec3267d8d1,benign_baseline,test_text,0,0.001032829,0
116225a237ea911f,benign_baseline,test_text,0,0.0010289899,0
75640a997cc62f3f,benign_baseline,test_text,0,0.0010435206,0
c41f50803c62d1ea,benign_baseline,test_text,0,0.0010358524,0
4651a849bf323f65,benign_baseline,test_text,0,0.0010357463,0
fa7ab696c2946a3d,benign_baseline,test_text,0,0.0010400262,0
ff4f4a8d9defe9d5,benign_baseline,test_text,0,0.001045014,0
2e4907684940dbc6,benign_baseline,test_text,0,0.0010594416,0
38dfbf02142d9fa8,benign_baseline,test_text,0,0.0010531152,0
52803ee21f1d4406,benign_baseline,test_text,0,0.0010509173,0
9f0c2f7f81bd2093,benign_baseline,test_text,0,0.0010919699,0
dcb4e8ea675a48c1,benign_baseline,test_text,0,0.0010543092,0
265aaddbcdd254fc,benign_baseline,test_text,0,0.0010718533,0
af5a6dace855b0ad,benign_baseline,test_text,0,0.0010400137,0
4b870bcb34fc07c7,benign_baseline,test_text,0,0.0010375372,0
8cde98d28c41a34a,benign_baseline,test_text,0,0.0010451602,0
aca5372294839120,benign_baseline,test_text,0,0.001045005,0
5eea93800a08d1cd,benign_baseline,test_text,0,0.0010372713,0
18f4ac3d724d258f,benign_baseline,test_text,0,0.001043052,0
870ba2b652b1588e,benign_baseline,test_text,0,0.0010371755,0
8b71df23a27e8fd3,benign_baseline,test_text,0,0.0010889661,0
f967b5c5c606ca50,benign_baseline,test_text,0,0.0010904378,0
5905cdcff1a97c8c,benign_baseline,test_text,0,0.0010452251,0
831ae7a5f6c7b8b7,benign_baseline,test_text,0,0.0010401782,0
c60f9a5cea06e9bd,benign_baseline,test_text,0,0.0010359515,0
2ab20b04c5847d48,benign_baseline,test_text,0,0.0010397101,0
01b3f92f8ddd13b7,benign_baseline,test_text,0,0.0010436832,0
8abd55ba36feba41,benign_baseline,test_text,0,0.0010399299,0
81b17523176b1a30,benign_baseline,test_text,0,0.0010475706,0
65481dca373405ac,benign_baseline,test_text,0,0.0010324076,0
0ba4a1da9f2091cc,benign_baseline,test_text,0,0.0010479371,0
8b2c7aa505c59dd2,benign_baseline,test_text,0,0.0010903701,0
9fc12caa09f56eb0,benign_baseline,test_text,0,0.0010544786,0
c78d46f7ea051b7a,benign_baseline,test_text,0,0.0010565213,0
2e6888d132d18018,benign_baseline,test_text,0,0.0010410611,0
270449b9ab8cefd3,benign_baseline,test_text,0,0.0010848541,0
432b8e7ec42a588d,benign_baseline,test_text,0,0.0010879682,0
f4560d1fb560041e,benign_baseline,test_text,0,0.0010451577,0
ff892813c086fb94,benign_baseline,test_text,0,0.001043052,0
6139bc044b285388,benign_baseline,test_text,0,0.0010400262,0
26e2555dded9f7e3,benign_baseline,test_text,0,0.0010409084,0
013cf1cdba46ba38,benign_baseline,test_text,0,0.0010391021,0
313f56d216315e4f,benign_baseline,test_text,0,0.0010461974,0
d8d5e641d13d90ce,benign_baseline,test_text,0,0.0010451582,0
40ba60987cd63f35,benign_baseline,test_text,0,0.0010436832,0
4b671b0d7cea538c,benign_baseline,test_text,0,0.0010386795,0
dc796cff8e20658e,benign_baseline,test_text,0,0.0010365018,0
38ad5776bf7e3917,benign_baseline,test_text,0,0.0010345412,0
0a985d941ea4940d,benign_baseline,test_text,0,0.0011095755,0
90fc826b444cabaa,benign_baseline,test_text,0,0.0010324076,0
db903d94b8dcd38e,benign_baseline,test_text,0,0.0010397101,0
a36e0e7dc486808f,benign_baseline,test_text,0,0.0010594416,0
7bffb75856a48857,benign_baseline,test_text,0,0.0010479371,0
6ff5e51f93d2246f,benign_baseline,test_text,0,0.0010623768,0
f24ea7e98da53353,benign_baseline,test_text,0,0.0010912541,0
d1a10d76de3b1528,benign_baseline,test_text,0,0.0010353161,0
6ce83f070c0af871,benign_baseline,test_text,0,0.0010531143,0
53e523cf23c65dc6,benign_baseline,test_text,0,0.0010565213,0
8c2a7de7d721ae58,benign_baseline,test_text,0,0.0010404458,0
f4a2142f7fa3e3db,benign_baseline,test_text,0,0.0010700265,0
e417f37b4b167062,benign_baseline,test_text,0,0.001043052,0
c0d87654377333e3,benign_baseline,test_text,0,0.0010677899,0
b77998f0883c96c9,benign_baseline,test_text,0,0.0010375372,0
d9ef8090ccb276a3,benign_baseline,test_text,0,0.0010543515,0
fc6fec9183720e32,benign_baseline,test_text,0,0.0010484623,0
6549decdb1078938,benign_baseline,test_text,0,0.0010286915,0
de8a26a2c8cb597a,benign_baseline,test_text,0,0.0010397473,0
3517e04b604924ac,benign_baseline,test_text,0,0.0010400262,0
35b18e41112a3581,benign_baseline,test_text,0,0.0010963869,0
f1a38ab3a9f1e7d1,benign_baseline,test_text,0,0.0010594416,0
15d254134f55bc8c,benign_baseline,test_text,0,0.0010502837,0
12f501820c079987,benign_baseline,test_text,0,0.0010435206,0
75970609bff23f17,benign_baseline,test_text,0,0.0010365946,0
287d500f784f3890,benign_baseline,test_text,0,0.0010458496,0
f5f23eb18a28198c,benign_baseline,test_text,0,0.0010501707,0
e90ec1f7103e9b9d,benign_baseline,test_text,0,0.0010324188,0
3c71014d4af03352,benign_baseline,test_text,0,0.0010399299,0
b9cc78e7033bdd50,benign_baseline,test_text,0,0.0010479371,0
95319c14d8091ecd,benign_baseline,test_text,0,0.0010902778,0
bc2c98bd743d94e2,benign_baseline,test_text,0,0.0011095755,0
d4a4aae8045a331a,benign_baseline,test_text,0,0.00105064,0
53591c23c1dfc8b0,benign_baseline,test_text,0,0.0010358088,0
de58a132ccddfdb5,benign_baseline,test_text,0,0.0010565213,0
64322130754829da,benign_baseline,test_text,0,0.0010404458,0
52fbf32e2f61f20d,benign_baseline,test_text,0,0.0010778045,0
d7115e802d8b9ae6,benign_baseline,test_text,0,0.0010491337,0
4a757bf174945aac,benign_baseline,test_text,0,0.0010451577,0
712900e23e9ed2c2,benign_baseline,test_text,0,0.0010391655,0
05ae64e8c3b894b9,benign_baseline,test_text,0,0.0010829727,0
3489a5f7e245ced0,benign_baseline,test_text,0,0.0010397101,0
a07fec361705f53a,benign_baseline,test_text,0,0.0010451582,0
7dbb85d538868223,benign_baseline,test_text,0,0.0010414618,0
a1a6394f2fe5c328,benign_baseline,test_text,0,0.0011318508,0
7be9cc16175417ab,benign_baseline,test_text,0,0.0010371499,0
520bfb61b0bc9b54,benign_baseline,test_text,0,0.0010976158,0
bdae2e09d4ed9b77,benign_baseline,test_text,0,0.0010428617,0
3ecd16a0a8cc65d7,benign_baseline,test_text,0,0.0010531143,0
04f2ddc0d23488e4,benign_baseline,test_text,0,0.001043271,0
13463673d15e1d93,benign_baseline,test_text,0,0.0010848541,0
92752ca30f159899,benign_baseline,test_text,0,0.0010400262,0
719b6ea858067277,benign_baseline,test_text,0,0.0010475706,0
50e1d14aca970f63,benign_baseline,test_text,0,0.0010453624,0
394c1fb3262a6c92,benign_baseline,test_text,0,0.0010324188,0
63b923d54c5a1bbb,benign_baseline,test_text,0,0.0011276143,0
08c2d0ce672a4133,benign_baseline,test_text,0,0.0010858022,0
d0492bc1a48446a2,benign_baseline,test_text,0,0.0010420772,0
b3bb800bf1951705,benign_baseline,test_text,0,0.0010634142,0
50fa68b9bcfcaa9d,benign_baseline,test_text,0,0.0011155008,0
981c8b4a26ef25ab,benign_baseline,test_text,0,0.0011186512,0
7eb42b858752aed7,benign_baseline,test_text,0,0.0010368554,0
2daa04584f547ac6,benign_baseline,test_text,0,0.0011255955,0
cd5cdd796c1c03b0,benign_baseline,test_text,0,0.0010499216,0
f7e732c4df872585,benign_baseline,test_text,0,0.0011232734,0
ae3e24da220304ad,benign_baseline,test_text,0,0.0010573989,0
9f1f919d05f9339e,benign_baseline,test_text,0,0.0010840601,0
47be11dac40f731c,benign_baseline,test_text,0,0.001045005,0
08194f2f00f5567e,benign_baseline,test_text,0,0.0010848541,0
00d08d0f5c77e24c,benign_baseline,test_text,0,0.0010499657,0
04c2e1253cb60f4a,benign_baseline,test_text,0,0.0010503288,0
1ed6acaa6aca32b4,benign_baseline,test_text,0,0.0010404334,0
c0eb76ffe111f8cb,benign_baseline,test_text,0,0.0010436832,0
fc8a424cd69ae475,benign_baseline,test_text,0,0.001043052,0
edc911e80fdbbd71,benign_baseline,test_text,0,0.0010461974,0
23a80e49b5d00cd3,benign_baseline,test_text,0,0.0010371853,0
f78213e4bd0f5510,benign_baseline,test_text,0,0.0010475706,0
998d3247f131e812,benign_baseline,test_text,0,0.0010619309,0
cffbe8119fdba7a2,benign_baseline,test_text,0,0.0010324188,0
5895acd07bd218ad,benign_baseline,test_text,0,0.0010400262,0
a7d8327efa671c76,benign_baseline,test_text,0,0.0011098536,0
f59a74a178dbc554,benign_baseline,test_text,0,0.0010489778,0
041a25a46a284bc4,benign_baseline,test_text,0,0.0010402272,0
12d44066881d8c55,benign_baseline,test_text,0,0.0010365946,0
88474d90f01eb450,benign_baseline,test_text,0,0.0010375372,0
6750e546e276c6d2,benign_baseline,test_text,0,0.0011095755,0
b040167c55dcdfe1,benign_baseline,test_text,0,0.0010925876,0
f06bd13cc64ce6e1,benign_baseline,test_text,0,0.001036966,0
6f1f16715525599f,benign_baseline,test_text,0,0.001061358,0
0b1731b635d10b69,benign_baseline,test_text,0,0.0010410869,0
d084bf0f976dcda5,benign_baseline,test_text,0,0.0010577182,0
2da2485a704ab9ed,benign_baseline,test_text,0,0.0010289899,0
7f3940978537f69e,benign_baseline,test_text,0,0.0010400262,0
7457a163d407aff9,benign_baseline,test_text,0,0.0010957029,0
fe617a5625339627,benign_baseline,test_text,0,0.0010391036,0
7b098c9e3fa6821d,benign_baseline,test_text,0,0.0010430913,0
8e0d1eb7fa0bb9a0,benign_baseline,test_text,0,0.0010371499,0
f8cd1895e77eeca6,benign_baseline,test_text,0,0.0010848541,0
9ee8668ca2ef69c0,benign_baseline,test_text,0,0.0010502837,0
23f1a26df7a88f91,benign_baseline,test_text,0,0.001043052,0
e6c3dee7ff1ced73,benign_baseline,test_text,0,0.0010461974,0
06076c78d4829866,benign_baseline,test_text,0,0.0010567921,0
ef7a701ced4d1618,benign_baseline,test_text,0,0.0010480777,0
47e786c677385426,benign_baseline,test_text,0,0.0010345412,0
6c027faa2440ebdd,benign_baseline,test_text,0,0.0010324252,0
9cf68628d389c8e3,benign_baseline,test_text,0,0.0010479371,0
b5246621537a5152,benign_baseline,test_text,0,0.0010420772,0
e3312161d75e7202,benign_baseline,test_text,0,0.0014961197,0
29b610fa7b264755,benign_baseline,test_text,0,0.0010353161,0
2ace512fcc33a7a3,benign_baseline,test_text,0,0.0010531143,0
515134c2bbf37977,benign_baseline,test_text,0,0.0010842972,0
8ad74795e8273fc2,benign_baseline,test_text,0,0.0010651062,0
ca25f05b3d5d8cc3,benign_baseline,test_text,0,0.0010619699,0
12fc64926d022ab4,benign_baseline,test_text,0,0.0010451577,0
7b079ec336254391,benign_baseline,test_text,0,0.0010531774,0
b01e5c05a49c376b,benign_baseline,test_text,0,0.0010475706,0
c67819b3c3700048,benign_baseline,test_text,0,0.0010488285,0
ff782d6ff08e7d48,benign_baseline,test_text,0,0.001043052,0
14b3529d6c699398,benign_baseline,test_text,0,0.0010451582,0
246e174d84ac0260,benign_baseline,test_text,0,0.001043271,0
e7f712a13ffa8c86,benign_baseline,test_text,0,0.0010400262,0
ec54d6d243aa8e91,benign_baseline,test_text,0,0.0010410611,0
90aad1f5b0a69bef,benign_baseline,test_text,0,0.0010397101,0
593b0cf78a523d7c,benign_baseline,test_text,0,0.0010848541,0
fe214a49c641bb33,benign_baseline,test_text,0,0.001045014,0
f79269fc5bc867a5,benign_baseline,test_text,0,0.001038173,0
cd1f7b3f41dc16b7,benign_baseline,test_text,0,0.0011095755,0
885b64765d83a45d,benign_baseline,test_text,0,0.0010492266,0
a0543cb84a5a4797,benign_baseline,test_text,0,0.0010356688,0
7d7a49c5d6b40498,benign_baseline,test_text,0,0.0010301763,0
09c2b7f7157ad1eb,benign_baseline,test_text,0,0.0010573989,0
78a452c2214792dc,benign_baseline,test_text,0,0.0010645945,0
2a95ba3a0b1b4345,benign_baseline,test_text,0,0.001032026,0
0ebef6068ed0200a,benign_baseline,test_text,0,0.0010369724,0
3cb4062794a86f8b,benign_baseline,test_text,0,0.0010350025,0
42357e5f7f496c9e,benign_baseline,test_text,0,0.0010473416,0
558d45bf086fb2ab,benign_baseline,test_text,0,0.0010645945,0
5a95fad68349dcbf,benign_baseline,test_text,0,0.0010565213,0
3bf3c2f618b4dacf,benign_baseline,test_text,0,0.0010573989,0
555a806830b43071,benign_baseline,test_text,0,0.0010812104,0
72a91cfd0d63f400,benign_baseline,test_text,0,0.0010561872,0
0d29672a8cecf5bc,benign_baseline,test_text,0,0.0010862175,0
8a074394b5219f12,benign_baseline,test_text,0,0.0010700265,0
2cec2916984746c6,benign_baseline,test_text,0,0.0010458496,0
88e4a16aab20c920,benign_baseline,test_text,0,0.0010397101,0
1e751968422ca287,benign_baseline,test_text,0,0.0010485161,0
8182936f832e7259,benign_baseline,test_text,0,0.0010427376,0
ae96d1f99ffe8d06,benign_baseline,test_text,0,0.0010475706,0
b7b36037eccbde67,benign_baseline,test_text,0,0.0010448357,0
487b7bcf13b32ea0,benign_baseline,test_text,0,0.0010400137,0
dd4d4bbff4919308,benign_baseline,test_text,0,0.0010397101,0
b7abb729374ce93d,benign_baseline,test_text,0,0.0010391021,0
8f7bed36328f021e,benign_baseline,test_text,0,0.0010651062,0
fbe8d9201bba902d,benign_baseline,test_text,0,0.001043271,0
80cc96af3ccd1999,benign_baseline,test_text,0,0.0010451577,0
2735c5acb07d76d3,benign_baseline,test_text,0,0.0010389608,0
97c5a6ab003776a3,benign_baseline,test_text,0,0.00105064,0
a1f8722361fd4c58,benign_baseline,test_text,0,0.00105064,0
917fcad0661ec5eb,benign_baseline,test_text,0,0.0010369724,0
b3740e22962a285c,benign_baseline,test_text,0,0.0010357463,0
9d0463b4620b74a0,benign_baseline,test_text,0,0.0011095755,0
ea3520de8216d8fc,benign_baseline,test_text,0,0.0010861605,0
a996d14352271609,benign_baseline,test_text,0,0.001032026,0
4b13cc8a381fefb0,benign_baseline,test_text,0,0.0010641635,0
000d04f7777d1f29,benign_baseline,test_text,0,0.0010573989,0
8c3c2243b7befb5c,benign_baseline,test_text,0,0.0010445272,0
f40d0673efd81c69,benign_baseline,test_text,0,0.001038173,0
d6820f5bdd54b58b,benign_baseline,test_text,0,0.0010470148,0
b974ae703f4e4202,benign_baseline,test_text,0,0.0010400137,0
f75c7bed339ab997,benign_baseline,test_text,0,0.001039169,0
5d869098e3374880,benign_baseline,test_text,0,0.0010943803,0
fdc97ddae4b71643,benign_baseline,test_text,0,0.0010573973,0
b14c7734253a8de5,benign_baseline,test_text,0,0.0010428617,0
221931a7900c9c51,benign_baseline,test_text,0,0.0010848541,0
398517842e8ba9b8,benign_baseline,test_text,0,0.0010485412,0
ccba6d9484dc740b,benign_baseline,test_text,0,0.0010498721,0
1146481c48bbdebc,benign_baseline,test_text,0,0.0010345412,0
0e8c42de86829b98,benign_baseline,test_text,0,0.0010461974,0
4aa6a121eba7d195,benign_baseline,test_text,0,0.0011095755,0
561e01837282054b,benign_baseline,test_text,0,0.0010499657,0
4c124ad5e5e969d4,benign_baseline,test_text,0,0.0010370185,0
6d3942518e1bf12f,benign_baseline,test_text,0,0.0010397101,0
b04dcc329a45a277,benign_baseline,test_text,0,0.0010868738,0
7654aa63600b1d0e,benign_baseline,test_text,0,0.0010399299,0
0529874b8c043f60,benign_baseline,test_text,0,0.001032026,0
78f2574192820286,benign_baseline,test_text,0,0.0010368974,0
fcfe404446ad900b,benign_baseline,test_text,0,0.0010400137,0
17ce19df5c96ff28,benign_baseline,test_text,0,0.001043052,0
e486cad93b2a26fd,benign_baseline,test_text,0,0.001032026,0
a2297a704d447d47,benign_baseline,test_text,0,0.0010491507,0
eacfa11d99f7ba4b,benign_baseline,test_text,0,0.0010397101,0
ba2e7d25eadb41f7,benign_baseline,test_text,0,0.0010458496,0
dae549bb72e5b0e3,benign_baseline,test_text,0,0.0010402272,0
bf505502d280a480,benign_baseline,test_text,0,0.0010363439,0
aea53c8965d9021a,benign_baseline,test_text,0,0.0010451582,0
da4e8ebb6c1b69de,benign_baseline,test_text,0,0.0010371405,0
82c877f754318997,benign_baseline,test_text,0,0.0010414935,0
f452c5d086bacbee,benign_baseline,test_text,0,0.0010451577,0
0e3fe970d4046c0f,benign_baseline,test_text,0,0.001089293,0
a8661ba7542923d6,benign_baseline,test_text,0,0.0010477727,0
9ccec0a219d911fb,benign_baseline,test_text,0,0.0010364772,0
0dc220fef463cf1f,benign_baseline,test_text,0,0.0010491337,0
06e1c3df5ac286b1,benign_baseline,test_text,0,0.0010848541,0
ae99df1ee755597f,benign_baseline,test_text,0,0.001043271,0
3dc2bbe714961c5a,benign_baseline,test_text,0,0.0010489778,0
0067b1f0e923e10b,benign_baseline,test_text,0,0.0010945877,0
c5d0258241ed0788,benign_baseline,test_text,0,0.0010375372,0
4ab733a3785c514b,benign_baseline,test_text,0,0.0010400137,0
b4420278079f00d8,benign_baseline,test_text,0,0.001038173,0
b37ec1e1bbe72c76,benign_baseline,test_text,0,0.0010400262,0
73dc140444077d95,benign_baseline,test_text,0,0.0010451582,0
a3ff10fbba3067d5,benign_baseline,test_text,0,0.0010397101,0
e59e3847815a2769,benign_baseline,test_text,0,0.0010649585,0
8def3d3a065d0116,benign_baseline,test_text,0,0.001045014,0
1336107f6d087a98,benign_baseline,test_text,0,0.0010477727,0
23a621b020360896,benign_baseline,test_text,0,0.0010465502,0
3f36dccebe86c6d8,benign_baseline,test_text,0,0.001045005,0
7d63fb6174d3886d,benign_baseline,test_text,0,0.0010432751,0
7793a8613b6efa6b,benign_baseline,test_text,0,0.0010427376,0
0a59a60e1d81cde5,benign_baseline,test_text,0,0.0010533961,0
e4c9bdb261017fbd,benign_baseline,test_text,0,0.0010549196,0
1c6178955255a6dd,benign_baseline,test_text,0,0.0010408756,0
bf188d080a240231,benign_baseline,test_text,0,0.001032026,0
e0b94baf9016a106,benign_baseline,test_text,0,0.0010848541,0
626b158c2c0d1c03,benign_baseline,test_text,0,0.0011095755,0
a5e636d4cd513b2e,benign_baseline,test_text,0,0.0010356643,0
665fb2d527ca6b08,benign_baseline,test_text,0,0.0010482086,0
9f7ee2e772d26f47,benign_baseline,test_text,0,0.0010469261,0
f53dd756551e01d0,benign_baseline,test_text,0,0.001043052,0
58ee801e50835634,benign_baseline,test_text,0,0.0010320642,0
b8323ca511dbe4d8,benign_baseline,test_text,0,0.0010289899,0
007c9d8baddd171d,benign_baseline,test_text,0,0.0010545946,0
7b2c4e999916e3eb,benign_baseline,test_text,0,0.0010475706,0
58622c8da57211e3,benign_baseline,test_text,0,0.0010375372,0
5c4080a2ff02cf9b,benign_baseline,test_text,0,0.0010470399,0
0c2776086262742c,benign_baseline,test_text,0,0.0010410611,0
afe5cd0b55ac1637,benign_baseline,test_text,0,0.0010848541,0
06c93c685a99ccc8,benign_baseline,test_text,0,0.0010414321,0
fbcae75b85b9037e,benign_baseline,test_text,0,0.0010922401,0
c07685d54a0eacd9,benign_baseline,test_text,0,0.0010503398,0
115d5f9dd8d8a55e,benign_baseline,test_text,0,0.0010435206,0
f666711c42e04cd8,benign_baseline,test_text,0,0.0010506461,0
be42f80797a875a2,benign_baseline,test_text,0,0.0011084926,0
29d129b6d25d860b,benign_baseline,test_text,0,0.0010461974,0
ed91e53b13062078,benign_baseline,test_text,0,0.001044455,0
7d3ed9aaf505824f,benign_baseline,test_text,0,0.0010400262,0
3b160491ade8f214,benign_baseline,test_text,0,0.0010364772,0
758e0d40152f8eee,benign_baseline,test_text,0,0.0010397101,0
94cdaf4f3a2397ac,benign_baseline,test_text,0,0.0010354823,0
c563f18bc25b7889,benign_baseline,test_text,0,0.0010413418,0
3130c11103425ce8,benign_baseline,test_text,0,0.0010403012,0
9d1dcd556186252f,benign_baseline,test_text,0,0.0010431563,0
6f684683446f523f,benign_baseline,test_text,0,0.0010968319,0
c56df70e9ce2d799,benign_baseline,test_text,0,0.0010451577,0
4e2d890e31b22041,benign_baseline,test_text,0,0.0010470399,0
260be1d4391474f3,benign_baseline,test_text,0,0.0010461974,0
f53092153cfbc1d6,benign_baseline,test_text,0,0.0010436832,0
6827fac2d4ba0c10,benign_baseline,test_text,0,0.0010325694,0
c5752893f43433c2,benign_baseline,test_text,0,0.0010451582,0
3950fed0b75d0aae,benign_baseline,test_text,0,0.0010700265,0
cb3fcc496adc33d8,benign_baseline,test_text,0,0.0010400262,0
ea5323e392f501c1,benign_baseline,test_text,0,0.0010440993,0
ab267b0cde2a8080,benign_baseline,test_text,0,0.0010368831,0
f4ce508de37e8ba1,benign_baseline,test_text,0,0.0010400262,0
afd57f8cb8f8220d,benign_baseline,test_text,0,0.001032026,0
9dccd53d3a45d2c8,benign_baseline,test_text,0,0.0010524121,0
bca517e0779a6eb9,benign_baseline,test_text,0,0.0010345412,0
6ce8214d7cd70be9,benign_baseline,test_text,0,0.0010479371,0
0b2aeda1c37eeeff,benign_baseline,test_text,0,0.0011095755,0
28cf62a9dbe5f6da,benign_baseline,test_text,0,0.0010356101,0
b1f95d063e2ecdd9,benign_baseline,test_text,0,0.0010683531,0
6acee51febe2ed01,benign_baseline,test_text,0,0.0010358593,0
14983f4f939fe13b,benign_baseline,test_text,0,0.0010395665,0
fa9ba86a98515c50,benign_baseline,test_text,0,0.0010403012,0
4903fdfe2ba34450,benign_baseline,test_text,0,0.0010451582,0
21f85e1f2de9d9a1,benign_baseline,test_text,0,0.0010493606,0
aa7108200a9413e4,benign_baseline,test_text,0,0.0010418851,0
ee6169bf6b2d3b3b,benign_baseline,test_text,0,0.0010479371,0
f5ecb976fe8836e4,benign_baseline,test_text,0,0.001043052,0
e96b63e137ee9424,benign_baseline,test_text,0,0.0010477727,0
754a2c43a4c0c169,benign_baseline,test_text,0,0.0010464046,0
4622b6985ad4b745,benign_baseline,test_text,0,0.001073703,0
accf813d79e4e547,benign_baseline,test_text,0,0.0010451577,0
50498e6a5ce4aa3e,benign_baseline,test_text,0,0.0010848541,0
26e1078a2df351b5,benign_baseline,test_text,0,0.001043271,0
289c72656d26775d,benign_baseline,test_text,0,0.0010397101,0
592918088120c188,benign_baseline,test_text,0,0.0010360873,0
ac40dc95f3c04042,benign_baseline,test_text,0,0.0010453624,0
1f004c8ae25e2375,benign_baseline,test_text,0,0.0010315725,0
45a4077adba2ad0b,benign_baseline,test_text,0,0.0010399299,0
12f5ca44b4a74496,benign_baseline,test_text,0,0.0010420772,0
f125236f471ed8af,benign_baseline,test_text,0,0.0010479371,0
291a0511d6ced57f,benign_baseline,test_text,0,0.0010357216,0
c81202a0eff2c6af,benign_baseline,test_text,0,0.0010321377,0
39c62aaffa919024,benign_baseline,test_text,0,0.0010371499,0
f1cdb22f137dc15a,benign_baseline,test_text,0,0.0010887048,0
ad949604cabed3c6,benign_baseline,test_text,0,0.0010848541,0
2ca39a153426d15b,benign_baseline,test_text,0,0.001043052,0
62383498eb0cace8,benign_baseline,test_text,0,0.0010461974,0
f9f9e52c022ef6b7,benign_baseline,test_text,0,0.0010397101,0
23a292c91992e735,benign_baseline,test_text,0,0.0010502837,0
8dae183189eee821,benign_baseline,test_text,0,0.001032026,0
bd73b5301af20f9c,benign_baseline,test_text,0,0.0010475706,0
e25feb89ce209902,benign_baseline,test_text,0,0.0010399299,0
b0a47c92a9b56b7c,benign_baseline,test_text,0,0.0011095755,0
a4b8036a4a7b276d,benign_baseline,test_text,0,0.0010524121,0
1da77d30f09a8cea,benign_baseline,test_text,0,0.0010430913,0
643674a89cfa8862,benign_baseline,test_text,0,0.0010362738,0
29b4a4c0a63de880,benign_baseline,test_text,0,0.0010472195,0
ebaa7013f3bd9490,benign_baseline,test_text,0,0.0010286915,0
42db8ef9cf2b7456,benign_baseline,test_text,0,0.0010554227,0
de494aa1f28b1f0a,benign_baseline,test_text,0,0.0010403012,0
4421aa83fccf481e,benign_baseline,test_text,0,0.0010420772,0
6d47523279e0e7d1,benign_baseline,test_text,0,0.0010505429,0
befaaab7ec60a8e3,benign_baseline,test_text,0,0.0010498156,0
8082e4dd4ed599ee,benign_baseline,test_text,0,0.0010569305,0
1ad03405a007a6e8,benign_baseline,test_text,0,0.0010356101,0
36011bc5f9ec2fa8,benign_baseline,test_text,0,0.0010699664,0
4ac5bb2e9babfc71,benign_baseline,test_text,0,0.0010451577,0
e1e5549d7cdc6169,benign_baseline,test_text,0,0.0010533961,0
ea82492cd4a36fe0,benign_baseline,test_text,0,0.0010497796,0
dbc7f2f4d703d45d,benign_baseline,test_text,0,0.001043052,0
891ee8f11e73016c,benign_baseline,test_text,0,0.0010345412,0
eb290ea83bc482c9,benign_baseline,test_text,0,0.0010848541,0
e10d54beb41a11c2,benign_baseline,test_text,0,0.0010451602,0
c4a30166197aec41,benign_baseline,test_text,0,0.0010398488,0
e269a84408a4db59,benign_baseline,test_text,0,0.0010403012,0
a4f02f1bd4f013f1,benign_baseline,test_text,0,0.0010397101,0
52e103ce1aa5a86e,benign_baseline,test_text,0,0.0010375372,0
388291fa8683851e,benign_baseline,test_text,0,0.0010407384,0
038014f88a0e15ad,benign_baseline,test_text,0,0.0010389684,0
afe0ad009b5b7af2,benign_baseline,test_text,0,0.0010489778,0
b30c1d03b063d6a9,benign_baseline,test_text,0,0.001032026,0
a428375e640515bd,benign_baseline,test_text,0,0.0010452251,0
1b7c82fccfa82a13,benign_baseline,test_text,0,0.0010891053,0
1ce37f3c66c56550,benign_baseline,test_text,0,0.0010506461,0
eef7e0838f3cefa7,benign_baseline,test_text,0,0.0010367023,0
878206be98ee56de,benign_baseline,test_text,0,0.0010586649,0
0b4d6846718a4b5f,benign_baseline,test_text,0,0.0010798373,0
2fd0098f9986eb80,benign_baseline,test_text,0,0.0010400262,0
e3bf63d061b3a4af,benign_baseline,test_text,0,0.0010401539,0
3c6c93b6370fdaa2,benign_baseline,test_text,0,0.0010422738,0
213168507bda40e0,benign_baseline,test_text,0,0.0010441432,0
0040ae2fa336b2e7,benign_baseline,test_text,0,0.0010400262,0
fb35d1cd88b6a181,benign_baseline,test_text,0,0.0010848541,0
3ce37f23dc0f895c,benign_baseline,test_text,0,0.0010475706,0
ce41454b404b8aac,benign_baseline,test_text,0,0.0010469386,0
e35e5414a4d3b9fd,benign_baseline,test_text,0,0.0010436832,0
d14e01127fbdfb3d,benign_baseline,test_text,0,0.00108635,0
d84ebbeb685672a4,benign_baseline,test_text,0,0.0010451582,0
0c3bef0fd3a25689,benign_baseline,test_text,0,0.0010461974,0
68fc56d4343bc680,benign_baseline,test_text,0,0.0010427376,0
83f360b82a63a873,benign_baseline,test_text,0,0.0010538112,0
30ce4d9428d304b6,benign_baseline,test_text,0,0.0010371499,0
c596582a67eb66f3,benign_baseline,test_text,0,0.001035953,0
24b16f521c1ec2de,benign_baseline,test_text,0,0.0010362738,0
1bee13233792de1f,benign_baseline,test_text,0,0.0011095755,0
43c43cc27802f498,benign_baseline,test_text,0,0.001032026,0
c0d8f797336811f3,benign_baseline,test_text,0,0.0010494295,0
e44cd04ac0c6104f,benign_baseline,test_text,0,0.0010410611,0
3f0b153dcb2cc691,benign_baseline,test_text,0,0.0010442825,0
ae27f67be6df1bd8,benign_baseline,test_text,0,0.0010317257,0
8b0d7d6c45e333a7,benign_baseline,test_text,0,0.0010551644,0
6dfd905a80a50453,benign_baseline,test_text,0,0.0010400262,0
1203857918962087,benign_baseline,test_text,0,0.0010563557,0
94fb9c2dd1e25daa,benign_baseline,test_text,0,0.0010475706,0
d7759186e2f06cbb,benign_baseline,test_text,0,0.0010796593,0
c366f5b7d095043e,benign_baseline,test_text,0,0.0010700265,0
4e234620b26325d7,benign_baseline,test_text,0,0.0010502837,0
954a38852d78ec93,benign_baseline,test_text,0,0.0010400262,0
893fe10068a646c5,benign_baseline,test_text,0,0.0010431563,0
97edb4ad2a73eb86,benign_baseline,test_text,0,0.0010435206,0
3f510ea71f290bf6,benign_baseline,test_text,0,0.0010890823,0
bba960d1ef6014d5,benign_baseline,test_text,0,0.0010497796,0
9df01cd99309d212,benign_baseline,test_text,0,0.0010453624,0
9bcc1430152e7496,benign_baseline,test_text,0,0.001032026,0
97226aca71ed073f,benign_baseline,test_text,0,0.00103642,0
9da6b0b1fb633000,benign_baseline,test_text,0,0.0010351775,0
76dd8238f29eb109,benign_baseline,test_text,0,0.0010506461,0
31ef0008ba85af37,benign_baseline,test_text,0,0.0010375372,0
a0d9c8e38237f531,benign_baseline,test_text,0,0.0010493106,0
ab26598e1f39014a,benign_baseline,test_text,0,0.0010498436,0
38965d0faad068db,benign_baseline,test_text,0,0.0010684422,0
574d18b723fff126,benign_baseline,test_text,0,0.0010451577,0
a6933a979bb40df9,benign_baseline,test_text,0,0.0010448357,0
6df76dae2659cfb2,benign_baseline,test_text,0,0.0010403012,0
d45c0b95459515e7,benign_baseline,test_text,0,0.0010324252,0
0bd34cbdf6cd08aa,benign_baseline,test_text,0,0.0010458496,0
c43198b6878f79a7,benign_baseline,test_text,0,0.0010848541,0
e3de453438ced290,benign_baseline,test_text,0,0.0010474519,0
76940e8b195c7053,benign_baseline,test_text,0,0.001043052,0
78be79d842bfbcdf,benign_baseline,test_text,0,0.0010352269,0
5eceec41999fd487,benign_baseline,test_text,0,0.0010436832,0
cb79aadca292f293,benign_baseline,test_text,0,0.0010616871,0
ac94b277b1ebbef6,benign_baseline,test_text,0,0.0010371499,0
c5a29e6d79139919,benign_baseline,test_text,0,0.0010573989,0
8e22a748cc97b104,benign_baseline,test_text,0,0.0010399299,0
df13aa0897551c87,benign_baseline,test_text,0,0.0010349172,0
7c9d61e2f46fc990,benign_baseline,test_text,0,0.0010488709,0
7fe72187275bb627,benign_baseline,test_text,0,0.0010491507,0
e6cf935b24eafdf2,benign_baseline,test_text,0,0.0010479371,0
068b91be84970189,benign_baseline,test_text,0,0.0010402272,0
d442c39ee671f075,benign_baseline,test_text,0,0.0010494635,0
cd67d9c15a00edb3,benign_baseline,test_text,0,0.0010909329,0
4894f7b8f463c314,benign_baseline,test_text,0,0.0010356081,0
5849b7e1d62b09e6,benign_baseline,test_text,0,0.0010494635,0
ab2f76537d179d59,benign_baseline,test_text,0,0.0010573989,0
17c0c4b29ca0c023,benign_baseline,test_text,0,0.0010403012,0
773611e545f2d6a5,benign_baseline,test_text,0,0.0010861141,0
8399c8fb36fda879,benign_baseline,test_text,0,0.0010448507,0
f1753cb17d21edc6,benign_baseline,test_text,0,0.001043052,0
de8ee902541ce6dc,benign_baseline,test_text,0,0.0010848541,0
54d9dba98cd56db5,benign_baseline,test_text,0,0.0010479371,0
1934bd74a0a96b9d,benign_baseline,test_text,0,0.0010475706,0
8098913323df96c3,benign_baseline,test_text,0,0.0010591551,0
36cf65a27880b3c9,benign_baseline,test_text,0,0.001048692,0
0881a20fcfb44395,benign_baseline,test_text,0,0.0010439696,0
ed7409c164abd847,benign_baseline,test_text,0,0.0010402026,0
ad7a766981815a95,benign_baseline,test_text,0,0.0010397101,0
fa6188b68005db73,benign_baseline,test_text,0,0.0010436832,0
6274caae219f94ca,benign_baseline,test_text,0,0.0010286915,0
6c4245004730c6f9,benign_baseline,test_text,0,0.0010359155,0
547d28182bce27a6,benign_baseline,test_text,0,0.001032026,0
2f812751bdf83437,benign_baseline,test_text,0,0.0010400262,0
016f171e7e8cbb46,benign_baseline,test_text,0,0.0011095755,0
dbfd38cd09f8afb7,benign_baseline,test_text,0,0.0010869368,0
7b3867fd5cc447bf,benign_baseline,test_text,0,0.0010573989,0
a6b6c7b514269eed,benign_baseline,test_text,0,0.0010371415,0
982f18653b177e9a,benign_baseline,test_text,0,0.0010600291,0
4e4fd22ca97a2fa1,benign_baseline,test_text,0,0.0010458496,0
f093a0a9a915700e,benign_baseline,test_text,0,0.0010371499,0
52e7ef2d22be617e,benign_baseline,test_text,0,0.0010451577,0
7c1021783c4f2ae9,benign_baseline,test_text,0,0.0010848541,0
31e60051dcf78b45,benign_baseline,test_text,0,0.0010477374,0
f334be3134d337c4,benign_baseline,test_text,0,0.0010400262,0
3d0370ea3e474320,benign_baseline,test_text,0,0.0010502837,0
9e01242716278b1c,benign_baseline,test_text,0,0.0010475706,0
a90876289f3356f6,benign_baseline,test_text,0,0.0010397101,0
f300aeb6ec295b35,benign_baseline,test_text,0,0.0010219953,0
b921334019ee18ee,benign_baseline,test_text,0,0.0010719004,0
ab6886edd032dfb4,benign_baseline,test_text,0,0.0010435206,0
c91f79cf60cc2a2c,benign_baseline,test_text,0,0.0010475446,0
6059ef12011656e8,benign_baseline,test_text,0,0.0010427376,0
7616cb33468e4861,benign_baseline,test_text,0,0.0010401539,0
fd4a33cacfd34a0a,benign_baseline,test_text,0,0.001045014,0
15df967d7d799a47,benign_baseline,test_text,0,0.0010403215,0
d6d4343a512760a6,benign_baseline,test_text,0,0.0010413418,0
78f96a0673dea3a5,benign_baseline,test_text,0,0.0011095755,0
b913d2655d1968b7,benign_baseline,test_text,0,0.0010495976,0
bb9b2adb82b94b90,benign_baseline,test_text,0,0.0010878163,0
bcf191fd35739fb9,benign_baseline,test_text,0,0.001032026,0
03f95c24a6e9a1eb,benign_baseline,test_text,0,0.0010376741,0
6468ad2252d17114,benign_baseline,test_text,0,0.0010651062,0
b3d2667130377816,benign_baseline,test_text,0,0.001038173,0
fc6ba82effcc8fc0,benign_baseline,test_text,0,0.0010403012,0
d54c22a3553d3838,benign_baseline,test_text,0,0.0011002435,0
25e6dd6a97475a85,benign_baseline,test_text,0,0.001043052,0
3307978be8211e50,benign_baseline,test_text,0,0.0010458496,0
905975fad4cfca13,benign_baseline,test_text,0,0.0010402332,0
906626f5794265fa,benign_baseline,test_text,0,0.0010848541,0
8f75a53dc17b3950,benign_baseline,test_text,0,0.0010428488,0
6ed49f0180d8e9d9,benign_baseline,test_text,0,0.0010451577,0
2e837793ec807138,benign_baseline,test_text,0,0.0010486925,0
8d207be5ccac6957,benign_baseline,test_text,0,0.0010400262,0
2cc8703ca3f6be3c,benign_baseline,test_text,0,0.0010475706,0
a14727d0b326c723,benign_baseline,test_text,0,0.0010451582,0
2325419f12c87619,benign_baseline,test_text,0,0.0010400262,0
d2e7a911efaa8ea4,benign_baseline,test_text,0,0.0010324188,0
bfe90d85fbc72929,benign_baseline,test_text,0,0.0010883673,0
6199e2861224f91d,benign_baseline,test_text,0,0.0010491507,0
a8acb3a2b971d4cb,benign_baseline,test_text,0,0.0010494891,0
19382c692d619014,benign_baseline,test_text,0,0.0010359155,0
49d07d5b7e1f5be3,benign_baseline,test_text,0,0.0010364235,0
1d9640c38086ae40,benign_baseline,test_text,0,0.0011095755,0
603ec5663b76d6de,benign_baseline,test_text,0,0.0010260048,0
c072c20826260ce3,benign_baseline,test_text,0,0.0010375372,0
53edb402e3626724,benign_baseline,test_text,0,0.0010289899,0
34d047035b488742,benign_baseline,test_text,0,0.0010458496,0
01c056bbb10b7750,benign_baseline,test_text,0,0.0010428617,0
e0881c84810b4adc,benign_baseline,test_text,0,0.0010451602,0
998b0923ddaedbec,benign_baseline,test_text,0,0.0010400262,0
609420e859de03e1,benign_baseline,test_text,0,0.0010436832,0
70f6bfce989c2b61,benign_baseline,test_text,0,0.0010378497,0
f893210099b1d413,benign_baseline,test_text,0,0.0010397101,0
98fb85fe16549bba,benign_baseline,test_text,0,0.0010756544,0
744516d0944269f4,benign_baseline,test_text,0,0.0010410611,0
6fd6d93f58bdffac,benign_baseline,test_text,0,0.0010700265,0
eb9dcfd875968e38,benign_baseline,test_text,0,0.0010484856,0
7bdd7082960409c9,benign_baseline,test_text,0,0.0010437379,0
9746f84c87a5f66e,benign_baseline,test_text,0,0.0010491986,0
4d29867e43918742,benign_baseline,test_text,0,0.0010577182,0
68735c628b109ce0,benign_baseline,test_text,0,0.0010899313,0
2ccdee4189386d31,benign_baseline,test_text,0,0.0010324188,0
53e763d4eaa31099,benign_baseline,test_text,0,0.0010818997,0
b3539efa93784412,benign_baseline,test_text,0,0.0010361929,0
e95dc6f88effd60b,benign_baseline,test_text,0,0.0010925876,0
9261c3e27cc6a57e,benign_baseline,test_text,0,0.0010352269,0
e50fed45c1889f80,benign_baseline,test_text,0,0.0010420772,0
54e8b2cfd00b0ce7,benign_baseline,test_text,0,0.0010491986,0
7b038c2aabd6ad95,benign_baseline,test_text,0,0.0010403012,0
b968f516bca397f3,benign_baseline,test_text,0,0.0010561872,0
c54464ed0f242a10,benign_baseline,test_text,0,0.001089809,0
0d41974f9ebf1e82,benign_baseline,test_text,0,0.001043052,0
8b11b298aab5f892,benign_baseline,test_text,0,0.0010324188,0
b50b882ca6ef3ea3,benign_baseline,test_text,0,0.0010527336,0
42aefd2be1106df8,benign_baseline,test_text,0,0.0010561872,0
b8f71062598a673f,benign_baseline,test_text,0,0.0010420772,0
cf0803c91d673ac8,benign_baseline,test_text,0,0.001045005,0
8767113ceccff443,benign_baseline,test_text,0,0.0010458496,0
9dc2083917ee62c5,benign_baseline,test_text,0,0.0010400262,0
692cbe95a3653afa,benign_baseline,test_text,0,0.0010502837,0
45d2c2cb61c59fa1,benign_baseline,test_text,0,0.0010543459,0
f761e83483c0c1a7,benign_baseline,test_text,0,0.0010848541,0
5d75f0abff7fa382,benign_baseline,test_text,0,0.0010382893,0
d19da4cdbbebb3fa,benign_baseline,test_text,0,0.0010399299,0
4b9ecac434481069,benign_baseline,test_text,0,0.0010424565,0
2ab0ab3a9c233e41,benign_baseline,test_text,0,0.0010475706,0
fceebe9eeec91b3f,benign_baseline,test_text,0,0.0010912514,0
300fde46ce75ce6f,benign_baseline,test_text,0,0.0010435206,0
e0dccde145d8eb30,benign_baseline,test_text,0,0.0010557276,0
487b2a48f2a1c6ce,benign_baseline,test_text,0,0.001038173,0
175c09b4a2256a27,benign_baseline,test_text,0,0.0010356865,0
1c532edfb905a815,benign_baseline,test_text,0,0.0011095755,0
77a43de1e512a0c9,benign_baseline,test_text,0,0.0010357596,0
1a436a3cdf74c154,benign_baseline,test_text,0,0.0010403012,0
97667a8108a9f567,benign_baseline,test_text,0,0.0010427376,0
13908149f6aff22c,benign_baseline,test_text,0,0.0010324912,0
9bee865a5179682d,benign_baseline,test_text,0,0.0010587152,0
842836b7865e95e8,benign_baseline,test_text,0,0.0010368594,0
4fe0add3d120d405,benign_baseline,test_text,0,0.0010400262,0
85c169d5f66e4cc0,benign_baseline,test_text,0,0.0010748268,0
7b5408c5cf149018,benign_baseline,test_text,0,0.0010436832,0
dfe7aaa00e9da243,benign_baseline,test_text,0,0.0010402272,0
97b108014a1716ca,benign_baseline,test_text,0,0.0010423288,0
3ad49df05a12e675,benign_baseline,test_text,0,0.0010451577,0
d11f497eebe83411,benign_baseline,test_text,0,0.0010848541,0
51419d970cad908c,benign_baseline,test_text,0,0.0010448507,0
a007b6326285cbad,benign_baseline,test_text,0,0.0010375372,0
489665c0473c2a11,benign_baseline,test_text,0,0.0010475706,0
0aaa9ff8bb964743,benign_baseline,test_text,0,0.0011095755,0
61a13385724ebc99,benign_baseline,test_text,0,0.0010453624,0
f872f3e417497104,benign_baseline,test_text,0,0.001088388,0
de658725c6f59484,benign_baseline,test_text,0,0.0010489778,0
d906d85c908ef93a,benign_baseline,test_text,0,0.0010361929,0
23f675568563fe2a,benign_baseline,test_text,0,0.0010493106,0
95f08b0a6e7e0fd5,benign_baseline,test_text,0,0.0010420772,0
ca7d17b1f7a61efd,benign_baseline,test_text,0,0.0010362738,0
88b62c886f8a44b3,benign_baseline,test_text,0,0.0010563557,0
12ae3e32536660c8,benign_baseline,test_text,0,0.0010371499,0
19526f76f8c9dbb4,benign_baseline,test_text,0,0.0010480777,0
2241ae7a51b46f36,benign_baseline,test_text,0,0.0010289899,0
6c085716db8888f7,benign_baseline,test_text,0,0.0010451582,0
37481d277cdc6b0a,benign_baseline,test_text,0,0.0010454431,0
70f91af279f55bbb,benign_baseline,test_text,0,0.0010574773,0
83d682fc6b49d63a,benign_baseline,test_text,0,0.001043052,0
de0343e7143c7e30,benign_baseline,test_text,0,0.0010436832,0
42f234e5115ef4df,benign_baseline,test_text,0,0.0010458496,0
c10f7e9539146370,benign_baseline,test_text,0,0.0010345412,0
9b8d7c69b9c9be65,benign_baseline,test_text,0,0.0010403012,0
24c69905188963e9,benign_baseline,test_text,0,0.0010778732,0
430c02dbff0578ec,benign_baseline,test_text,0,0.0010397101,0
a983068b74c4244f,benign_baseline,test_text,0,0.0010848541,0
50647d927d6b0f34,benign_baseline,test_text,0,0.0010405157,0
3f820aabe11a7e50,benign_baseline,test_text,0,0.0011095755,0
f075a6c142296760,benign_baseline,test_text,0,0.0010801723,0
8faf3ca9f0d869bb,benign_baseline,test_text,0,0.0010931069,0
89c91b7856da7977,benign_baseline,test_text,0,0.0010563557,0
c831e266d19d4c71,benign_baseline,test_text,0,0.0010573989,0
d14746fd8a49d203,benign_baseline,test_text,0,0.0010374829,0
56d5e9853a80e3b8,benign_baseline,test_text,0,0.0010324076,0
999d162134be535f,benign_baseline,test_text,0,0.0010486215,0
aa63141ce55b727a,benign_baseline,test_text,0,0.0010586649,0
777603ab1ae4131f,benign_baseline,test_text,0,0.0010641584,0
fbbaaf317eabd4ae,benign_baseline,test_text,0,0.0010403012,0
5affc8a5b41bac93,benign_baseline,test_text,0,0.0010503398,0
a74ab6b59b867367,benign_baseline,test_text,0,0.0010428617,0
b1cd00f47336e447,benign_baseline,test_text,0,0.0010475706,0
b60c84ec2ae92cd9,benign_baseline,test_text,0,0.001045005,0
cc01349ab7cf5744,benign_baseline,test_text,0,0.0010397101,0
8c23f33a02075439,benign_baseline,test_text,0,0.0010501707,0
19dc133422274676,benign_baseline,test_text,0,0.0010848541,0
d976616b5c1d2562,benign_baseline,test_text,0,0.0010435206,0
3d561c417aecbd6e,benign_baseline,test_text,0,0.0010395665,0
e22eeaffd8b4f8c4,benign_baseline,test_text,0,0.0010586649,0
cf4eaac77f66df9c,benign_baseline,test_text,0,0.0010896185,0
79e2ef27d5801f1b,benign_baseline,test_text,0,0.001055378,0
b7776effeceeb6df,benign_baseline,test_text,0,0.0010458496,0
564ab4d906ae9579,benign_baseline,test_text,0,0.0010324076,0
6db088216495ef73,benign_baseline,test_text,0,0.0010913226,0
cbaf00c585288834,benign_baseline,test_text,0,0.0010400262,0
3fd7fb8c716ae448,benign_baseline,test_text,0,0.0010529015,0
a6c9c98a29de6adb,benign_baseline,test_text,0,0.0010573989,0
788b6689455c757c,benign_baseline,test_text,0,0.0010363947,0
58e56af311dcacc5,benign_baseline,test_text,0,0.0010531152,0
254dd5b90e8e0997,benign_baseline,test_text,0,0.0010362738,0
fac96b1614cc2732,benign_baseline,test_text,0,0.0010451577,0
29e99473feb2e469,benign_baseline,test_text,0,0.0010410611,0
751a5aa0b79b62ec,benign_baseline,test_text,0,0.0010700265,0
c2f8db303c1bdd56,benign_baseline,test_text,0,0.0010407101,0
c0df1eefe32079b4,benign_baseline,test_text,0,0.0010400262,0
6a82d4c64b770e68,benign_baseline,test_text,0,0.0010427376,0
1f8af699e47dc61a,benign_baseline,test_text,0,0.0010882559,0
5c9c9361b017de15,benign_baseline,test_text,0,0.0010450318,0
ab3a6839bee55f0c,benign_baseline,test_text,0,0.0010399299,0
7202371dbd6ff630,benign_baseline,test_text,0,0.001043271,0
1e1991fe7b7ff18b,benign_baseline,test_text,0,0.0010641635,0
d7f59b0738d33676,benign_baseline,test_text,0,0.001045014,0
447a912c52a56986,benign_baseline,test_text,0,0.0010503288,0
32bd38693007457b,benign_baseline,test_text,0,0.0010812548,0
e9a48b73eba47d4c,benign_baseline,test_text,0,0.0010329402,0
0abf0243f42755f8,benign_baseline,test_text,0,0.0010376608,0
278c563df17c424e,benign_baseline,test_text,0,0.0010487725,0
5f8d7b33f5049c33,benign_baseline,test_text,0,0.0010354093,0
ba7f14f4ead82f64,benign_baseline,test_text,0,0.0010482834,0
ed3a6aa6f84ab650,benign_baseline,test_text,0,0.0010573989,0
0fc1ebc0273daaf4,benign_baseline,test_text,0,0.0010524121,0
1cd31947e4febee7,benign_baseline,test_text,0,0.0010641635,0
7141efee357858a7,benign_baseline,test_text,0,0.0010358088,0
528f46927b36f960,benign_baseline,test_text,0,0.0010420772,0
fd54169b75ed4671,benign_baseline,test_text,0,0.0010910388,0
e1a7e9c727d77626,benign_baseline,test_text,0,0.0010289899,0
d6de3af107c29a64,benign_baseline,test_text,0,0.0010427376,0
18266e6c6654cb99,benign_baseline,test_text,0,0.0010502837,0
20a4143bf4616877,benign_baseline,test_text,0,0.0010418548,0
2f040da1f9ada183,benign_baseline,test_text,0,0.0010397101,0
149bdec5e27fa78c,benign_baseline,test_text,0,0.0010436832,0
95188ddb84013ba3,benign_baseline,test_text,0,0.0010329402,0
19f6c586ac9413ee,benign_baseline,test_text,0,0.0010403012,0
c623c5add7859daa,benign_baseline,test_text,0,0.0010493606,0
790f497fb010277b,benign_baseline,test_text,0,0.0010871342,0
f0eaba600edd600c,benign_baseline,test_text,0,0.0010484856,0
194357f29813d751,benign_baseline,test_text,0,0.0010561872,0
c4b2248153107f53,benign_baseline,test_text,0,0.0010461974,0
ef05d77b4180bfa7,benign_baseline,test_text,0,0.0010380647,0
56bdcaa176960a77,benign_baseline,test_text,0,0.0010848541,0
f378676908420ac5,benign_baseline,test_text,0,0.001494594,0
0b2025cb8e9349ba,benign_baseline,test_text,0,0.0010397101,0
4d27a9f9a8ae4b2d,benign_baseline,test_text,0,0.0010506461,0
8e5ecd9a0af8c440,benign_baseline,test_text,0,0.0010573989,0
11086f13d30d1937,benign_baseline,test_text,0,0.0010479371,0
a080330648b866df,benign_baseline,test_text,0,0.0010357699,0
0362c0c562e07776,benign_baseline,test_text,0,0.0010364851,0
c2d8a9f9e0d05739,benign_baseline,test_text,0,0.0010397101,0
fff0eacc286e433b,benign_baseline,test_text,0,0.0010927697,0
b53df792919fa663,benign_baseline,test_text,0,0.0010451602,0
16d94321610cbc69,benign_baseline,test_text,0,0.0010458496,0
3806320e4f5b1bf8,benign_baseline,test_text,0,0.0010427376,0
37ea8a6add3eff98,benign_baseline,test_text,0,0.0010848541,0
183740202add1fa6,benign_baseline,test_text,0,0.0011095755,0
d641557c2bd9c1f5,benign_baseline,test_text,0,0.0010484856,0
740faf7179e61f5b,benign_baseline,test_text,0,0.001045005,0
c5c27e4d0147afc8,benign_baseline,test_text,0,0.0010641635,0
9a84ade1f12a4d0d,benign_baseline,test_text,0,0.00105335,0
fab98ae747d9e8fd,benign_baseline,test_text,0,0.0010435206,0
9e6b77569ff50188,benign_baseline,test_text,0,0.0010403012,0
af3915afd28723cb,benign_baseline,test_text,0,0.0010376608,0
17a45271ef3c503b,benign_baseline,test_text,0,0.0010950832,0
2954e35c77772475,benign_baseline,test_text,0,0.0010399299,0
6ae3ff7ea55c1ffa,benign_baseline,test_text,0,0.0010324012,0
95ae362ad61daf6a,benign_baseline,test_text,0,0.0010493696,0
ef64863ed705c4a0,benign_baseline,test_text,0,0.0010594416,0
ef6a7f88f3a5f5b7,benign_baseline,test_text,0,0.001054142,0
7f4f6de870a4d89c,benign_baseline,test_text,0,0.0010641635,0
07248da8a4dfdb33,benign_baseline,test_text,0,0.0010479371,0
95f72cd3aca76bc3,benign_baseline,test_text,0,0.0010561872,0
bcc0dec013326ce9,benign_baseline,test_text,0,0.0010360923,0
82046a2906b098c5,benign_baseline,test_text,0,0.001035953,0
25c19d75b9f6dfe9,benign_baseline,test_text,0,0.0010607737,0
b1063db92c9ce8ed,benign_baseline,test_text,0,0.0010451577,0
705e6d8d470ec5f0,benign_baseline,test_text,0,0.0010848541,0
0c7048895070f207,benign_baseline,test_text,0,0.0010403012,0
9be0acdcb8aeb228,benign_baseline,test_text,0,0.001043052,0
ac845adf44654e56,benign_baseline,test_text,0,0.0010451582,0
2ad9d78524c2264b,benign_baseline,test_text,0,0.0010315405,0
b8b1b2b2f4de66e6,benign_baseline,test_text,0,0.001043271,0
7d82f74694898a25,benign_baseline,test_text,0,0.0010397101,0
bfb37583dcf658ba,benign_baseline,test_text,0,0.0010857013,0
a0ce5e2f86abc39d,benign_baseline,test_text,0,0.0010569216,0
85e879a584b360e6,benign_baseline,test_text,0,0.0010380647,0
4df82502fa957684,benign_baseline,test_text,0,0.0010359515,0
3a0bdf006b96b633,benign_baseline,test_text,0,0.0010477727,0
4937b56d1b7adfcf,benign_baseline,test_text,0,0.0010400262,0
6dc3d323dac4c5ce,benign_baseline,test_text,0,0.0010458496,0
2a29a76c20526332,benign_baseline,test_text,0,0.0010369009,0
bd066766bbce4ee3,benign_baseline,test_text,0,0.0010479371,0
1608d97ac3983cfa,benign_baseline,test_text,0,0.0010420772,0
a08237fd40f4f123,benign_baseline,test_text,0,0.0010573989,0
18f8449804820fb5,benign_baseline,test_text,0,0.00105064,0
e7a746563e220d92,benign_baseline,test_text,0,0.0010873161,0
cb9cdad741f7196c,benign_baseline,test_text,0,0.0011095755,0
fcb178def394672b,benign_baseline,test_text,0,0.0010356643,0
474a94110d5e532d,benign_baseline,test_text,0,0.0010928073,0
125642fbc71690bf,benign_baseline,test_text,0,0.0010848541,0
7e213bdd88ccf156,benign_baseline,test_text,0,0.0010431563,0
37596041cf05e5ca,benign_baseline,test_text,0,0.0010397101,0
82d1943536f89120,benign_baseline,test_text,0,0.0010436832,0
18be7a8496ae3527,benign_baseline,test_text,0,0.0010573294,0
e4d6754c0c8577e9,benign_baseline,test_text,0,0.0010498721,0
3fdf005efab86814,benign_baseline,test_text,0,0.0010493106,0
b62151829157560f,benign_baseline,test_text,0,0.0010477727,0
99f1eab0e07f0f16,benign_baseline,test_text,0,0.0010677899,0
f13506e2448e146a,benign_baseline,test_text,0,0.0010289899,0
171698508c5037d0,benign_baseline,test_text,0,0.0010400262,0
bd09c632481eeba2,benign_baseline,test_text,0,0.0010403012,0
b49f919a1e11c784,benign_baseline,test_text,0,0.0010508888,0
338cf9e855e4c2dd,benign_baseline,test_text,0,0.0010356101,0
a5e3ca01f5459d0e,benign_baseline,test_text,0,0.0010425771,0
95f7940e584f1e78,benign_baseline,test_text,0,0.0010329402,0
11381f7f6e17b31b,benign_baseline,test_text,0,0.001045014,0
2ab672337ffbf8b7,benign_baseline,test_text,0,0.0010925876,0
f191756a13bb68bd,benign_baseline,test_text,0,0.0010594416,0
bc29ec8cc5027070,benign_baseline,test_text,0,0.001035802,0
eb90af8ca114f8e2,benign_baseline,test_text,0,0.0010903926,0
2fc0e76dd7f89b2f,benign_baseline,test_text,0,0.0010563557,0
8ba692b4bd1d3687,benign_baseline,test_text,0,0.0010410611,0
a63b93836281b2d0,benign_baseline,test_text,0,0.0010448507,0
5f3be135de7266a6,benign_baseline,test_text,0,0.0010391021,0
58becb9205e9e297,benign_baseline,test_text,0,0.0010470399,0
f5a829c73287ae62,benign_baseline,test_text,0,0.0010608737,0
d9339caa69c1b1c9,benign_baseline,test_text,0,0.0010436832,0
d32eca5b2f992fa5,benign_baseline,test_text,0,0.0010451577,0
b2dae65df188a97d,benign_baseline,test_text,0,0.0011095755,0
859fbb5dc68ac4a9,benign_baseline,test_text,0,0.0010606087,0
cb42e0a41cf8ee39,benign_baseline,test_text,0,0.0010349172,0
98a50bb7d7e72823,benign_baseline,test_text,0,0.00105336,0
c0b8356d76230e25,benign_baseline,test_text,0,0.0010664982,0
971273b714acbbff,benign_baseline,test_text,0,0.001043052,0
35a08c17cbfd6094,benign_baseline,test_text,0,0.0010700265,0
b8e57c6d2d5a88fa,benign_baseline,test_text,0,0.0010479371,0
36db0c66e429e6f7,benign_baseline,test_text,0,0.0010591883,0
e04f76b1e02c8c13,benign_baseline,test_text,0,0.0010932351,0
de66b3d282aab224,benign_baseline,test_text,0,0.0010458496,0
21a301223de2871d,benign_baseline,test_text,0,0.0010385332,0
b506026dc74a2747,benign_baseline,test_text,0,0.0010400262,0
3715d0d4e1136782,benign_baseline,test_text,0,0.0010524121,0
5ee1a51e9e12a99d,benign_baseline,test_text,0,0.0010399299,0
d8e89120bc8757a1,benign_baseline,test_text,0,0.0010363375,0
2defa1eb7e81373c,benign_baseline,test_text,0,0.0010324076,0
a8215a537283160e,benign_baseline,test_text,0,0.0010874517,0
1826cca6348c7e90,benign_baseline,test_text,0,0.0010565213,0
68f7c9dec5ee33a1,benign_baseline,test_text,0,0.0010404458,0
0dc1a09d56e23279,benign_baseline,test_text,0,0.0010451577,0
1a4b7ff9534de555,benign_baseline,test_text,0,0.001081707,0
3275b314e7d3c340,benign_baseline,test_text,0,0.0010400262,0
926b56ae732716da,benign_baseline,test_text,0,0.0010554423,0
5fbacd7a61d022ba,benign_baseline,test_text,0,0.0010451602,0
27a4bb5aa5007ba3,benign_baseline,test_text,0,0.0010475706,0
efd047d35f9e747a,benign_baseline,test_text,0,0.0010848541,0
4265e20c4bd75199,benign_baseline,test_text,0,0.0010461974,0
3358657c2bf066fe,benign_baseline,test_text,0,0.0010474519,0
21d79cfc5d744822,benign_baseline,test_text,0,0.001043052,0
147d8667f5346aa2,benign_baseline,test_text,0,0.0010718533,0
1e2d5d0c5d66aad6,benign_baseline,test_text,0,0.0010400262,0
302357a844f1c9a2,benign_baseline,test_text,0,0.0010360873,0
d70adf3f224103ab,benign_baseline,test_text,0,0.0010435206,0
1bc09ab166ba7379,benign_baseline,test_text,0,0.001038173,0
d72c00dce7a2ae63,benign_baseline,test_text,0,0.0010506461,0
f4d2000710eb9ce3,benign_baseline,test_text,0,0.0010377043,0
a5ba8a6e4e6e5356,benign_baseline,test_text,0,0.0010557276,0
654cba93a565060f,benign_baseline,test_text,0,0.0010324076,0
8ddbe95a98be539a,benign_baseline,test_text,0,0.0010557601,0
4f1242dc181466e3,benign_baseline,test_text,0,0.0010420772,0
140201b8123f8834,benign_baseline,test_text,0,0.001090778,0
0e85ece44b91374d,benign_baseline,test_text,0,0.0010404458,0
bce7b9ddacee648d,benign_baseline,test_text,0,0.0010563557,0
9000b5eb20985261,benign_baseline,test_text,0,0.0010375372,0
4168ded863f780b7,benign_baseline,test_text,0,0.001059034,0
42d65773b80b07cd,benign_baseline,test_text,0,0.0010555786,0
5efa7bf698ef7bb5,benign_baseline,test_text,0,0.0010354922,0
7084fb6575d0ad2d,benign_baseline,test_text,0,0.0010896588,0
dc6edfc1575ba2cc,benign_baseline,test_text,0,0.0010498721,0
8bb4deaf3dfff79b,benign_baseline,test_text,0,0.0011953647,0
5332b289464f447b,benign_baseline,test_text,0,0.0010386795,0
52f7a953c53c2e75,benign_baseline,test_text,0,0.0010848541,0
64a5234c77d294da,benign_baseline,test_text,0,0.0010818997,0
186b41fdfa81c1a3,benign_baseline,test_text,0,0.0010400262,0
53f31e3c9ce5e504,benign_baseline,test_text,0,0.0010436832,0
45e260f84a07665a,benign_baseline,test_text,0,0.0010286915,0
02cb51f046109eb3,benign_baseline,test_text,0,0.001043052,0
2cda53b108a012c5,benign_baseline,test_text,0,0.0010397101,0
9a152e60412f3553,benign_baseline,test_text,0,0.0010475706,0
bd11dbac3adf9e46,benign_baseline,test_text,0,0.0010855069,0
79403b295488ebc1,benign_baseline,test_text,0,0.0010491507,0
c72d85b999182543,benign_baseline,test_text,0,0.001045014,0
a999f5147a6befdd,benign_baseline,test_text,0,0.0011095755,0
5e1fda7113fa80c4,benign_baseline,test_text,0,0.0010324076,0
8e8edf900d070786,benign_baseline,test_text,0,0.0010573989,0
dacfe882b8d41939,benign_baseline,test_text,0,0.0010371853,0
4ba10dc945e35ef0,benign_baseline,test_text,0,0.0010916645,0
5aa82852cd3ae9da,benign_baseline,test_text,0,0.0010451577,0
3d5c1db43f48bf72,benign_baseline,test_text,0,0.0010848541,0
aa43469b9411214c,benign_baseline,test_text,0,0.0010579156,0
42ec9fc9536caa0b,benign_baseline,test_text,0,0.0010451582,0
dde2c60dcccb8534,benign_baseline,test_text,0,0.0010461974,0
d73462e1520b1218,benign_baseline,test_text,0,0.0010436832,0
8990fbba9263f488,benign_baseline,test_text,0,0.001043052,0
6b8c0f24772161a2,benign_baseline,test_text,0,0.0010400262,0
059c08d88bb794c9,benign_baseline,test_text,0,0.0010360873,0
50313d857d171e1f,benign_baseline,test_text,0,0.0010501707,0
13db3a35dc63aa1a,benign_baseline,test_text,0,0.0010345412,0
ec930211e45f64f8,benign_baseline,test_text,0,0.0010324188,0
6ac14b609694e61b,benign_baseline,test_text,0,0.0010399299,0
13789975d1921cca,benign_baseline,test_text,0,0.0011106171,0
b4818e4b533914f2,benign_baseline,test_text,0,0.001038173,0
f31ba643e00bccf4,benign_baseline,test_text,0,0.0010361504,0
270fa3f9e4133022,benign_baseline,test_text,0,0.0010895142,0
4ccf83d04a510543,benign_baseline,test_text,0,0.0011117724,0
ced1f8a9dd5d2499,benign_baseline,test_text,0,0.00106883,0
cd48fb1e9ff50e6b,benign_baseline,test_text,0,0.0010404458,0
41c8f0c9d1249763,benign_baseline,test_text,0,0.001045005,0
515142986a2f2479,benign_baseline,test_text,0,0.0010477727,0
de677317ea5185a7,benign_baseline,test_text,0,0.0010428617,0
bb2dfefa42f1cc88,benign_baseline,test_text,0,0.001055187,0
983a3202c6edd867,benign_baseline,test_text,0,0.0010375372,0
55c7e4e72d105b0b,benign_baseline,test_text,0,0.0010397101,0
a9457a6e773dd28b,benign_baseline,test_text,0,0.0010448507,0
9e33384271f36403,benign_baseline,test_text,0,0.0010848541,0
9d4939674ca320f0,benign_baseline,test_text,0,0.0010324252,0
7c203186b3bce95f,benign_baseline,test_text,0,0.0010461974,0
385568b0b1567a7f,benign_baseline,test_text,0,0.0010586649,0
af3b3bda875d5bda,benign_baseline,test_text,0,0.0010512013,0
2104d5e6be2ab0ea,benign_baseline,test_text,0,0.0010430913,0
cd7c2e32c25d8b8d,benign_baseline,test_text,0,0.0010971716,0
60c966372291b3b0,benign_baseline,test_text,0,0.0010469386,0
d92ad2b581adda44,benign_baseline,test_text,0,0.0010364772,0
6648d3ebc3ff1d40,benign_baseline,test_text,0,0.0010397101,0
62628700d8b92776,benign_baseline,test_text,0,0.0010861793,0
ab86ea46c9ea6d89,benign_baseline,test_text,0,0.0010496886,0
d1c9d7ab9483eba9,benign_baseline,test_text,0,0.0010372358,0
947d196f67f266d4,benign_baseline,test_text,0,0.0010420772,0
f59d49a6acd41e1d,benign_baseline,test_text,0,0.0010371499,0
bc04b3f6bfd7ba5d,benign_baseline,test_text,0,0.0010410611,0
1410da47e164f854,benign_baseline,test_text,0,0.0010427376,0
ff6c160678902224,benign_baseline,test_text,0,0.0010898473,0
e1336318e04ad12a,benign_baseline,test_text,0,0.0010700265,0
809503c922fa694b,benign_baseline,test_text,0,0.0010498946,0
1ceb7a64e22a3c5f,benign_baseline,test_text,0,0.0010503398,0
7fd2b291324fd138,benign_baseline,test_text,0,0.0010289899,0
bdc9b6d5f089a84d,benign_baseline,test_text,0,0.0010378971,0
33df05cb22872184,benign_baseline,test_text,0,0.0010570161,0
75a59bfacfcb86b0,benign_baseline,test_text,0,0.0010533961,0
5a1109f3164d1421,benign_baseline,test_text,0,0.0010414366,0
47fa5442d10c6784,benign_baseline,test_text,0,0.0010397101,0
9ca793fb99aa8851,benign_baseline,test_text,0,0.0011095755,0
45c4c80706d375ba,benign_baseline,test_text,0,0.0010477727,0
d541cf4e03089cad,benign_baseline,test_text,0,0.0010352422,0
70bf8de85c9d4b57,benign_baseline,test_text,0,0.0010324188,0
349073e1f009acd3,benign_baseline,test_text,0,0.0010524121,0
0bb46b9a1996ea57,benign_baseline,test_text,0,0.0010458496,0
93990f9a3dd269fc,benign_baseline,test_text,0,0.001052184,0
315631f92451aaa3,benign_baseline,test_text,0,0.0010402272,0
89e05d3bcdefabbc,benign_baseline,test_text,0,0.0010917542,0
34570b4cf7be3519,benign_baseline,test_text,0,0.0010494635,0
ba6a60abcf924074,benign_baseline,test_text,0,0.0010451577,0
ca3d495c66856b14,benign_baseline,test_text,0,0.0010451582,0
c8069920dc9046a2,benign_baseline,test_text,0,0.0010395665,0
5f7f7c0e6330a5a4,benign_baseline,test_text,0,0.0010612184,0
01ee4aef9f31cf57,benign_baseline,test_text,0,0.0010378388,0
b22d029d69a88497,benign_baseline,test_text,0,0.0010400262,0
17f451062df4cf89,benign_baseline,test_text,0,0.0010487948,0
cb677bddc8b639f4,benign_baseline,test_text,0,0.0010848541,0
3b2f7675525f1263,benign_baseline,test_text,0,0.0010400262,0
204d8473bdf08575,benign_baseline,test_text,0,0.0010403012,0
5da4802045205453,benign_baseline,test_text,0,0.001043271,0
171b56f1f8e1e34f,benign_baseline,test_text,0,0.001045014,0
44a13f818122c1ad,benign_baseline,test_text,0,0.0010493106,0
995996bbab8dac02,benign_baseline,test_text,0,0.0010475706,0
31465cf53f7360d1,benign_baseline,test_text,0,0.001043052,0
06c2ecb5ec2bafd3,benign_baseline,test_text,0,0.0010364772,0
4b88982806aa9fdb,benign_baseline,test_text,0,0.0011095755,0
cf7eaebb695cee68,benign_baseline,test_text,0,0.0010447311,0
b15a51ce09ad5cbc,benign_baseline,test_text,0,0.0010315725,0
ee48d74be75fa17b,benign_baseline,test_text,0,0.0010482086,0
a4513f97e5048e19,benign_baseline,test_text,0,0.0010452727,0
ce72a72a8be9dfa6,benign_baseline,test_text,0,0.0010371499,0
93a798b3edc1af2c,benign_baseline,test_text,0,0.0010451582,0
f0ef7aec0d54380c,benign_baseline,test_text,0,0.0010403012,0
1a27202b2bcee7f2,benign_baseline,test_text,0,0.001088316,0
94a6c01fa42d5f8a,benign_baseline,test_text,0,0.0010483124,0
e724f44a9b785834,benign_baseline,test_text,0,0.0010583204,0
95a4da24f32605a8,benign_baseline,test_text,0,0.0010848541,0
269dc86a6a921ec2,benign_baseline,test_text,0,0.0010289899,0
07bda94947f0c0b4,benign_baseline,test_text,0,0.0010430913,0
3a946831b55f5cc9,benign_baseline,test_text,0,0.0010461974,0
3f90765c270f0510,benign_baseline,test_text,0,0.0010583793,0
f7ab18b5e69aaa0b,benign_baseline,test_text,0,0.0010427376,0
75b56cdc495d2c68,benign_baseline,test_text,0,0.0010349172,0
b952363baa328af1,benign_baseline,test_text,0,0.0010400262,0
27c7a06d77cd0740,benign_baseline,test_text,0,0.0010370185,0
c34d47243bb5ceb4,benign_baseline,test_text,0,0.0010420772,0
2954bd4ef46d113d,benign_baseline,test_text,0,0.0010397101,0
1a37ed210ffea457,benign_baseline,test_text,0,0.001032026,0
a9350077e09370d7,benign_baseline,test_text,0,0.0010456443,0
0aab374a2fd773f9,benign_baseline,test_text,0,0.0010479371,0
a0884fb4fe42c789,benign_baseline,test_text,0,0.0010356865,0
5f8eab35033b12c6,benign_baseline,test_text,0,0.0010420772,0
5a960c81a5d5a2f6,benign_baseline,test_text,0,0.0010881829,0
a325bdb171fb1d59,benign_baseline,test_text,0,0.0011095755,0
7e122a03ee477a78,benign_baseline,test_text,0,0.0010431563,0
43ad5994e7cd0a7f,benign_baseline,test_text,0,0.0010492556,0
4e9b23f43c84f721,benign_baseline,test_text,0,0.00103863,0
450fc0ae7ac9c584,benign_baseline,test_text,0,0.001045005,0
78b3487ed1574de5,benign_baseline,test_text,0,0.0010451602,0
fccc8417a57945b6,benign_baseline,test_text,0,0.0010436832,0
7b37a69d5a4f0b2f,benign_baseline,test_text,0,0.0010458496,0
51e722875ab26956,benign_baseline,test_text,0,0.0010614439,0
bbe863b5b74fc452,benign_baseline,test_text,0,0.0010475706,0
c35146c78b03a89a,benign_baseline,test_text,0,0.0010479371,0
e1732269a0c8c7ba,benign_baseline,test_text,0,0.0010364772,0
b890bb7b5b8a966a,benign_baseline,test_text,0,0.0010397101,0
8926af30f62ebb27,benign_baseline,test_text,0,0.0010848541,0
696abefc15d06cc6,benign_baseline,test_text,0,0.0010375372,0
fd007b7580a94ca5,benign_baseline,test_text,0,0.001032026,0
68a78e857d67a977,benign_baseline,test_text,0,0.0010399299,0
470991efb714f6a2,benign_baseline,test_text,0,0.0010401539,0
3eda6ff8232ed945,benign_baseline,test_text,0,0.0010718533,0
d9783e6e54c98510,benign_baseline,test_text,0,0.0010479371,0
419379ce4e5f6112,benign_baseline,test_text,0,0.0010453804,0
4d851c07a6ec431e,benign_baseline,test_text,0,0.0010360408,0
78fb1efe4af6b57e,benign_baseline,test_text,0,0.0010721383,0
e3e5f64b1582bdc1,benign_baseline,test_text,0,0.0010371499,0
f90772611dab7fe8,benign_baseline,test_text,0,0.0010397101,0
9d73c8f69606b7a3,benign_baseline,test_text,0,0.0010399299,0
8cd5d10fa62fb654,benign_baseline,test_text,0,0.001045014,0
fc2023a933f8fe0d,benign_baseline,test_text,0,0.0010448507,0
57fbc665a1bf71fe,benign_baseline,test_text,0,0.0010370965,0
932b0f80f5e2ae03,benign_baseline,test_text,0,0.0010540937,0
f3c0568faf2a10a2,benign_baseline,test_text,0,0.001043559,0
51403013ce95fa41,benign_baseline,test_text,0,0.0010475706,0
3e5ca8ca7fc96073,benign_baseline,test_text,0,0.0010357414,0
d5321e704ad48499,benign_baseline,test_text,0,0.0010848541,0
4b6892a6f4b0ae93,benign_baseline,test_text,0,0.0010451577,0
5bbcb76922bec84c,benign_baseline,test_text,0,0.0011095755,0
b40c62ab259b4eec,benign_baseline,test_text,0,0.001043271,0
eaa5a7cdbaa4c819,benign_baseline,test_text,0,0.0010427376,0
23a59b64936fd9cb,benign_baseline,test_text,0,0.0010403012,0
bc6dd5d8bb412b94,benign_baseline,test_text,0,0.0010364772,0
27b267ee560eca0b,benign_baseline,test_text,0,0.0010524121,0
8a66f38581399218,benign_baseline,test_text,0,0.001032026,0
16dc0a885c5ca413,benign_baseline,test_text,0,0.0010465143,0
cb369a8350184a42,benign_baseline,test_text,0,0.0010563557,0
f9a40eae1ae132c4,benign_baseline,test_text,0,0.0010506461,0
7eea1a4213297f17,benign_baseline,test_text,0,0.0010403012,0
7f18705212364d87,benign_baseline,test_text,0,0.001043052,0
7d2eeff980f32393,benign_baseline,test_text,0,0.0010700265,0
48bfae96a23e0891,benign_baseline,test_text,0,0.0010400262,0
e4d78af82392902e,benign_baseline,test_text,0,0.0010478667,0
c57d1aaf863cb9ab,benign_baseline,test_text,0,0.0010289899,0
cd99f864a1a1c384,benign_baseline,test_text,0,0.001087058,0
8e585a3877b63bae,benign_baseline,test_text,0,0.001032026,0
ec53abda2d8ac259,benign_baseline,test_text,0,0.001043129,0
14b8258411ff62dd,benign_baseline,test_text,0,0.0010397101,0
028d7afa81a05b34,benign_baseline,test_text,0,0.0010345412,0
c1a3acc83c1080a4,benign_baseline,test_text,0,0.0010479371,0
2c802bcab57cba69,benign_baseline,test_text,0,0.0010448507,0
558b8c1f2887884a,benign_baseline,test_text,0,0.0010375372,0
05f704c7fd44f0d4,benign_baseline,test_text,0,0.0010538548,0
c0e149d6b6dd7b00,benign_baseline,test_text,0,0.0010435206,0
db0093dbef537b12,benign_baseline,test_text,0,0.0010491507,0
2ddf78466e2ae738,benign_baseline,test_text,0,0.0010399667,0
0644884dafa62f60,benign_baseline,test_text,0,0.0011095755,0
b65689457427b92c,benign_baseline,test_text,0,0.0010494635,0
f36014e946c54e5a,benign_baseline,test_text,0,0.0010363439,0
06a08480cec6ff2d,benign_baseline,test_text,0,0.0010317257,0
b23dfc2cbe1c85e6,benign_baseline,test_text,0,0.0010483903,0
bf5d65a754218505,benign_baseline,test_text,0,0.0010410611,0
8e2db3da57be864f,benign_baseline,test_text,0,0.0010320642,0
238e2126dd36a4c2,benign_baseline,test_text,0,0.0010616807,0
8bae5b7583c0fdc7,benign_baseline,test_text,0,0.001043052,0
3ca0b172faf63baf,benign_baseline,test_text,0,0.0010451582,0
eec9a9dac4316bef,benign_baseline,test_text,0,0.0010451577,0
6b0c6389b4df8772,benign_baseline,test_text,0,0.0010371499,0
137d0270fce4721d,benign_baseline,test_text,0,0.0010716297,0
feaad9428a32bd19,benign_baseline,test_text,0,0.0010475706,0
9ffed81d59b46104,benign_baseline,test_text,0,0.0010562069,0
028a120398d8131f,benign_baseline,test_text,0,0.0010477947,0
584b1f55016d93cd,benign_baseline,test_text,0,0.0010848541,0
82aa37dc2c4c30c6,benign_baseline,test_text,0,0.001043271,0
02af78c91ddeacbe,benign_baseline,test_text,0,0.0010479371,0
af60eeffa1499f43,benign_baseline,test_text,0,0.0010397101,0
2ad31e3c2d87b3bd,benign_baseline,test_text,0,0.0010524121,0
6bf7c12dbab3dc49,benign_baseline,test_text,0,0.0010397101,0
92203197e771a509,benign_baseline,test_text,0,0.0010317257,0
ff8248323474e29b,benign_baseline,test_text,0,0.0010445431,0
8bde72751001200c,benign_baseline,test_text,0,0.0011095755,0
b153497899396b11,benign_baseline,test_text,0,0.0010458496,0
73923b1b37344c1a,benign_baseline,test_text,0,0.001035877,0
6e218855076b1a0d,benign_baseline,test_text,0,0.0010317257,0
b26e08828c05428b,benign_baseline,test_text,0,0.0010449055,0
be9f17d402e7df66,benign_baseline,test_text,0,0.0010362093,0
ea527e1de9697cf9,benign_baseline,test_text,0,0.0010494635,0
cec766741497a15a,benign_baseline,test_text,0,0.0010448357,0
e421ae3b2f2e98fe,benign_baseline,test_text,0,0.0010395665,0
a7e789be2631f373,benign_baseline,test_text,0,0.0010403012,0
3cbec6610608af41,benign_baseline,test_text,0,0.0010432448,0
09a406e156d862b7,benign_baseline,test_text,0,0.0010368594,0
0972c121c0503719,benign_baseline,test_text,0,0.0010651433,0
c767cbba6b5611df,benign_baseline,test_text,0,0.0010451577,0
f59bb2393214b423,benign_baseline,test_text,0,0.0010427376,0
449f81e4ec2c502e,benign_baseline,test_text,0,0.0010848541,0
aebc97f175dac401,benign_baseline,test_text,0,0.0010397101,0
951dfa211917e6af,benign_baseline,test_text,0,0.0010475706,0
a41d1525a3115c0a,benign_baseline,test_text,0,0.0010397101,0
227ecffefd434fa8,benign_baseline,test_text,0,0.0010479371,0
b824753e006bd552,benign_baseline,test_text,0,0.0010883874,0
870f3160e4b17cde,benign_baseline,test_text,0,0.0010460678,0
33fc8369554dd8d3,benign_baseline,test_text,0,0.001043271,0
6f865fcd1fe92782,benign_baseline,test_text,0,0.0010453624,0
cd1761dda8146da0,benign_baseline,test_text,0,0.0010356101,0
593d8a1197cc536f,benign_baseline,test_text,0,0.0010479371,0
cacf77569a2131b2,benign_baseline,test_text,0,0.001032026,0
07cd39a52917d608,benign_baseline,test_text,0,0.0010563557,0
99137faa7781901d,benign_baseline,test_text,0,0.0010354823,0
cd323e1fa957ac2a,benign_baseline,test_text,0,0.0010403012,0
58110106ec482d08,benign_baseline,test_text,0,0.0010848541,0
adde4648b08a11eb,benign_baseline,test_text,0,0.0010451582,0
a13575ba1dfa6176,benign_baseline,test_text,0,0.0010497796,0
4f90459a756e2cc5,benign_baseline,test_text,0,0.0010461974,0
2e3682db45cebd8d,benign_baseline,test_text,0,0.0010431563,0
39b7ffa1daae1886,benign_baseline,test_text,0,0.0010404756,0
583f711a55103463,benign_baseline,test_text,0,0.0010289899,0
b3e30785fe1087e8,benign_baseline,test_text,0,0.0010349172,0
373d4d221f1fa78f,benign_baseline,test_text,0,0.0010400262,0
cf3ac4970ae75a6c,benign_baseline,test_text,0,0.0010586517,0
47e0552fdb709699,benign_baseline,test_text,0,0.0010435206,0
9421d21d7dff922e,benign_baseline,test_text,0,0.001100968,0
5790e1dd0476f99f,benign_baseline,test_text,0,0.0010391036,0
94bdfa630ee7f8f2,benign_baseline,test_text,0,0.0010496166,0
ca14d293009eef61,benign_baseline,test_text,0,0.0010375372,0
b4b7c22cb655d78f,benign_baseline,test_text,0,0.0010490128,0
510419098897eb1f,benign_baseline,test_text,0,0.0010420772,0
b16f1fea71f7520d,benign_baseline,test_text,0,0.0010360873,0
e143b922ed062c69,benign_baseline,test_text,0,0.0011095755,0
e38403aee33e9588,benign_baseline,test_text,0,0.001032026,0
27db66e596d59905,benign_baseline,test_text,0,0.0010364268,0
901269389b6f776f,benign_baseline,test_text,0,0.0010586183,0
7f8e126121ba26eb,benign_baseline,test_text,0,0.0010247646,0
f364fdb4bddabbea,benign_baseline,test_text,0,0.0010563557,0
8066838f9db410f6,benign_baseline,test_text,0,0.0010586649,0
3559520a8d7c52e8,benign_baseline,test_text,0,0.0010550794,0
d25d6778f6225584,benign_baseline,test_text,0,0.0010492556,0
0f25084f2045c654,benign_baseline,test_text,0,0.001043052,0
875ecac846002b44,benign_baseline,test_text,0,0.0010923534,0
037c36d20fda3fed,benign_baseline,test_text,0,0.0010403012,0
4967e4980c58a340,benign_baseline,test_text,0,0.0010451582,0
70119910b2121fa7,benign_baseline,test_text,0,0.0010475706,0
08798859c3b8522e,benign_baseline,test_text,0,0.0010408855,0
5956cbd4b7a75a63,benign_baseline,test_text,0,0.0010458496,0
2e7dfb1ffbb37f68,benign_baseline,test_text,0,0.001052184,0
a8bcdc4d187c8613,benign_baseline,test_text,0,0.0010451577,0
8aeaaa2612c963cc,benign_baseline,test_text,0,0.001038173,0
e0a143e3fdac0230,benign_baseline,test_text,0,0.0010848541,0
5dccc99d845ef1c5,benign_baseline,test_text,0,0.0010436832,0
05db4c5c501a8c8b,benign_baseline,test_text,0,0.0010358079,0
023941a38adcbe1d,benign_baseline,test_text,0,0.0010495976,0
bca843203eb7c5bb,benign_baseline,test_text,0,0.0010420772,0
f36b593e057f0f7e,benign_baseline,test_text,0,0.0010399299,0
eedbef3aa6d731ab,benign_baseline,test_text,0,0.0010399299,0
f0de6c4817df9f2c,benign_baseline,test_text,0,0.0010846929,0
b34c5d07b4d3f317,benign_baseline,test_text,0,0.001032026,0
f6e3ed13138faae9,benign_baseline,test_text,0,0.0010358088,0
706b853da19a8801,benign_baseline,test_text,0,0.0010580003,0
ddfecdb1168245a9,benign_baseline,test_text,0,0.0010375372,0
6b8e2e2794538338,benign_baseline,test_text,0,0.001043052,0
860f0fad0ba95b4f,benign_baseline,test_text,0,0.0010700265,0
843ed0dcbb6110d1,benign_baseline,test_text,0,0.0010475706,0
5daf3fc65e91a4ca,benign_baseline,test_text,0,0.0010400262,0
179c3b7b0fc6655a,benign_baseline,test_text,0,0.001045005,0
e9b975eefc2444d2,benign_baseline,test_text,0,0.001032026,0
d4e80a937d32d37f,benign_baseline,test_text,0,0.0010436832,0
0f827a3175b172d0,benign_baseline,test_text,0,0.0010588554,0
078b057147facb45,benign_baseline,test_text,0,0.0010397101,0
2d2160eb9455a4fc,benign_baseline,test_text,0,0.0010363094,0
7e6db426e65f7a94,benign_baseline,test_text,0,0.0010451582,0
50a547ef623ea7fd,benign_baseline,test_text,0,0.0010403012,0
01d1940a0cca237f,benign_baseline,test_text,0,0.0010407384,0
16dcea769c09f33b,benign_baseline,test_text,0,0.0010461974,0
d9437584d103f764,benign_baseline,test_text,0,0.0010524121,0
ba95657c49024d66,benign_baseline,test_text,0,0.0010479371,0
d308195db2330881,benign_baseline,test_text,0,0.0010886975,0
b9105f1bb55a494e,benign_baseline,test_text,0,0.0010317257,0
3dbfc9b07860a74a,benign_baseline,test_text,0,0.0011095755,0
a01206c65bf9a76b,benign_baseline,test_text,0,0.0010903147,0
fd1e2e7fd6a005e1,benign_baseline,test_text,0,0.0010368554,0
7645142ad7fa3db3,benign_baseline,test_text,0,0.0010498436,0
0645cadb3aa0754d,benign_baseline,test_text,0,0.0010668499,0
2032ef5fb85660e2,benign_baseline,test_text,0,0.0010368831,0
05d9fa630a5ed742,benign_baseline,test_text,0,0.0010410611,0
424fb3336bb76c62,benign_baseline,test_text,0,0.0010641635,0
f4dec9be86833f63,benign_baseline,test_text,0,0.0010448357,0
0cf28d860cb132dd,benign_baseline,test_text,0,0.0010397101,0
12f128d5388318c2,benign_baseline,test_text,0,0.001043052,0
536984ebfa013fdc,benign_baseline,test_text,0,0.0010289899,0
e3fdbf53e3e3ee4b,benign_baseline,test_text,0,0.0010397101,0
d38cae5532ccdde8,benign_baseline,test_text,0,0.0010475706,0
a104d122faae68e3,benign_baseline,test_text,0,0.001045014,0
e00fb895a3917ab0,benign_baseline,test_text,0,0.001032026,0
4ee222702dcc48cb,benign_baseline,test_text,0,0.0010848541,0
7dc9c61e82d86366,benign_baseline,test_text,0,0.0010435206,0
6beea07633c50901,benign_baseline,test_text,0,0.0010483124,0
0c403708b07e233d,benign_baseline,test_text,0,0.0010589322,0
37d0b4780a2fb5d3,benign_baseline,test_text,0,0.0010479371,0
38c0410e7473ce32,benign_baseline,test_text,0,0.0010568812,0
4db65d1d1d29c278,benign_baseline,test_text,0,0.0010601595,0
f8d78f25165dfe33,benign_baseline,test_text,0,0.0010374829,0
e33026be6ad9579d,benign_baseline,test_text,0,0.001035953,0
585c5919f0a65c1a,benign_baseline,test_text,0,0.0010641635,0
0811190e6c737608,benign_baseline,test_text,0,0.0010573989,0
e476340c7eee43a7,benign_baseline,test_text,0,0.0010901245,0
24373e7ef8284ae8,benign_baseline,test_text,0,0.0011001476,0
dddad3cd187a184d,benign_baseline,test_text,0,0.0010398608,0
69bc821c5e3329fa,benign_baseline,test_text,0,0.0010451577,0
126e2500485face0,benign_baseline,test_text,0,0.0010324252,0
a10f7e695de1f303,benign_baseline,test_text,0,0.0010486711,0
b9d869da69457b5c,benign_baseline,test_text,0,0.0010448507,0
bcea52ee0c6ce823,benign_baseline,test_text,0,0.0010436832,0
9d26486c3f42818e,benign_baseline,test_text,0,0.0010616746,0
662d09ca77b57990,benign_baseline,test_text,0,0.001043052,0
df6d2aab3f57f75a,benign_baseline,test_text,0,0.0010349172,0
2df698e6285d2a97,benign_baseline,test_text,0,0.0010458496,0
7dd0c4f17dc2230a,benign_baseline,test_text,0,0.0010375372,0
3c96a9e4fcf6f490,benign_baseline,test_text,0,0.0010372646,0
5353241f60b23514,benign_baseline,test_text,0,0.0010485412,0
efc22eddb2cf4f84,benign_baseline,test_text,0,0.0010848541,0
4a1d46f27d59333f,benign_baseline,test_text,0,0.0010400262,0
fdcb0b3e35c2912e,benign_baseline,test_text,0,0.00103642,0
62807e63f2d6c5e0,benign_baseline,test_text,0,0.0010531143,0
a3ce59e3540cce19,benign_baseline,test_text,0,0.001036966,0
2de6257979aecc0b,benign_baseline,test_text,0,0.0010913298,0
34439cad34fc9100,benign_baseline,test_text,0,0.0010391021,0
aeedcdd5c1c3a903,benign_baseline,test_text,0,0.0010403012,0
139c04edb71a51f8,benign_baseline,test_text,0,0.0010451577,0
22f66db67b067969,benign_baseline,test_text,0,0.0010448507,0
d4642ba812b95baa,benign_baseline,test_text,0,0.0011058811,0
12d3d3c6d1a52825,benign_baseline,test_text,0,0.0010401539,0
ded73863fe15b0f5,benign_baseline,test_text,0,0.0010475706,0
7cf940083f2f1977,benign_baseline,test_text,0,0.0010420772,0
50941e4db51cff7f,benign_baseline,test_text,0,0.0010458496,0
18d830acdeae88dd,benign_baseline,test_text,0,0.0010428617,0
49ded5346f3be0f4,benign_baseline,test_text,0,0.0010436832,0
7e048959187617cd,benign_baseline,test_text,0,0.0010483124,0
68743b31aa625110,benign_baseline,test_text,0,0.0010651062,0
5b7c05817838cc9b,benign_baseline,test_text,0,0.0010848541,0
e2a65629001f8d4e,benign_baseline,test_text,0,0.0010397101,0
4899c58c60149954,benign_baseline,test_text,0,0.0010354597,0
fb2d16e37be1179e,benign_baseline,test_text,0,0.0010399299,0
aea349d4a50296ba,benign_baseline,test_text,0,0.0011095755,0
6f2e01e65bbf7359,benign_baseline,test_text,0,0.001032026,0
6a32e56628693bdd,benign_baseline,test_text,0,0.00105064,0
0206c40585268475,benign_baseline,test_text,0,0.0010498156,0
30ce5b1c950ac4cb,benign_baseline,test_text,0,0.0010917521,0
7d72f0b417c18f75,benign_baseline,test_text,0,0.0010351775,0
a4563f03d2b764a4,benign_baseline,test_text,0,0.0010586649,0
35adfb59d0358b2c,benign_baseline,test_text,0,0.0010625685,0
9a9893532d16d171,benign_baseline,test_text,0,0.0010501707,0
dbac7342450376aa,benign_baseline,test_text,0,0.0010479371,0
1946f72d3b310e7d,benign_baseline,test_text,0,0.0011095755,0
558e0d166f006f37,benign_baseline,test_text,0,0.0010286915,0
0be26125e42a64ed,benign_baseline,test_text,0,0.0010543515,0
fe6754a7bb4ca9f5,benign_baseline,test_text,0,0.001043052,0
04947db31e4dab04,benign_baseline,test_text,0,0.0010475706,0
cb9df644283e812e,benign_baseline,test_text,0,0.0010403012,0
506eb5519ab852ac,benign_baseline,test_text,0,0.0010448357,0
2e61f092ba539131,benign_baseline,test_text,0,0.0010397101,0
53d1f2a38f2fadff,benign_baseline,test_text,0,0.001067963,0
d237cb003e5406c1,benign_baseline,test_text,0,0.0010435206,0
5d8f631b5634ad20,benign_baseline,test_text,0,0.0010359155,0
4149962a189644c2,benign_baseline,test_text,0,0.0010375372,0
ac1bb84cac87061d,benign_baseline,test_text,0,0.0010453624,0
bf08c01045a0b9b6,benign_baseline,test_text,0,0.0010848541,0
7e92e17b843b1977,benign_baseline,test_text,0,0.001032026,0
3480efc7f3a213fa,benign_baseline,test_text,0,0.0010402272,0
6ed8f65f3b6e84f6,benign_baseline,test_text,0,0.0010865249,0
8158d31374b80021,benign_baseline,test_text,0,0.0010498156,0
8b31c8980c97b87e,benign_baseline,test_text,0,0.0010686961,0
3ae54c76553a1dd7,benign_baseline,test_text,0,0.0010356191,0
86fbfc9dacc5e769,benign_baseline,test_text,0,0.0010420772,0
44cf8a0540a5c327,benign_baseline,test_text,0,0.0010586649,0
5cd3a1a0945df60b,benign_baseline,test_text,0,0.0010875241,0
792d3ffc55cb5be8,benign_baseline,test_text,0,0.0010403012,0
2aecfc9f9059986a,benign_baseline,test_text,0,0.0010700265,0
b00c41af91ec6ecc,benign_baseline,test_text,0,0.0010371499,0
53aebb0e744cb018,benign_baseline,test_text,0,0.0010377157,0
22778525a3ff3445,benign_baseline,test_text,0,0.0010498721,0
de9a99fecb688a22,benign_baseline,test_text,0,0.001045005,0
7568a7ecf31242dc,benign_baseline,test_text,0,0.0010436832,0
70db08a3f1078dc1,benign_baseline,test_text,0,0.0010458496,0
49a8a3d4f345196d,benign_baseline,test_text,0,0.0010470399,0
8356f783e87775d2,benign_baseline,test_text,0,0.0010397101,0
8cf9400c1e325097,benign_baseline,test_text,0,0.0010398478,0
763cd119a3040ac3,benign_baseline,test_text,0,0.0010345412,0
3e5563df0ba35ad7,benign_baseline,test_text,0,0.0010400262,0
6a5f1d1e1a63d4c6,benign_baseline,test_text,0,0.001052184,0
95920cef9422cd56,benign_baseline,test_text,0,0.0010427376,0
36aed80a76fe109c,benign_baseline,test_text,0,0.0010899615,0
80ed02bb51303125,benign_baseline,test_text,0,0.001032026,0
9e91426b173ab67e,benign_baseline,test_text,0,0.001035729,0
93d80ddf379f4d81,benign_baseline,test_text,0,0.00105064,0
be28e4ca0952aaf7,benign_baseline,test_text,0,0.0010572185,0
f505bf0c7760ebc8,benign_baseline,test_text,0,0.0010410611,0
2f0f12fac3a8b2e7,benign_baseline,test_text,0,0.0010448507,0
dbe111dcf2c65900,benign_baseline,test_text,0,0.0010848541,0
02e924112d543451,benign_baseline,test_text,0,0.0010451577,0
b51fa36178426c79,benign_baseline,test_text,0,0.0010475706,0
a81cade9d51ad992,benign_baseline,test_text,0,0.0010436832,0
3d37f22b831d4b31,benign_baseline,test_text,0,0.0010400262,0
c964fb10ffe1bbd8,benign_baseline,test_text,0,0.0010555182,0
1aaa133a0d645042,benign_baseline,test_text,0,0.001043052,0
d19ce8bf5ca3e2c7,benign_baseline,test_text,0,0.0010458496,0
5925d174e39fb5da,benign_baseline,test_text,0,0.0010493606,0
540be124f046339f,benign_baseline,test_text,0,0.0010375372,0
0f25c585d076c222,benign_baseline,test_text,0,0.0010397101,0
16fdb7901fa14497,benign_baseline,test_text,0,0.0010565339,0
4cb24e9bb2b33b47,benign_baseline,test_text,0,0.0010357596,0
837a3af7d5d0e157,benign_baseline,test_text,0,0.0010537434,0
c961b9ff178dfcad,benign_baseline,test_text,0,0.0010324188,0
7bc5de90deb94d84,benign_baseline,test_text,0,0.0010913403,0
3fef7dc47ddb8101,benign_baseline,test_text,0,0.0010489778,0
7db78fcbdef9f7f7,benign_baseline,test_text,0,0.0010375275,0
1be0ed57f596b07b,benign_baseline,test_text,0,0.0010420772,0
3198de18143f959e,benign_baseline,test_text,0,0.0010668727,0
6ff541037359a6b4,benign_baseline,test_text,0,0.0010400262,0
087260b5f497941e,benign_baseline,test_text,0,0.0010501707,0
ee02d221577e0798,benign_baseline,test_text,0,0.0010448507,0
fabc31f6a8b1ccc0,benign_baseline,test_text,0,0.0010378853,0
8d634883bc498b44,benign_baseline,test_text,0,0.0010475706,0
92c9b4db8f763d7b,benign_baseline,test_text,0,0.0010848541,0
282feb080b766bca,benign_baseline,test_text,0,0.0010400137,0
eeff8e19075c7483,benign_baseline,test_text,0,0.0010458496,0
16ccacc95f1f335e,benign_baseline,test_text,0,0.0010435206,0
9d1f442b5a912317,benign_baseline,test_text,0,0.0010428617,0
d951245e179032a0,benign_baseline,test_text,0,0.0010286915,0
f6e86ebb518fe95e,benign_baseline,test_text,0,0.0011095755,0
45a5e1bdffdd2c35,benign_baseline,test_text,0,0.0010361929,0
915369d70a335119,benign_baseline,test_text,0,0.0010397101,0
2b9dc17cfb9e09af,benign_baseline,test_text,0,0.0010787392,0
83ef4019e023d1cb,benign_baseline,test_text,0,0.0010371499,0
14fcce656d8fb713,benign_baseline,test_text,0,0.0010353294,0
4953ecbdc0efac7a,benign_baseline,test_text,0,0.0010324188,0
ee720dc34a120a61,benign_baseline,test_text,0,0.0010938909,0
3cd272e1e05c8e10,benign_baseline,test_text,0,0.00105064,0
372a7cfdfd3784a4,benign_baseline,test_text,0,0.0010420772,0
9ef6e48c687e2066,benign_baseline,test_text,0,0.0010448357,0
a57a57e3772c645c,benign_baseline,test_text,0,0.0010400137,0
d515b29f0149bf0d,benign_baseline,test_text,0,0.0010359025,0
6d62fc0e853b52ff,benign_baseline,test_text,0,0.0010848541,0
33f33653b65e6b12,benign_baseline,test_text,0,0.0010375372,0
b604d967e98bd5d5,benign_baseline,test_text,0,0.0010400262,0
5439c73ee4204cea,benign_baseline,test_text,0,0.0010436832,0
b3d40245fa5d3296,benign_baseline,test_text,0,0.0011008023,0
f05ad5e71390dfdb,benign_baseline,test_text,0,0.001043052,0
5383466dafab00c8,benign_baseline,test_text,0,0.0010451577,0
fbc862310b13c050,benign_baseline,test_text,0,0.0010402272,0
5bc1ee3c843b3d5c,benign_baseline,test_text,0,0.0010493606,0
dc06e0543b73e5f6,benign_baseline,test_text,0,0.0010357596,0
9f692a3ff55e278d,benign_baseline,test_text,0,0.0010547135,0
ac885444d2d1fcac,benign_baseline,test_text,0,0.0010447919,0
e1d9da913ac59bb9,benign_baseline,test_text,0,0.0010573989,0
ffb625b1d1e0d9af,benign_baseline,test_text,0,0.0010482739,0
219b7469b29e130c,benign_baseline,test_text,0,0.0010324912,0
bc65a1de98c87cce,benign_baseline,test_text,0,0.0010351154,0
01a1d1de0acb2852,benign_baseline,test_text,0,0.0010928031,0
676391f8677e86c9,benign_baseline,test_text,0,0.0010897445,0
33d8a0ebfb929984,benign_baseline,test_text,0,0.0011095755,0
581aa1119bbabf14,benign_baseline,test_text,0,0.0010401678,0
2aa2d819a3270041,benign_baseline,test_text,0,0.0010371499,0
553166e5ed19c3f1,benign_baseline,test_text,0,0.0010848541,0
fa4745986fd6d4cb,benign_baseline,test_text,0,0.0010451577,0
f75f706229175a15,benign_baseline,test_text,0,0.0010631285,0
b862fa058d6c779d,benign_baseline,test_text,0,0.0010400262,0
5ac25a9c3ec669ed,benign_baseline,test_text,0,0.0010436832,0
0c8c0059d78df3b1,benign_baseline,test_text,0,0.0010873663,0
a2be76c85db8852a,benign_baseline,test_text,0,0.0010361929,0
34cc04ee319bc16b,benign_baseline,test_text,0,0.0010448507,0
a2ee16deba1b82f4,benign_baseline,test_text,0,0.0010493106,0
d93c23b73bb95878,benign_baseline,test_text,0,0.0010461974,0
7a5f32ae518077f9,benign_baseline,test_text,0,0.0010481611,0
e2b6c299d42b4b18,benign_baseline,test_text,0,0.0010345412,0
ebea8a7f1df64d6e,benign_baseline,test_text,0,0.0010398608,0
a0ed97b20425660d,benign_baseline,test_text,0,0.0010324076,0
2fc1aea5fce0ef3b,benign_baseline,test_text,0,0.0010356865,0
e7f33f1f5ae72267,benign_baseline,test_text,0,0.0010479371,0
4d4e21d306f7a6fd,benign_baseline,test_text,0,0.0010898287,0
829b89c6797807f4,benign_baseline,test_text,0,0.0010399299,0
75dd0bb699033adb,benign_baseline,test_text,0,0.0010722659,0
9cd0106965a7e97d,benign_baseline,test_text,0,0.0010561872,0
b723690b50366c4b,benign_baseline,test_text,0,0.0010413418,0
aae0382fd4a5f593,benign_baseline,test_text,0,0.0010855612,0
cfdcace9d847d378,benign_baseline,test_text,0,0.0010402026,0
995e1227f6283ba8,benign_baseline,test_text,0,0.0010400137,0
cb3ba1467e580592,benign_baseline,test_text,0,0.001043052,0
5d28f558008045a0,benign_baseline,test_text,0,0.0010471855,0
dac762572e72f8a3,benign_baseline,test_text,0,0.0010475706,0
01cbfbf93959cee9,benign_baseline,test_text,0,0.0010700265,0
dca42e1a79de05c6,benign_baseline,test_text,0,0.0010391587,0
775cd01c0e3a70b3,benign_baseline,test_text,0,0.0010286915,0
0eb359b470da8432,benign_baseline,test_text,0,0.0010485412,0
6682107a44d87d48,benign_baseline,test_text,0,0.0010400262,0
248744372967c138,benign_baseline,test_text,0,0.0010386795,0
cbdc9cb78d940044,benign_baseline,test_text,0,0.0010435206,0
069b38745345cc08,benign_baseline,test_text,0,0.0010458496,0
d2ab251b485bd162,benign_baseline,test_text,0,0.0010493106,0
e043642d92a70927,benign_baseline,test_text,0,0.0010451582,0
1633c34bb0d43a60,benign_baseline,test_text,0,0.0010416266,0
b8fc8c45b10c334f,benign_baseline,test_text,0,0.0010324076,0
0653b92fc2eee500,benign_baseline,test_text,0,0.001041639,0
dd83b6fa133de448,benign_baseline,test_text,0,0.0010955938,0
b9d9ba6cd0e29b4a,benign_baseline,test_text,0,0.0010420772,0
d32a4607e85aa0e4,benign_baseline,test_text,0,0.0010477374,0
a5b8cbd8208f0a54,benign_baseline,test_text,0,0.0010451582,0
c907502782f6afb9,benign_baseline,test_text,0,0.0010410611,0
9d2a56629cb654aa,benign_baseline,test_text,0,0.0010389972,0
bea547b36ed53f19,benign_baseline,test_text,0,0.0010451577,0
ca4a6ca7816d4312,benign_baseline,test_text,0,0.0010555872,0
57f7793af409c748,benign_baseline,test_text,0,0.001043052,0
de385b54fff313ca,benign_baseline,test_text,0,0.0011084926,0
b1125068f1ff31f1,benign_baseline,test_text,0,0.0010512013,0
eea998ae30c66a95,benign_baseline,test_text,0,0.0010533961,0
13ce5b0c0670c862,benign_baseline,test_text,0,0.0010397101,0
fe28749efc86bf80,benign_baseline,test_text,0,0.0010477727,0
8e2bdab14f254948,benign_baseline,test_text,0,0.0010371499,0
514954e0d289a262,benign_baseline,test_text,0,0.0010908211,0
bab7337df16cf2e4,benign_baseline,test_text,0,0.0010848541,0
fa05aff5c4f4f6af,benign_baseline,test_text,0,0.001037389,0
9c44c0d959cf7a7b,benign_baseline,test_text,0,0.0010363947,0
991036875737c3ea,benign_baseline,test_text,0,0.0010453624,0
1b85eb25691552d2,benign_baseline,test_text,0,0.0010324076,0
c4e36b37eadf1bcb,benign_baseline,test_text,0,0.0010420772,0
8d0f933f67bd170e,benign_baseline,test_text,0,0.0010455177,0
120ee94404b191b6,benign_baseline,test_text,0,0.0010938586,0
b35b3b43fc744a27,benign_baseline,test_text,0,0.0010565213,0
64ea6c10355227cb,benign_baseline,test_text,0,0.0010362738,0
84d48a3044683417,benign_baseline,test_text,0,0.001086232,0
1482b037eaf22e20,benign_baseline,test_text,0,0.001038173,0
26bcebdf0eb5beaf,benign_baseline,test_text,0,0.0010400137,0
87b1a251e71498a5,benign_baseline,test_text,0,0.0010533961,0
f7a3d9a7eabc33e2,benign_baseline,test_text,0,0.0010574234,0
269718b78835d449,benign_baseline,test_text,0,0.0010448357,0
20bf0d7517180528,benign_baseline,test_text,0,0.0010451577,0
0449e4f60cf02e81,benign_baseline,test_text,0,0.0010458496,0
37f79fff1e53747c,benign_baseline,test_text,0,0.0010345412,0
fd8d0abcbac19664,benign_baseline,test_text,0,0.0010498156,0
403993e34f2e570d,benign_baseline,test_text,0,0.0010475606,0
e62e06e1e87e4d8c,benign_baseline,test_text,0,0.0010397101,0
960cdcf19ec10d82,benign_baseline,test_text,0,0.0010422211,0
ecf0af9f2348cdd5,benign_baseline,test_text,0,0.0010848541,0
7f317f867e3fbf51,benign_baseline,test_text,0,0.0010400262,0
d64754d09e99adae,benign_baseline,test_text,0,0.0010420772,0
1621ada0efbb86d2,benign_baseline,test_text,0,0.0010354093,0
4808a256e6488464,benign_baseline,test_text,0,0.0010524121,0
9a1b186c26dd383a,benign_baseline,test_text,0,0.0010608737,0
cca3a3b822905c97,benign_baseline,test_text,0,0.0010880777,0
05b8e315268d106d,benign_baseline,test_text,0,0.0010329402,0
dc5ca0ec86333462,benign_baseline,test_text,0,0.0011084926,0
038db52e9a9bcfa1,benign_baseline,test_text,0,0.0010561872,0
6761fb1617f6a599,benign_baseline,test_text,0,0.0010362738,0
76269dd9bb809dbc,benign_baseline,test_text,0,0.0010400137,0
cf1786b8bf236326,benign_baseline,test_text,0,0.0010848541,0
f3276f24a8e4a2fa,benign_baseline,test_text,0,0.0010461974,0
fb44ed6fdc7d1213,benign_baseline,test_text,0,0.0010284529,0
5745b232c91ba009,benign_baseline,test_text,0,0.0010478667,0
e7106c410761cd9a,benign_baseline,test_text,0,0.0010375372,0
8b21564eb85c104f,benign_baseline,test_text,0,0.001043052,0
28bda72db38de8a4,benign_baseline,test_text,0,0.0010397101,0
a09e0fce72b13227,benign_baseline,test_text,0,0.0010451582,0
8527c699f24232a6,benign_baseline,test_text,0,0.0010479371,0
e9dbed3d5f6b751f,benign_baseline,test_text,0,0.0010925386,0
ea6bcf8f09217cc7,benign_baseline,test_text,0,0.0010429154,0
bdbe9b8d4a70b40c,benign_baseline,test_text,0,0.0010399299,0
10bb96fda1188f18,benign_baseline,test_text,0,0.0010561872,0
70d07f81b89a3b4a,benign_baseline,test_text,0,0.0010329402,0
9a56e29ee84f38d5,benign_baseline,test_text,0,0.0010479371,0
83aaa5bb4a03a6e0,benign_baseline,test_text,0,0.0010363947,0
20bcbb3279f2ef53,benign_baseline,test_text,0,0.0010475706,0
e8ddc2923f5b6427,benign_baseline,test_text,0,0.0010435206,0
e98924e63a6cb198,benign_baseline,test_text,0,0.001035989,0
d9763e608aa42b8f,benign_baseline,test_text,0,0.0010883217,0
1c05fa74e39afc94,benign_baseline,test_text,0,0.0010565213,0
8d9515858c430b79,benign_baseline,test_text,0,0.0010371499,0
3cac6d74ef295049,benign_baseline,test_text,0,0.0010894041,0
e9f6c01d6afd0f36,benign_baseline,test_text,0,0.0011318695,0
7fde6c2d2aa4010b,benign_baseline,test_text,0,0.0010413418,0
1f256c91a4880063,benign_baseline,test_text,0,0.001045005,0
c757b82c62efde95,benign_baseline,test_text,0,0.0010565465,0
f1048aa37a9c0add,benign_baseline,test_text,0,0.0010848541,0
2a96c20f2f8ea724,benign_baseline,test_text,0,0.0010545946,0
96c7bebf01e1f49c,benign_baseline,test_text,0,0.001043271,0
2ac0dca82485d939,benign_baseline,test_text,0,0.0010397101,0
30214c02408cf3ea,benign_baseline,test_text,0,0.0010451582,0
45eb75e761a06c86,benign_baseline,test_text,0,0.0010477374,0
ad530c0004f012bd,benign_baseline,test_text,0,0.0010421342,0
341e5fc5bb70674d,benign_baseline,test_text,0,0.0010400137,0
20400da64bd08c45,benign_baseline,test_text,0,0.0010475706,0
0b2517ca1c00357d,benign_baseline,test_text,0,0.0010606087,0
f89d42c415ff9bb0,benign_baseline,test_text,0,0.0011229577,0
71c3bc9596583416,benign_baseline,test_text,0,0.0010950634,0
97e16d76681dc5b4,benign_baseline,test_text,0,0.0010312245,0
1ff05f3ab3c5aee5,benign_baseline,test_text,0,0.0010887713,0
b3edd0d2ea2c6088,benign_baseline,test_text,0,0.0010355543,0
3e10fc02765c45b8,benign_baseline,test_text,0,0.0010452251,0
76b1abfada3e41fc,benign_baseline,test_text,0,0.0010397101,0
8512123e4fc217e4,benign_baseline,test_text,0,0.0010801645,0
3e59db9f345e64dd,benign_baseline,test_text,0,0.0010825038,0
77955cdd3c24549e,benign_baseline,test_text,0,0.0010890574,0
ddbac5bbffdf9ed4,benign_baseline,test_text,0,0.0011221654,0
154296d47407b298,benign_baseline,test_text,0,0.0011298137,0
3d8c3443efcf7e67,benign_baseline,test_text,0,0.0010594416,0
5f6c311e25f68578,benign_baseline,test_text,0,0.0010506461,0
3c556dc1589b71e3,benign_baseline,test_text,0,0.0010358593,0
92b7b2465b643933,benign_baseline,test_text,0,0.0010375372,0
16f5c50fb3f50a40,benign_baseline,test_text,0,0.0010289899,0
0be88ab95c371f24,benign_baseline,test_text,0,0.0010400137,0
097680f5171afc23,benign_baseline,test_text,0,0.0010533961,0
e2fa1619a19d1004,benign_baseline,test_text,0,0.00105336,0
2646c2add3737c9f,benign_baseline,test_text,0,0.0010677899,0
33a82caff50047ce,benign_baseline,test_text,0,0.0010451602,0
83d56a929b7817dd,benign_baseline,test_text,0,0.0010323442,0
1846fb35c0292bb4,benign_baseline,test_text,0,0.0010639,0
642071af28bf746a,benign_baseline,test_text,0,0.0010345412,0
119c2a2fbd3105b4,benign_baseline,test_text,0,0.0010400262,0
5b7420575dbf5a02,benign_baseline,test_text,0,0.0010679109,0
e759275e3df94504,benign_baseline,test_text,0,0.0010480777,0
b6802a514e3b7e0e,benign_baseline,test_text,0,0.0010700265,0
af80ba86c3e11036,benign_baseline,test_text,0,0.0010399299,0
07983d6b70555fe7,benign_baseline,test_text,0,0.0011068839,0
d58ebc632ef4cf01,benign_baseline,test_text,0,0.001043052,0
a42e66450d36283c,benign_baseline,test_text,0,0.0010561872,0
7c950986a2a8ea82,benign_baseline,test_text,0,0.0010703376,0
7dec97066b09caa8,benign_baseline,test_text,0,0.0010453624,0
9fa99e1db5c3fc74,benign_baseline,test_text,0,0.0010645629,0
86dd0dd07d08f827,benign_baseline,test_text,0,0.0011095755,0
4634afc777594b5a,benign_baseline,test_text,0,0.001083644,0
876b85b7a5d026b7,benign_baseline,test_text,0,0.001042808,0
85cf6c22d2aa14b8,benign_baseline,test_text,0,0.0010487279,0
7cb290b933d2a881,benign_baseline,test_text,0,0.0010566934,0
46af917b84f31cef,benign_baseline,test_text,0,0.00105064,0
6be2dba3094a6a8d,benign_baseline,test_text,0,0.0011045677,0
d2d39fec58ca54bd,benign_baseline,test_text,0,0.0010420772,0
f5e1641cc19af733,benign_baseline,test_text,0,0.0010350031,0
893f2c7daf69fa8c,benign_baseline,test_text,0,0.0010913434,0
44b2f2f36c554621,benign_baseline,test_text,0,0.0010241161,0
1a570182291e9a82,benign_baseline,test_text,0,0.0010391021,0
fe9988baa5724dbe,benign_baseline,test_text,0,0.001045005,0
167efcee9e6df7a8,benign_baseline,test_text,0,0.0010410611,0
34187a83d5f79b26,benign_baseline,test_text,0,0.0010480777,0
a4edff4397143ba2,benign_baseline,test_text,0,0.0010451582,0
9a15188624879e2d,benign_baseline,test_text,0,0.0010454012,0
a65309216a22a83b,benign_baseline,test_text,0,0.0010475706,0
687ca4f3a678fc8f,benign_baseline,test_text,0,0.0010397101,0
270f8b2e979f0dc2,benign_baseline,test_text,0,0.0010435206,0
3902a2e4b2c43936,benign_baseline,test_text,0,0.0010458496,0
884e3d7f28764b51,benign_baseline,test_text,0,0.001035434,0
fdbb224254f42585,benign_baseline,test_text,0,0.0010549774,0
b856d6b79c0d4120,benign_baseline,test_text,0,0.0010400262,0
95bf392f28eaa006,benign_baseline,test_text,0,0.0011095755,0
306f3896ce7bef63,benign_baseline,test_text,0,0.0010317075,0
ab4ee0a14d20964e,benign_baseline,test_text,0,0.001043052,0
0506c9766955f2da,benign_baseline,test_text,0,0.0010848541,0
0b188a9ad091c64c,benign_baseline,test_text,0,0.00105064,0
f554b17e4f251b87,benign_baseline,test_text,0,0.0010549774,0
259a74aa00667e0c,benign_baseline,test_text,0,0.0010420772,0
8ff6cec3c2ac71b5,benign_baseline,test_text,0,0.0010871342,0
c21ca30db75eee36,benign_baseline,test_text,0,0.0010549774,0
2235f6395e92d350,benign_baseline,test_text,0,0.0010329402,0
31e406e960c2d740,benign_baseline,test_text,0,0.001035579,0
fc127c18110cb04d,benign_baseline,test_text,0,0.0010241161,0
b453adf9e9c07b15,benign_baseline,test_text,0,0.0010524121,0
7b678c7e9d1b41b1,benign_baseline,test_text,0,0.0010243645,0
8247b952bffcded6,benign_baseline,test_text,0,0.0010238674,0
518edbf9eb257893,benign_baseline,test_text,0,0.0010495594,0
0ec98e5d4e6136d4,benign_baseline,test_text,0,0.001042656,0
a19d32b6afc19709,benign_baseline,test_text,0,0.0010324981,0
7ed002bb1b26eef6,benign_baseline,test_text,0,0.0010241161,0
39297460969ad16a,benign_baseline,test_text,0,0.0010561872,0
470ae8c50d16e5aa,benign_baseline,test_text,0,0.0010242258,0
b97668ea98e83701,benign_baseline,test_text,0,0.0010321741,0
e9ca63f02ecee460,benign_baseline,test_text,0,0.0010428617,0
58f0e3670320c46e,benign_baseline,test_text,0,0.0010324076,0
059a4c8dd48312c6,benign_baseline,test_text,0,0.0011093229,0
a2df93707a130560,benign_baseline,test_text,0,0.0010293822,0
36bd42843a1754ce,benign_baseline,test_text,0,0.001045005,0
f2554ec8b6bcc452,benign_baseline,test_text,0,0.0010451582,0
bfeaf2cd7598bba8,benign_baseline,test_text,0,0.0010378902,0
8b72a3da04ca8942,benign_baseline,test_text,0,0.0010400262,0
300c8bded9dd73f3,benign_baseline,test_text,0,0.0010531904,0
83f02fe769646aee,benign_baseline,test_text,0,0.0010848541,0
e3d23ac816edefa1,benign_baseline,test_text,0,0.0010378031,0
6091adb9c357e2f1,benign_baseline,test_text,0,0.0010458496,0
d546b155751d3b82,benign_baseline,test_text,0,0.0010410869,0
4f06308154fc2f6d,benign_baseline,test_text,0,0.0010482739,0
ce7950f9ba573d4b,benign_baseline,test_text,0,0.0010402272,0
840274cbe4ed5229,benign_baseline,test_text,0,0.0010477374,0
07da557d0310cd24,benign_baseline,test_text,0,0.0010814999,0
5cde77511ca1f9dd,benign_baseline,test_text,0,0.0010380647,0
2f3eb6804d8ae361,benign_baseline,test_text,0,0.0010302132,0
0b3ed190e8e7130d,benign_baseline,test_text,0,0.0010634142,0
4a1f36fb8b7b19d3,benign_baseline,test_text,0,0.0010478995,0
0e762574bd0816fd,benign_baseline,test_text,0,0.0010455238,0
e378f03bfa6bf988,benign_baseline,test_text,0,0.0010586649,0
ecb56f1d834c2ed3,benign_baseline,test_text,0,0.0011084926,0
fbe978166f17efc6,benign_baseline,test_text,0,0.0010221867,0
f6c6269402c01af8,benign_baseline,test_text,0,0.0010561872,0
884953c543885c89,benign_baseline,test_text,0,0.0010549774,0
b40a8f43066ae0bb,benign_baseline,test_text,0,0.0010363439,0
bec60f9ebfb12d16,benign_baseline,test_text,0,0.0010420772,0
42e9558f2b4bd547,benign_baseline,test_text,0,0.0010242792,0
73b6776ef205ed70,benign_baseline,test_text,0,0.0010376608,0
082687959b34590d,benign_baseline,test_text,0,0.0010939273,0
18b45e90826a33bc,benign_baseline,test_text,0,0.0010848541,0
f5184dac142024c1,benign_baseline,test_text,0,0.0010289899,0
344ccaf1c74045cb,benign_baseline,test_text,0,0.0010448507,0
8f301ab1ac5cf596,benign_baseline,test_text,0,0.001058141,0
d963e35f2f975fe3,benign_baseline,test_text,0,0.0010436832,0
835cc596618ac0d9,benign_baseline,test_text,0,0.001043052,0
774a48f2b75caafc,benign_baseline,test_text,0,0.0010397101,0
a2e79128fe02697a,benign_baseline,test_text,0,0.0010492036,0
77540c7212dc24d3,benign_baseline,test_text,0,0.0010475706,0
c401fbaaed6d636e,benign_baseline,test_text,0,0.0010359051,0
461ae8367e5879f6,benign_baseline,test_text,0,0.0010397101,0
51ba9a3bed0d561f,benign_baseline,test_text,0,0.0010371853,0
1cac6cc7a01d2a83,benign_baseline,test_text,0,0.00105064,0
49c796011c5a846c,benign_baseline,test_text,0,0.001045014,0
a47cdde25580ec13,benign_baseline,test_text,0,0.0010885561,0
47075d16df8a559e,benign_baseline,test_text,0,0.0010324076,0
fdae84b32a450a21,benign_baseline,test_text,0,0.0010586649,0
cf6762af95d5dcf8,benign_baseline,test_text,0,0.0010498156,0
a40d5981c1e8f231,benign_baseline,test_text,0,0.0010363375,0
97a6ad821d2a23ff,benign_baseline,test_text,0,0.0010933371,0
bf6176febf152adb,benign_baseline,test_text,0,0.0010404458,0
96b2f820da0986d7,benign_baseline,test_text,0,0.0010656492,0
5ac2247c729298ee,benign_baseline,test_text,0,0.001043052,0
a73bd55d41ecc7f7,benign_baseline,test_text,0,0.0010448357,0
79785b78e8a96e3d,benign_baseline,test_text,0,0.0010380647,0
804540bf5bbf3a99,benign_baseline,test_text,0,0.0010430913,0
021ff1835fce5347,benign_baseline,test_text,0,0.0010386795,0
f148ae7cde352c48,benign_baseline,test_text,0,0.0010458496,0
29f7ae9b5653b2d6,benign_baseline,test_text,0,0.0010451577,0
6ab521e4d0bb6a37,benign_baseline,test_text,0,0.0010848541,0
bef9e066d222b84b,benign_baseline,test_text,0,0.0010349172,0
8778bd27519a9393,benign_baseline,test_text,0,0.0010400262,0
82d79491e0349126,benign_baseline,test_text,0,0.0010324076,0
bfa4f05d4a7c2b82,benign_baseline,test_text,0,0.0010352979,0
cd2702746c239b57,benign_baseline,test_text,0,0.0010400262,0
f99fc82e22e74335,benign_baseline,test_text,0,0.0010489778,0
631b8a5bda8c77a1,benign_baseline,test_text,0,0.0010506461,0
3b9a0294242be767,benign_baseline,test_text,0,0.0010892033,0
5a31910e55baae80,benign_baseline,test_text,0,0.0010350972,0
2e58cab73efcafe5,benign_baseline,test_text,0,0.0010563557,0
b87c4e4aac094396,benign_baseline,test_text,0,0.0010404458,0
8a97cb319bd15e6c,benign_baseline,test_text,0,0.0010363094,0
30a738f9ca0a277e,benign_baseline,test_text,0,0.0010868504,0
4cff981f48b75005,benign_baseline,test_text,0,0.001043052,0
47eafbb6cda1e066,benign_baseline,test_text,0,0.0010448507,0
438b25e6f810950c,benign_baseline,test_text,0,0.0011095755,0
da1f978bed376f91,benign_baseline,test_text,0,0.0010458496,0
8fe98ee7b42cce36,benign_baseline,test_text,0,0.001041458,0
4094efe08fb33ca8,benign_baseline,test_text,0,0.0010700265,0
16655172452c5797,benign_baseline,test_text,0,0.0010436832,0
1a49313ab09537cc,benign_baseline,test_text,0,0.0010479371,0
467d9923d87c9579,benign_baseline,test_text,0,0.0010376608,0
4c53993678df7ad5,benign_baseline,test_text,0,0.0010400262,0
9d79fa6aa0f3870a,benign_baseline,test_text,0,0.0010451577,0
97b7ba7c19c65f04,benign_baseline,test_text,0,0.0010324188,0
54588e8e4b110639,benign_baseline,test_text,0,0.0010475706,0
abf2968be25be493,benign_baseline,test_text,0,0.0010491986,0
bc9124324c41ac57,benign_baseline,test_text,0,0.0010399299,0
d8eb2a7797f49144,benign_baseline,test_text,0,0.0010361722,0
11fc2a9200e17c61,benign_baseline,test_text,0,0.0010420772,0
190bded85d8002da,benign_baseline,test_text,0,0.0010892298,0
b5ab8debd4bd39cc,benign_baseline,test_text,0,0.0010475446,0
6273e62ae4cd3851,benign_baseline,test_text,0,0.0010561872,0
637118567f99953d,benign_baseline,test_text,0,0.0010350025,0
d319bf54e5ee84e2,benign_baseline,test_text,0,0.0010492386,0
d24e7fef4fca3c99,benign_baseline,test_text,0,0.0010404458,0
2f9fe70c587ca436,benign_baseline,test_text,0,0.0010491337,0
d4cf53054115dcf3,benign_baseline,test_text,0,0.0010289899,0
b7796bbf7859fe06,benign_baseline,test_text,0,0.0010853569,0
b951dd305bd62e52,benign_baseline,test_text,0,0.0010451582,0
bc39f005396117fc,benign_baseline,test_text,0,0.0010324252,0
1bb2bddd68220b19,benign_baseline,test_text,0,0.00104084,0
6236768b1c7b3a44,benign_baseline,test_text,0,0.001055374,0
43eb479d29bacbf4,benign_baseline,test_text,0,0.0010397101,0
18abc5cf27f744a8,benign_baseline,test_text,0,0.0010431563,0
9789e8cb1fb2b816,benign_baseline,test_text,0,0.0010576396,0
d937cbbc7edc7a52,benign_baseline,test_text,0,0.0011095755,0
70ef8bfdbb18c98a,benign_baseline,test_text,0,0.0010461974,0
369ccb00bc025609,benign_baseline,test_text,0,0.0010422708,0
792a5a0d3fd79fca,benign_baseline,test_text,0,0.0010491986,0
dab7ed51f38b1501,benign_baseline,test_text,0,0.0010533961,0
16bd51bfe84d9493,benign_baseline,test_text,0,0.0010563557,0
f0f43e3aff6b658c,benign_baseline,test_text,0,0.0010397101,0
072d2987915b806e,benign_baseline,test_text,0,0.0010848541,0
d8c9fe3d3f505664,benign_baseline,test_text,0,0.0010475706,0
2beccf0dfbd8dd54,benign_baseline,test_text,0,0.0010510134,0
d7d7b7058d167978,benign_baseline,test_text,0,0.0010482614,0
990af442c98df931,benign_baseline,test_text,0,0.0010895359,0
6b79f6112f643d5f,benign_baseline,test_text,0,0.0010358593,0
8aa651e138bf3ce4,benign_baseline,test_text,0,0.0010317075,0
1a9c1bf8c3780161,benign_baseline,test_text,0,0.0010561872,0
8d970fddc66415f8,benign_baseline,test_text,0,0.0010493036,0
9b80c92331063e79,benign_baseline,test_text,0,0.001041458,0
9dfe66f4bfc71a4c,benign_baseline,test_text,0,0.0010810612,0
4c6a517f0976f079,benign_baseline,test_text,0,0.0010848541,0
b484c1b33e4204a9,benign_baseline,test_text,0,0.001043052,0
11bb0520d8f2aeda,benign_baseline,test_text,0,0.0011151737,0
0dc14cc21b7ef69b,benign_baseline,test_text,0,0.0010324188,0
809118beafe93453,benign_baseline,test_text,0,0.001045005,0
64c4a35caa7e3559,benign_baseline,test_text,0,0.0010392537,0
03c504b181c5c8f5,benign_baseline,test_text,0,0.0010397101,0
28a6726a1f48a26e,benign_baseline,test_text,0,0.0010395665,0
a4fb73946fbf1005,benign_baseline,test_text,0,0.001043271,0
022ff6cd0748140a,benign_baseline,test_text,0,0.0010451582,0
fd1dfb8be7dec3e8,benign_baseline,test_text,0,0.0010486925,0
31b7174ee394b23b,benign_baseline,test_text,0,0.0010345412,0
69e2d28bcb755204,benign_baseline,test_text,0,0.0010399299,0
36142ba4206f29e3,benign_baseline,test_text,0,0.0010641635,0
d5aa57d9707c377c,benign_baseline,test_text,0,0.0010365018,0
4c78258742599603,benign_baseline,test_text,0,0.0010453624,0
fe999e6139a6233d,benign_baseline,test_text,0,0.0010479371,0
11963789d913c5d3,benign_baseline,test_text,0,0.0010853921,0
41a2b47cfa84773e,benign_baseline,test_text,0,0.0010361007,0
0b1030b51ffcf43e,benign_baseline,test_text,0,0.0011095755,0
8ab32b689f231713,benign_baseline,test_text,0,0.0010247646,0
d5e0f56dd3765ec4,benign_baseline,test_text,0,0.0010565213,0
f9c129c534f0201f,benign_baseline,test_text,0,0.0010400137,0
c9623d837e3f1ea6,benign_baseline,test_text,0,0.0011105187,0
78c8846c83ec9e80,benign_baseline,test_text,0,0.0010451602,0
f74f7813e4ae566e,benign_baseline,test_text,0,0.0010651062,0
0ba40dfc4b9c5696,benign_baseline,test_text,0,0.001045005,0
1c0630778f4a48a4,benign_baseline,test_text,0,0.0010475706,0
4ca397bf6e761705,benign_baseline,test_text,0,0.00103859,0
774c5dce0517762c,benign_baseline,test_text,0,0.001043052,0
6868813c117514c8,benign_baseline,test_text,0,0.0010400262,0
c0dd2864239768d4,benign_baseline,test_text,0,0.0010848541,0
616d3a75ba680210,benign_baseline,test_text,0,0.0010496416,0
5401d62033ef66ff,benign_baseline,test_text,0,0.0010506461,0
5f1f61e1214240ce,benign_baseline,test_text,0,0.0010458496,0
caf0bdb7c5ce081b,benign_baseline,test_text,0,0.0010359515,0
b4cb22c17664da56,benign_baseline,test_text,0,0.0010360824,0
50ef28a6b91447f2,benign_baseline,test_text,0,0.0010391036,0
a95afdce4e6b86e5,benign_baseline,test_text,0,0.0010371499,0
42a2f4821f62b118,benign_baseline,test_text,0,0.001046136,0
70ceba5f27d9c4f7,benign_baseline,test_text,0,0.0010485412,0
247f2a2a525d6de2,benign_baseline,test_text,0,0.0010573989,0
892300a2622f88fd,benign_baseline,test_text,0,0.001032026,0
81f25f3f38838879,benign_baseline,test_text,0,0.0010374829,0
c473558ba994f954,benign_baseline,test_text,0,0.0010400137,0
18feead8fa26227e,benign_baseline,test_text,0,0.0010451582,0
abd64ae989bed65b,benign_baseline,test_text,0,0.0010400262,0
b9b496f9baa841f8,benign_baseline,test_text,0,0.0010992838,0
6c36e10f47aeb0ff,benign_baseline,test_text,0,0.001043052,0
3a98b5414a0226f8,benign_baseline,test_text,0,0.0010222432,0
11a9df4983ee0077,benign_baseline,test_text,0,0.0010436832,0
ad6986db44b0a8b0,benign_baseline,test_text,0,0.0010286915,0
5bc259e63e306ea4,benign_baseline,test_text,0,0.0010493606,0
a021a4f76b343172,benign_baseline,test_text,0,0.0010470148,0
0c0b60797ac6d3eb,benign_baseline,test_text,0,0.0010370915,0
984cfa45f4d81d79,benign_baseline,test_text,0,0.0010477727,0
c68eb5b5563044fa,benign_baseline,test_text,0,0.0010461974,0
d575e49ee3604615,benign_baseline,test_text,0,0.00105064,0
36fd8c37bbb73835,benign_baseline,test_text,0,0.0010848541,0
7ffaedba56a22b2c,benign_baseline,test_text,0,0.0010400262,0
bd4c156177f4b9e4,benign_baseline,test_text,0,0.001038173,0
80d2ce3047fd47cd,benign_baseline,test_text,0,0.0010458664,0
9b4252150c9c0c12,benign_baseline,test_text,0,0.0011084926,0
cd50fc490d86dc26,benign_baseline,test_text,0,0.0010641584,0
7dc2b98875922652,benign_baseline,test_text,0,0.001032026,0
3f8e713436f0930f,benign_baseline,test_text,0,0.0010358088,0
b3d9b76066619ab1,benign_baseline,test_text,0,0.0010371499,0
f9387bd5859bfc4e,benign_baseline,test_text,0,0.0010561872,0
a677cc7292deeddf,benign_baseline,test_text,0,0.001043052,0
7dacba7b81932a09,benign_baseline,test_text,0,0.0010503288,0
a52ac4255b01ad0d,benign_baseline,test_text,0,0.0010700265,0
b63ffdc894b14af2,benign_baseline,test_text,0,0.001057214,0
48d7cee4c027887a,benign_baseline,test_text,0,0.0010365946,0
18fff26139990f5e,benign_baseline,test_text,0,0.0010479371,0
1cc0f3c7219bc685,benign_baseline,test_text,0,0.0010451577,0
7c776ffd11f4b4f0,benign_baseline,test_text,0,0.001032026,0
14121c1358f627a1,benign_baseline,test_text,0,0.0010397101,0
6b34529d037758bc,benign_baseline,test_text,0,0.0010451582,0
aa70878d5c0e5bf3,benign_baseline,test_text,0,0.001043271,0
ef68293f2c37c674,benign_baseline,test_text,0,0.0010400137,0
97a8d8b864d8c2cb,benign_baseline,test_text,0,0.0010400262,0
adb932daa8204d96,benign_baseline,test_text,0,0.0010475706,0
b00f10412c57b48c,benign_baseline,test_text,0,0.0010470502,0
11a7771fc3f0b401,benign_baseline,test_text,0,0.0010641635,0
dc1bd7ffb2342b3e,benign_baseline,test_text,0,0.001045014,0
18285d869341fbfe,benign_baseline,test_text,0,0.0011095755,0
68decfeda8c9d618,benign_baseline,test_text,0,0.0010651062,0
707587013f5a53aa,benign_baseline,test_text,0,0.0010479371,0
04937475b3358929,benign_baseline,test_text,0,0.0010875813,0
4dd4be76b3935e58,benign_baseline,test_text,0,0.0010498436,0
1d570777eea48389,benign_baseline,test_text,0,0.0010357699,0
16fd3d7d6b497123,benign_baseline,test_text,0,0.0010491986,0
791557c9a6b20259,benign_baseline,test_text,0,0.0010451577,0
61e27f5837eb2869,benign_baseline,test_text,0,0.001038173,0
7e74958d76a0eb9c,benign_baseline,test_text,0,0.0010428617,0
746e570e1a77d287,benign_baseline,test_text,0,0.0010451602,0
e79a464bab778c89,benign_baseline,test_text,0,0.001032026,0
bfa838f1195b0766,benign_baseline,test_text,0,0.0010667767,0
ac8d37522439e889,benign_baseline,test_text,0,0.0010848541,0
f2144b67eb2bf91d,benign_baseline,test_text,0,0.0010414431,0
74333b1a4370723c,benign_baseline,test_text,0,0.0010461974,0
59a16a772a636a24,benign_baseline,test_text,0,0.0010400137,0
5b4bb2205cfa9d7e,benign_baseline,test_text,0,0.00104267,0
eb863e57740d9318,benign_baseline,test_text,0,0.0010571984,0
a11ec5781c7f9e4e,benign_baseline,test_text,0,0.0010402272,0
80eabcc66ad8ee49,benign_baseline,test_text,0,0.0010663474,0
197c8566f18ea1b3,benign_baseline,test_text,0,0.0010493606,0
eb935e806ae13ca6,benign_baseline,test_text,0,0.0010345412,0
17f0c22ddadd60c9,benign_baseline,test_text,0,0.0010451453,0
3cdfc03857b908f3,benign_baseline,test_text,0,0.0010399299,0
00f59941926709cf,benign_baseline,test_text,0,0.0010512447,0
c4c26b704b5ab7ee,benign_baseline,test_text,0,0.0010506461,0
316359c2a617213f,benign_baseline,test_text,0,0.0010354538,0
4837d3f2329d6060,benign_baseline,test_text,0,0.0010650859,0
476251050d5efd8c,benign_baseline,test_text,0,0.0010289899,0
fd722d017d6ea318,benign_baseline,test_text,0,0.0010375372,0
63939e84956cf05f,benign_baseline,test_text,0,0.0010855814,0
4b8677c3c1ad9623,benign_baseline,test_text,0,0.0010400262,0
da9b41831bf611bb,benign_baseline,test_text,0,0.001041458,0
d8edc7ec618acdc5,benign_baseline,test_text,0,0.001043052,0
7f95c3d3fdfabdb6,benign_baseline,test_text,0,0.0010451582,0
5ba9ab4e88b611f8,benign_baseline,test_text,0,0.0010397101,0
6e3ad2610e263f07,benign_baseline,test_text,0,0.001043271,0
2a41da3a89ad4161,benign_baseline,test_text,0,0.0010577182,0
4724dfc96f6bf9b7,benign_baseline,test_text,0,0.0010320642,0
ed66f00835d21b23,benign_baseline,test_text,0,0.0010503288,0
90ede3470db14ff5,benign_baseline,test_text,0,0.0010566849,0
9711ac24c2582193,benign_baseline,test_text,0,0.0010461974,0
8e9a9ad9291648c8,benign_baseline,test_text,0,0.0010475706,0
fb2782df56425012,benign_baseline,test_text,0,0.0010848541,0
94e2ecd39303b2d9,benign_baseline,test_text,0,0.0010362777,0
0e4053a003ff923e,benign_baseline,test_text,0,0.0010473556,0
82d281a601090969,benign_baseline,test_text,0,0.0010513704,0
1edbba3883c44c2e,benign_baseline,test_text,0,0.001052774,0
5c4679787901fa8f,benign_baseline,test_text,0,0.0010365946,0
3f4248a52cb4a055,benign_baseline,test_text,0,0.0010703716,0
66d63ba5962e8a99,benign_baseline,test_text,0,0.0010391021,0
ca1188179d150200,benign_baseline,test_text,0,0.0010598961,0
cb932f3576194c3e,benign_baseline,test_text,0,0.0010445659,0
34bfcf1fa4d78f8c,benign_baseline,test_text,0,0.0010397101,0
2d48f4d2c769cd35,benign_baseline,test_text,0,0.0010502837,0
b474f8bd33538aea,benign_baseline,test_text,0,0.0010405349,0
57a76bbabe3eef43,benign_baseline,test_text,0,0.0010400137,0
b2abd3dfd7e0128b,benign_baseline,test_text,0,0.0010848541,0
d185e48656567d16,benign_baseline,test_text,0,0.001047014,0
79134d258da29583,benign_baseline,test_text,0,0.0010384425,0
16e7d29fda90ce03,benign_baseline,test_text,0,0.001043052,0
f559a6dba983ab03,benign_baseline,test_text,0,0.0010472195,0
e5de4d78b6005fea,benign_baseline,test_text,0,0.0010461974,0
3f46a6ade9c27763,benign_baseline,test_text,0,0.0010436832,0
022802ad8d2319f5,benign_baseline,test_text,0,0.0010460379,0
224cf1e9b3c51497,benign_baseline,test_text,0,0.0010374513,0
74e786faceacd26d,benign_baseline,test_text,0,0.0010370915,0
5408caa31e32af63,benign_baseline,test_text,0,0.0010332218,0
cb48b7b980c677fe,benign_baseline,test_text,0,0.0010479371,0
1278842e93ef290f,benign_baseline,test_text,0,0.001052184,0
593fee88b256e31d,benign_baseline,test_text,0,0.0010573989,0
ab6b258f737ee291,benign_baseline,test_text,0,0.0010848541,0
fe6eece728515246,benign_baseline,test_text,0,0.0010375372,0
3f4b10799078a159,benign_baseline,test_text,0,0.0010369932,0
beed85b84a50ccc9,benign_baseline,test_text,0,0.001045005,0
4d4827cfc92df640,benign_baseline,test_text,0,0.0010491337,0
dd9a804d050ea173,benign_baseline,test_text,0,0.0010400262,0
10c2d91cf3ce6a2e,benign_baseline,test_text,0,0.0010805262,0
77a0dc989a9010fb,benign_baseline,test_text,0,0.001043052,0
bad50eb23d26172f,benign_baseline,test_text,0,0.0010345412,0
409490e6d5aed14f,benign_baseline,test_text,0,0.0010604373,0
0d4b55c394d18914,benign_baseline,test_text,0,0.0010400262,0
b84d7ea1c374fbca,benign_baseline,test_text,0,0.0010448507,0
cace0ade94571fae,benign_baseline,test_text,0,0.0010499657,0
a47a67f367cdf387,benign_baseline,test_text,0,0.0010400137,0
c81a1b9fd22583a3,benign_baseline,test_text,0,0.0010489454,0
001ff1b6c4024fd9,benign_baseline,test_text,0,0.0011095755,0
75e08cffed2a1932,benign_baseline,test_text,0,0.001032026,0
9a8bc89a86f0338a,benign_baseline,test_text,0,0.0010491507,0
00d8ef5ce4f16bac,benign_baseline,test_text,0,0.0011953642,0
c1b1fe7061f49629,benign_baseline,test_text,0,0.001045014,0
812bf9e344acf47c,benign_baseline,test_text,0,0.0010491507,0
ae673702951b700d,benign_baseline,test_text,0,0.0010573989,0
1d56361c97766fc9,benign_baseline,test_text,0,0.0010602624,0
b39cc8286a684062,benign_baseline,test_text,0,0.0010700265,0
68ea699e3374baec,benign_baseline,test_text,0,0.0010458496,0
9752b491a7c6c5b3,benign_baseline,test_text,0,0.0010371499,0
ade580d954eee80a,benign_baseline,test_text,0,0.0010357212,0
b6c2ce8fc56f7375,benign_baseline,test_text,0,0.0010400137,0
cb9aef9cae20d82b,benign_baseline,test_text,0,0.0010391036,0
d27298f34146ef5b,benign_baseline,test_text,0,0.0010848707,0
c400b2294ca608b9,benign_baseline,test_text,0,0.0010427376,0
95a4d2b02e93ff8b,benign_baseline,test_text,0,0.0010477727,0
099b57c50b482950,benign_baseline,test_text,0,0.0010397101,0
078aed547934d808,benign_baseline,test_text,0,0.0010451602,0
d6eb705893bde1df,benign_baseline,test_text,0,0.0010561357,0
9a5c86944f877e53,benign_baseline,test_text,0,0.0010289899,0
387e43052a29b51a,benign_baseline,test_text,0,0.0010420772,0
c22ab67c5452f66c,benign_baseline,test_text,0,0.0010436231,0
9f2d291d237d6376,benign_baseline,test_text,0,0.0010501727,0
2f52d5478aa87663,benign_baseline,test_text,0,0.0010547382,0
bd3cbe0b9854fbb2,benign_baseline,test_text,0,0.0010414618,0
893943df75d4d129,benign_baseline,test_text,0,0.0011095755,0
7c965a8b69d17049,benign_baseline,test_text,0,0.001032026,0
1f879b8f6f3cf9a7,benign_baseline,test_text,0,0.0010493106,0
62f4cfe811c5ba65,benign_baseline,test_text,0,0.0010360923,0
f9b5efbf8c7f098d,benign_baseline,test_text,0,0.001045005,0
0247da3cacd27b80,benign_baseline,test_text,0,0.0010448507,0
6a840dec7e6588e8,benign_baseline,test_text,0,0.001065735,0
a1db856bc73bb6eb,benign_baseline,test_text,0,0.0010461974,0
6902326846f4317c,benign_baseline,test_text,0,0.0010431563,0
68760f23f7a7c8b5,benign_baseline,test_text,0,0.0010400137,0
97a4dfc630254048,benign_baseline,test_text,0,0.0010477727,0
aaa55eb6c8ff9627,benign_baseline,test_text,0,0.0010420772,0
856afbfd67503741,benign_baseline,test_text,0,0.0010393189,0
ef5168da47e2b83e,benign_baseline,test_text,0,0.0010561872,0
588713abcf21f745,benign_baseline,test_text,0,0.0010531904,0
8e2049b117874449,benign_baseline,test_text,0,0.0010402272,0
e75fc13d1148381c,benign_baseline,test_text,0,0.0010474519,0
22bd10eb1881df32,benign_baseline,test_text,0,0.0010295783,0
6a6d3edf94fde2a9,benign_baseline,test_text,0,0.001032026,0
b64168dbdbcea938,benign_baseline,test_text,0,0.0010848541,0
cb8c32bb42a23d49,benign_baseline,test_text,0,0.0010569225,0
f0279611413dbf7f,benign_baseline,test_text,0,0.0010350443,0
322c98d875b4513e,benign_baseline,test_text,0,0.0010485412,0
a91d42df6572a185,benign_baseline,test_text,0,0.0010375372,0
1c0c48c71b1f5676,benign_baseline,test_text,0,0.0010358957,0
d859964a2628de83,benign_baseline,test_text,0,0.0010561872,0
128a7fe442e7f9b3,benign_baseline,test_text,0,0.0010353161,0
e23da77292cccbd2,benign_baseline,test_text,0,0.0010867945,0
46b6839cc0939ddd,benign_baseline,test_text,0,0.0010420772,0
dcaa1007f135d797,benign_baseline,test_text,0,0.001041458,0
25eb947dadad4cac,benign_baseline,test_text,0,0.001043052,0
333d11a56357b95a,benign_baseline,test_text,0,0.0010843545,0
33a94d1a5b408c48,benign_baseline,test_text,0,0.0010451582,0
f6c2199095808c07,benign_baseline,test_text,0,0.0010371499,0
36e20c7fbab29987,benign_baseline,test_text,0,0.0010345412,0
0376346b74132bbc,benign_baseline,test_text,0,0.0010269046,0
ee19f8d8b98327ac,benign_baseline,test_text,0,0.0010451577,0
94141a89410663d0,benign_baseline,test_text,0,0.0011095755,0
1b3cac7b60689058,benign_baseline,test_text,0,0.001032026,0
576dd42aa80351f0,benign_baseline,test_text,0,0.0010435206,0
d64da2462ebeb6cd,benign_baseline,test_text,0,0.0010848541,0
cff357ee84bd15f4,benign_baseline,test_text,0,0.0010397101,0
cc60e2197e550a68,benign_baseline,test_text,0,0.0010492556,0
884bf120491c7ab1,benign_baseline,test_text,0,0.0010363938,0
01c8cf89671d47eb,benign_baseline,test_text,0,0.0010400262,0
ae76792e4e98599c,benign_baseline,test_text,0,0.0010586649,0
b19d7f6b95d08f65,benign_baseline,test_text,0,0.001045014,0
9529967ba2ef28bc,benign_baseline,test_text,0,0.0010506461,0
4464d1d11a2a90f1,benign_baseline,test_text,0,0.001086998,0
febaefbc8fa7d5ab,benign_baseline,test_text,0,0.0010489778,0
dfe4a0f591db6ff7,benign_baseline,test_text,0,0.0010358088,0
b1acfeb0c8c29fa9,benign_baseline,test_text,0,0.0010848541,0
3713c57b8a09a340,benign_baseline,test_text,0,0.001068268,0
5cf5340d86dc3111,benign_baseline,test_text,0,0.0010375372,0
ee784add20c15f85,benign_baseline,test_text,0,0.0010448507,0
b43fe6755510e8cd,benign_baseline,test_text,0,0.0010487948,0
26b252b122b62b20,benign_baseline,test_text,0,0.0010286915,0
fc66318110a6b36a,benign_baseline,test_text,0,0.001047014,0
29c28887b21d399c,benign_baseline,test_text,0,0.0010400137,0
e5db680275b5e59e,benign_baseline,test_text,0,0.0010461974,0
2607666edc001b3f,benign_baseline,test_text,0,0.0010436832,0
6d0ec883bb35e4be,benign_baseline,test_text,0,0.0010573989,0
27615b6aaf9723df,benign_baseline,test_text,0,0.001043052,0
d368414c4834c02a,benign_baseline,test_text,0,0.0010566611,0
8540e077cbd39dbf,benign_baseline,test_text,0,0.0010400262,0
a1c7c525e3be8246,benign_baseline,test_text,0,0.0011095755,0
e9a28457c74c6743,benign_baseline,test_text,0,0.0010320642,0
9797beb65f6b69fc,benign_baseline,test_text,0,0.0010358957,0
0a78fff27f809665,benign_baseline,test_text,0,0.0010400262,0
652a6f930a01722f,benign_baseline,test_text,0,0.0010479371,0
865cfa02e6f3b359,benign_baseline,test_text,0,0.0010868463,0
dd7e7853886e7530,benign_baseline,test_text,0,0.0010479371,0
55e6052c69aa9268,benign_baseline,test_text,0,0.0010368554,0
5948b912f8cc0762,benign_baseline,test_text,0,0.0010563557,0
a3dbbfb221c836b6,benign_baseline,test_text,0,0.0010848541,0
91cdb985023f35aa,benign_baseline,test_text,0,0.0011081891,0
a2e732a92b03dc48,benign_baseline,test_text,0,0.0010451577,0
4ef9232ac9e4f306,benign_baseline,test_text,0,0.0010400262,0
c7ef406506b3cba2,benign_baseline,test_text,0,0.0010475706,0
4097172f019e7b9f,benign_baseline,test_text,0,0.0010451602,0
f65b1dc81b289dc0,benign_baseline,test_text,0,0.0010402125,0
4d66508c1883f1eb,benign_baseline,test_text,0,0.0010452251,0
1c16a1ddf34df915,benign_baseline,test_text,0,0.0010561872,0
3b7aadde1f906288,benign_baseline,test_text,0,0.001043052,0
9551de769bd4c079,benign_baseline,test_text,0,0.0010371499,0
ada6587232283f32,benign_baseline,test_text,0,0.0010497796,0
a3143780e7cda6d0,benign_baseline,test_text,0,0.0010398608,0
4fc2626697dfd282,benign_baseline,test_text,0,0.001043271,0
03922b5edad445cf,benign_baseline,test_text,0,0.0010368208,0
40c61300ed22375c,benign_baseline,test_text,0,0.0010397101,0
7deed8159bd139cf,benign_baseline,test_text,0,0.0010479371,0
9f25ec8dbfba288a,benign_baseline,test_text,0,0.0010420772,0
036958dabe80ab0b,benign_baseline,test_text,0,0.0010925891,0
ff794759f1d51685,benign_baseline,test_text,0,0.0010531143,0
d131dc4c364aa827,benign_baseline,test_text,0,0.0011095755,0
ccfc1ec4d53c162c,benign_baseline,test_text,0,0.0010368554,0
87ed3526e7c248a2,benign_baseline,test_text,0,0.0010565213,0
79747b2cc9644657,benign_baseline,test_text,0,0.001032026,0
538535a110329966,benign_baseline,test_text,0,0.0010451582,0
502881d256d05fff,benign_baseline,test_text,0,0.001045005,0
00a317ac0f31df77,benign_baseline,test_text,0,0.0010397101,0
2e1a0ad5b03bd1d7,benign_baseline,test_text,0,0.0010700265,0
8174374257cb928b,benign_baseline,test_text,0,0.0010486925,0
2e7187d6e6a7fe2c,benign_baseline,test_text,0,0.0010323491,0
66960cd5cf93aa43,benign_baseline,test_text,0,0.0010400137,0
df759c133c2784ca,benign_baseline,test_text,0,0.0010453624,0
5110bf8c8d7d4d7a,benign_baseline,test_text,0,0.0010408261,0
d22a73279ab3785f,benign_baseline,test_text,0,0.0010402026,0
55dd99fcf9d04878,benign_baseline,test_text,0,0.0010431563,0
c4508dc065f7bd22,benign_baseline,test_text,0,0.0010928779,0
a0d6c329b7a802e5,benign_baseline,test_text,0,0.0010400262,0
fd75d899d6867472,benign_baseline,test_text,0,0.0010491507,0
537fbaa9f9ada105,benign_baseline,test_text,0,0.0010475706,0
10f2ba60e1738129,benign_baseline,test_text,0,0.0010926938,0
8573c78e61f88df5,benign_baseline,test_text,0,0.0010499657,0
9cce6ac68d983659,benign_baseline,test_text,0,0.00105064,0
e25487f21e5e4fe3,benign_baseline,test_text,0,0.0010358088,0
a65be83b5cf88efc,benign_baseline,test_text,0,0.0011095755,0
fe15ee47d7d3e2e9,benign_baseline,test_text,0,0.001066769,0
28600112323ed9e1,benign_baseline,test_text,0,0.001032026,0
7031db88b3536cbb,benign_baseline,test_text,0,0.0010370658,0
270ba6454e2f8460,benign_baseline,test_text,0,0.0010289899,0
511b3517681a0a6c,benign_baseline,test_text,0,0.0010458496,0
a716d2f0a762398c,benign_baseline,test_text,0,0.0010533961,0
7a9acad89c0faa23,benign_baseline,test_text,0,0.0010479371,0
44b6eee2ff5724ff,benign_baseline,test_text,0,0.0010397101,0
540f6d4ac6878c03,benign_baseline,test_text,0,0.0010412782,0
3384711c73dc4107,benign_baseline,test_text,0,0.0010436832,0
b911a72c4cfbe964,benign_baseline,test_text,0,0.0010848541,0
5677fcc22cd3e50c,benign_baseline,test_text,0,0.0010400137,0
73d2f3587d07e537,benign_baseline,test_text,0,0.0010573938,0
2bbf6fe6acc49458,benign_baseline,test_text,0,0.0010399299,0
81ff29b602a49d79,benign_baseline,test_text,0,0.001043052,0
ac6d9fc0cc470c3b,benign_baseline,test_text,0,0.0010390517,0
360053f9bcb378f3,benign_baseline,test_text,0,0.0010479371,0
ae07bc961fe48665,benign_baseline,test_text,0,0.0010370915,0
70cc5d28065d4865,benign_baseline,test_text,0,0.0010925198,0
d25c9144fa87e865,benign_baseline,test_text,0,0.0010351775,0
5235cfd3262ebd91,benign_baseline,test_text,0,0.0010371499,0
c163f779408221af,benign_baseline,test_text,0,0.0010420772,0
85def2baea5f538f,benign_baseline,test_text,0,0.001032026,0
0833a6b7664b0584,benign_baseline,test_text,0,0.0010555133,0
d91d230cdb3fe8c3,benign_baseline,test_text,0,0.001041458,0
96465c74eccda30d,benign_baseline,test_text,0,0.0010448357,0
6fc7151809ee4d87,benign_baseline,test_text,0,0.0010400262,0
77eadc35981f0e89,benign_baseline,test_text,0,0.0010839371,0
4251ebb784cce2b8,benign_baseline,test_text,0,0.0010617382,0
5db207e815d742af,benign_baseline,test_text,0,0.0010475706,0
9f8deb17c902d203,benign_baseline,test_text,0,0.0010895017,0
f01727192f18e885,benign_baseline,test_text,0,0.001038173,0
30236873ec883611,benign_baseline,test_text,0,0.0010458496,0
baf02658b74debe6,benign_baseline,test_text,0,0.001045005,0
edd11f01f81062e7,benign_baseline,test_text,0,0.001043052,0
0a5d29b3de6453a0,benign_baseline,test_text,0,0.0010399299,0
d3ccb6145fe6fbc8,benign_baseline,test_text,0,0.0010493606,0
a07ee1d0cb2cdc63,benign_baseline,test_text,0,0.0010531904,0
efaf44d6b33d51a7,benign_baseline,test_text,0,0.0010495955,0
a75d9333d9836baf,benign_baseline,test_text,0,0.0010848541,0
93a96c6a9e971ae0,benign_baseline,test_text,0,0.0010365946,0
696c249fb69235f8,benign_baseline,test_text,0,0.0011095755,0
5708733806984554,benign_baseline,test_text,0,0.0010845341,0
6a9a0ab526f93777,benign_baseline,test_text,0,0.0010356191,0
fdb5c1c34e922e90,benign_baseline,test_text,0,0.0010586649,0
cd923897010fbfd1,benign_baseline,test_text,0,0.001032026,0
667bf99f95139927,benign_baseline,test_text,0,0.0010656842,0
eeb0a583b39a9f85,benign_baseline,test_text,0,0.0010404314,0
20e581567f6a5e4a,benign_baseline,test_text,0,0.0010492556,0
ec98d939c8aa84a7,benign_baseline,test_text,0,0.0010694248,0
3e1635b0c26b6beb,benign_baseline,test_text,0,0.0010479371,0
6f4ff1561b215b6a,benign_baseline,test_text,0,0.0010451582,0
2a373103974d29d4,benign_baseline,test_text,0,0.0010475706,0
b8fd315a9abd6663,benign_baseline,test_text,0,0.001043052,0
76c126bf6f1f2296,benign_baseline,test_text,0,0.0010409926,0
754806bb4d71309b,benign_baseline,test_text,0,0.0010397101,0
a29c20f560431083,benign_baseline,test_text,0,0.0010435206,0
4f9c95f7b0bad549,benign_baseline,test_text,0,0.0010375372,0
20c5b36493654960,benign_baseline,test_text,0,0.0010289899,0
2f295705cb26c361,benign_baseline,test_text,0,0.0010397101,0
aaa08db72ad9a60a,benign_baseline,test_text,0,0.0010848541,0
009e4c6dc74682aa,benign_baseline,test_text,0,0.0010561872,0
390290a4dac18893,benign_baseline,test_text,0,0.0010461974,0
3f6eb2f4be137dbe,benign_baseline,test_text,0,0.0010324188,0
a318b2fd0dbded95,benign_baseline,test_text,0,0.0010365946,0
aa0c63a91b74bcae,benign_baseline,test_text,0,0.0010524121,0
973b8c8fca94732e,benign_baseline,test_text,0,0.0010856392,0
e13d2dc2470487ce,benign_baseline,test_text,0,0.0010561872,0
57068ea187eb2bf6,benign_baseline,test_text,0,0.001035874,0
ca058a6a21a22d60,benign_baseline,test_text,0,0.0010404314,0
d3dd4ce720170e60,benign_baseline,test_text,0,0.001045005,0
0fc71dcec6a047e7,benign_baseline,test_text,0,0.0010363094,0
578c644b30b98905,benign_baseline,test_text,0,0.0010848541,0
29bae5f5363cc1ab,benign_baseline,test_text,0,0.0010400262,0
50ce601ea5f4f23c,benign_baseline,test_text,0,0.001038173,0
2fef56660d3c9879,benign_baseline,test_text,0,0.0010436832,0
79eca29e980d823b,benign_baseline,test_text,0,0.0010545946,0
304a9a7d79713184,benign_baseline,test_text,0,0.001043052,0
4c6ab8c48aecf3b6,benign_baseline,test_text,0,0.0010398339,0
14c6527f0e15989b,benign_baseline,test_text,0,0.0010451582,0
44d80642c052b759,benign_baseline,test_text,0,0.0010376321,0
15a8581a662220d9,benign_baseline,test_text,0,0.0010400262,0
e109fb7bee2b5eac,benign_baseline,test_text,0,0.0010341331,0
5db38ecd923b49c4,benign_baseline,test_text,0,0.0010324188,0
7159ccefaf062d24,benign_baseline,test_text,0,0.0010693101,0
e6642d1646bd3be4,benign_baseline,test_text,0,0.001045014,0
bbc0f0028eb82401,benign_baseline,test_text,0,0.0010573989,0
f8b45895e5da767a,benign_baseline,test_text,0,0.0010870529,0
92a4537b1a52a7f7,benign_baseline,test_text,0,0.0011095755,0
74774e984f1a2769,benign_baseline,test_text,0,0.0010420772,0
5d445509d466b5f2,benign_baseline,test_text,0,0.0010506461,0
04763f2c42b63fa6,benign_baseline,test_text,0,0.0010376741,0
88aa03b56dac83fb,benign_baseline,test_text,0,0.0010404314,0
a47a3a76ada508ac,benign_baseline,test_text,0,0.0010375372,0
904bb19a14484b12,benign_baseline,test_text,0,0.0010700265,0
3c0241431c902cac,benign_baseline,test_text,0,0.0010491337,0
6ee64bdc05edc672,benign_baseline,test_text,0,0.0010324912,0
38cd9c54046cbeab,benign_baseline,test_text,0,0.0010458496,0
4e728075645de1f8,benign_baseline,test_text,0,0.0010431563,0
1e2311bd7837059d,benign_baseline,test_text,0,0.001047014,0
d95379f3f28f7a0c,benign_baseline,test_text,0,0.0010451577,0
764ef550ceafe41b,benign_baseline,test_text,0,0.0010397101,0
23f5e08aab86f599,benign_baseline,test_text,0,0.0010583749,0
e9f576e690badb4a,benign_baseline,test_text,0,0.0010565454,0
589ab26840802ba7,benign_baseline,test_text,0,0.0010436832,0
c63e67d7da918b29,benign_baseline,test_text,0,0.0010997064,0
6e17cd1b3a118b45,benign_baseline,test_text,0,0.0010402272,0
1b154f039ba32112,benign_baseline,test_text,0,0.0010561872,0
11d771cb9fe6c688,benign_baseline,test_text,0,0.0010448507,0
92de4c8cce340842,benign_baseline,test_text,0,0.0010573989,0
3f943a3d051ace0c,benign_baseline,test_text,0,0.0010408261,0
80e4cc0753aa31b4,benign_baseline,test_text,0,0.0010590794,0
a02cff9b18d05b39,benign_baseline,test_text,0,0.001056772,0
a232f87321d1340b,benign_baseline,test_text,0,0.0010493106,0
c347aa20795900aa,benign_baseline,test_text,0,0.0010899615,0
0213f72b46d53bbb,benign_baseline,test_text,0,0.0010353294,0
a28aad50dc8d79cc,benign_baseline,test_text,0,0.0010668839,0
ad7d06e79ae17248,benign_baseline,test_text,0,0.0010391021,0
77ba2b69403d98d3,benign_baseline,test_text,0,0.0010404314,0
2bf67a244a90cb15,benign_baseline,test_text,0,0.0010848541,0
3da381b9f43f9f3a,benign_baseline,test_text,0,0.0011161312,0
8d6def055b9b167f,benign_baseline,test_text,0,0.0010586709,0
23fba08df75bd393,benign_baseline,test_text,0,0.0010289899,0
689f19540bdf434e,benign_baseline,test_text,0,0.0010465502,0
83e7b406361867c2,benign_baseline,test_text,0,0.0010475706,0
6f3f57719ed03768,benign_baseline,test_text,0,0.0010540937,0
ed852b9963875459,benign_baseline,test_text,0,0.0010400262,0
81a8ee655f2c1812,benign_baseline,test_text,0,0.0010448357,0
5a2c54cb294c5995,benign_baseline,test_text,0,0.0010430913,0
e01ba7c3b7121a2f,benign_baseline,test_text,0,0.001043052,0
fb5416073f35a5da,benign_baseline,test_text,0,0.0010458496,0
76aa1e26a2ab0102,benign_baseline,test_text,0,0.0010549981,0
c7cfaa4aaf295adf,benign_baseline,test_text,0,0.0010400262,0
9e3c5d508c0d344d,benign_baseline,test_text,0,0.0011095755,0
44ba35e29e277e0b,benign_baseline,test_text,0,0.0010581904,0
ce4d441aa9bdcdac,benign_baseline,test_text,0,0.0010324188,0
00d836124f449e66,benign_baseline,test_text,0,0.0010413418,0
8542a59c08a88c18,benign_baseline,test_text,0,0.0010376321,0
774d7f02c96fc06d,benign_baseline,test_text,0,0.0010925876,0
d2856679c65544d2,benign_baseline,test_text,0,0.0010479371,0
731cd4bd586ce2d0,benign_baseline,test_text,0,0.0010912796,0
1482d712e6da129a,benign_baseline,test_text,0,0.0010357463,0
1051e4377e9d573d,benign_baseline,test_text,0,0.0010317257,0
2d09645d257d9894,benign_baseline,test_text,0,0.001041458,0
2a628f1e9d9f8e33,benign_baseline,test_text,0,0.0010451577,0
ad2c18a599011704,benign_baseline,test_text,0,0.001043052,0
0d4e15d3c5408099,benign_baseline,test_text,0,0.0010480777,0
9fdf474584407caf,benign_baseline,test_text,0,0.0010451582,0
63005826b63bf819,benign_baseline,test_text,0,0.0010436832,0
c8739add398024c2,benign_baseline,test_text,0,0.0010848541,0
022aca1d30077623,benign_baseline,test_text,0,0.0010397101,0
77342166bf6f65fa,benign_baseline,test_text,0,0.0010876288,0
d45c173cbf248b3b,benign_baseline,test_text,0,0.0010457818,0
7c4401afd4974fa6,benign_baseline,test_text,0,0.0010324076,0
74b8284ab83ea5ed,benign_baseline,test_text,0,0.0010345412,0
38e6e61961ee6afd,benign_baseline,test_text,0,0.0010453624,0
129684ccb2b9c2db,benign_baseline,test_text,0,0.0010479371,0
00b8255eaa65ccc1,benign_baseline,test_text,0,0.0010399299,0
4160554a79fc8ebd,benign_baseline,test_text,0,0.0011095755,0
9579c41f02314d9b,benign_baseline,test_text,0,0.0010375372,0
0dc80939d0a08e7f,benign_baseline,test_text,0,0.0010448586,0
6a9fd2bbd40c9f36,benign_baseline,test_text,0,0.0010365946,0
405b341d54639c32,benign_baseline,test_text,0,0.0010573989,0
3cfe12eec75500a6,benign_baseline,test_text,0,0.0010479371,0
4cd9590423387bc1,benign_baseline,test_text,0,0.0010358593,0
13e19f27a453d05c,benign_baseline,test_text,0,0.0010924804,0
05bb40ec21eb940b,benign_baseline,test_text,0,0.0010413418,0
63698d48fa7b5738,benign_baseline,test_text,0,0.001045005,0
9638f056fbb43579,benign_baseline,test_text,0,0.0010404314,0
9b9a03000b012025,benign_baseline,test_text,0,0.0010521745,0
1abedd1e1d940000,benign_baseline,test_text,0,0.0010461974,0
b7da17e8f8ffbce8,benign_baseline,test_text,0,0.0010427376,0
5dae4747e8602a48,benign_baseline,test_text,0,0.0010848541,0
d871677daa9b08f1,benign_baseline,test_text,0,0.0010497796,0
cefb8af386d563d4,benign_baseline,test_text,0,0.0010475706,0
3428bc1d58035261,benign_baseline,test_text,0,0.0010400262,0
16656d930756806a,benign_baseline,test_text,0,0.0010451582,0
4b35823e7fad9355,benign_baseline,test_text,0,0.0010400262,0
5341a1e64762deb2,benign_baseline,test_text,0,0.0010436832,0
ec3ae8967c49397f,benign_baseline,test_text,0,0.0010874154,0
db74977720b3278f,benign_baseline,test_text,0,0.0010324076,0
1801e16741839572,benign_baseline,test_text,0,0.0010376321,0
0967185118701d2c,benign_baseline,test_text,0,0.0010371499,0
f670696cb2e9fbf5,benign_baseline,test_text,0,0.001052184,0
7f10ac30ba30bd0a,benign_baseline,test_text,0,0.0010479371,0
f7820375eeb302da,benign_baseline,test_text,0,0.0010878481,0
f339e9715e4902de,benign_baseline,test_text,0,0.001036966,0
5769f04c56b083b3,benign_baseline,test_text,0,0.0011084926,0
d49dc56a9cebc7bc,benign_baseline,test_text,0,0.0010404314,0
f97b945616b32c5c,benign_baseline,test_text,0,0.0010641635,0
ddeca4127ca40070,benign_baseline,test_text,0,0.0010594416,0
14356b230d4d3fe1,benign_baseline,test_text,0,0.0010482614,0
3449ba72d14e29f8,benign_baseline,test_text,0,0.0010391036,0
9ef5740e5f0dfc61,benign_baseline,test_text,0,0.0010461974,0
e4df0e6ba071528d,benign_baseline,test_text,0,0.0010289899,0
0f0d3ab64a1bec22,benign_baseline,test_text,0,0.0010886479,0
49741a445a779099,benign_baseline,test_text,0,0.0010506461,0
0e4c122f6e48db55,benign_baseline,test_text,0,0.0010477727,0
b5a27e85ee667dfa,benign_baseline,test_text,0,0.0010451582,0
6b285d2d93a05b61,benign_baseline,test_text,0,0.0010400262,0
df6aed53a2f6c5fc,benign_baseline,test_text,0,0.001043052,0
ad85e0e102de6ace,benign_baseline,test_text,0,0.001055381,0
d1b57228d0b7fb9d,benign_baseline,test_text,0,0.0010435206,0
20c46847376b7d1a,benign_baseline,test_text,0,0.0010848541,0
1977c4c32739cde8,benign_baseline,test_text,0,0.0010594416,0
72ba8363735558d9,benign_baseline,test_text,0,0.0010329402,0
a110c9007f53ad0c,benign_baseline,test_text,0,0.0010365946,0
6d2f80b14b7aa704,benign_baseline,test_text,0,0.0010362738,0
5ffe9316941ee89e,benign_baseline,test_text,0,0.0010914194,0
181f60cd38aa2998,benign_baseline,test_text,0,0.0010375372,0
121e38ae8b161651,benign_baseline,test_text,0,0.0010479371,0
e80c5b23fc47da6a,benign_baseline,test_text,0,0.0010641635,0
59ff4186ec08027e,benign_baseline,test_text,0,0.0010413418,0
f86d2e51ef88f944,benign_baseline,test_text,0,0.0010873072,0
f1fd3aa45fe1dfe3,benign_baseline,test_text,0,0.0010404314,0
a6b507adf6de818c,benign_baseline,test_text,0,0.0010431563,0
0222693a0503129d,benign_baseline,test_text,0,0.0010329402,0
ef355e5ef1177a30,benign_baseline,test_text,0,0.0010531143,0
a56bf30a0274a596,benign_baseline,test_text,0,0.0010700265,0
4dea1941c9418447,benign_baseline,test_text,0,0.0010533088,0
81ae12a2485d01c3,benign_baseline,test_text,0,0.0010494635,0
3487c4ed08358031,benign_baseline,test_text,0,0.0010594416,0
9343b109c57c5d11,benign_baseline,test_text,0,0.001045005,0
486584695c730303,benign_baseline,test_text,0,0.0010397101,0
fc5480137af2aa5d,benign_baseline,test_text,0,0.0010606087,0
f61de86892b29554,benign_baseline,test_text,0,0.0010561872,0
bbb781a4e07fc5e1,benign_baseline,test_text,0,0.0010429671,0
ec749221f42a8e86,benign_baseline,test_text,0,0.0010531904,0
c7012e1c57cfee61,benign_baseline,test_text,0,0.0010492556,0
11c39fdf5ef73eef,benign_baseline,test_text,0,0.0010452251,0
30650929a974ad2a,benign_baseline,test_text,0,0.0010412341,0
18236a0b4dffd624,benign_baseline,test_text,0,0.0010451602,0
2cd5fba6a9ccac5f,benign_baseline,test_text,0,0.0010402272,0
11792c66ed752d73,benign_baseline,test_text,0,0.0010371499,0
e2db8e3b40c6d8d5,benign_baseline,test_text,0,0.0010494635,0
fe883eb011e6bc96,benign_baseline,test_text,0,0.0010475706,0
f7af9a59b2384c74,benign_baseline,test_text,0,0.0010362738,0
d3c5677b809979f1,benign_baseline,test_text,0,0.0010909032,0
f4aab50bfed0d0a1,benign_baseline,test_text,0,0.0010479371,0
f05d205e0157f59d,benign_baseline,test_text,0,0.0010375372,0
9530499fe9a0ffb8,benign_baseline,test_text,0,0.0010411593,0
7e1238e0ad649006,benign_baseline,test_text,0,0.0010354754,0
9b5bc0c725385aae,benign_baseline,test_text,0,0.0010903936,0
482913e9eaca0dea,benign_baseline,test_text,0,0.0010641635,0
8e061a591a040da9,benign_baseline,test_text,0,0.0010508888,0
94078423828bd05f,benign_baseline,test_text,0,0.001045005,0
ff017f40af9af125,benign_baseline,test_text,0,0.0010427376,0
1713c063849e24fc,benign_baseline,test_text,0,0.0010436832,0
8f94f26236ebc0e0,benign_baseline,test_text,0,0.0010400262,0
c30640bc8d0742bd,benign_baseline,test_text,0,0.0011095755,0
285070bd6394260c,benign_baseline,test_text,0,0.0010463976,0
6e37b0e0a71983f6,benign_baseline,test_text,0,0.0010451582,0
95802d80b38a6fba,benign_baseline,test_text,0,0.0010345412,0
68916f4a20238672,benign_baseline,test_text,0,0.0010400262,0
f0f28da1c30e4042,benign_baseline,test_text,0,0.0010480158,0
88578cde4fdf4949,benign_baseline,test_text,0,0.0010884937,0
01388d19a4971181,benign_baseline,test_text,0,0.0010848541,0
c79344db2b5b3d53,benign_baseline,test_text,0,0.0010641635,0
93b636e41301d4aa,benign_baseline,test_text,0,0.0010404314,0
6f201682a45feaf7,benign_baseline,test_text,0,0.001045014,0
aa4e722c55b5a373,benign_baseline,test_text,0,0.0010362738,0
2b65cb80238c54cb,benign_baseline,test_text,0,0.0010346313,0
306175ceddf165d8,benign_baseline,test_text,0,0.0010494635,0
7ac8f7388ed36df1,benign_baseline,test_text,0,0.0010491986,0
9642e991259fb99d,benign_baseline,test_text,0,0.0010473931,0
1d06aea9e0d8df40,benign_baseline,test_text,0,0.0010491986,0
89763c3e7b7e5c8f,benign_baseline,test_text,0,0.001041458,0
6499b0d2b24f4922,benign_baseline,test_text,0,0.0010286915,0
1aecd6d7fc6c8a6b,benign_baseline,test_text,0,0.0010502837,0
010198d6a2ab267f,benign_baseline,test_text,0,0.0010458496,0
f8bc02f9f3da0385,benign_baseline,test_text,0,0.0010848541,0
59d73a852e6bc6fd,benign_baseline,test_text,0,0.0010391021,0
37c1c040c82106af,benign_baseline,test_text,0,0.0010475706,0
61cf4b7957df68c1,benign_baseline,test_text,0,0.001043052,0
4c8fdfbfec90080f,benign_baseline,test_text,0,0.0010431837,0
bb653ca9057be7b5,benign_baseline,test_text,0,0.0010491337,0
490d42bcd701e36c,benign_baseline,test_text,0,0.0010397101,0
f4d9cd81fd0fdc0e,benign_baseline,test_text,0,0.0010435206,0
b04def8202331b5f,benign_baseline,test_text,0,0.0010361722,0
2abfc7f7a8e4bb49,benign_baseline,test_text,0,0.0010391036,0
20422af7dada851f,benign_baseline,test_text,0,0.0010247921,0
405cbb87f4aef50c,benign_baseline,test_text,0,0.00105064,0
0f2d2426bebd5be3,benign_baseline,test_text,0,0.0010358593,0
6e3c5127dc10dc28,benign_baseline,test_text,0,0.0010537043,0
c8163f031111b280,benign_baseline,test_text,0,0.0010908108,0
d4b947d957929f75,benign_baseline,test_text,0,0.0010340066,0
d67484a78675b798,benign_baseline,test_text,0,0.0010645945,0
950d7d16f7b3604e,benign_baseline,test_text,0,0.0010855669,0
d16cb9a783901454,benign_baseline,test_text,0,0.0010586649,0
07d1bc82bd74252c,benign_baseline,test_text,0,0.0011095755,0
3d2c3691f69a4571,benign_baseline,test_text,0,0.0010451577,0
bbda8c0c98580e16,benign_baseline,test_text,0,0.001037604,0
b2c367e03e8491a2,benign_baseline,test_text,0,0.001094422,0
3ab1919a6b301a7b,benign_baseline,test_text,0,0.0010374691,0
37e532ef8c1bf696,benign_baseline,test_text,0,0.0010310024,0
803baca822a8e09c,benign_baseline,test_text,0,0.0010367437,0
281bf40625d7a84f,benign_baseline,test_text,0,0.0010436832,0
5b34c36e3993908a,benign_baseline,test_text,0,0.0010848541,0
17bb55aa9a7329ab,benign_baseline,test_text,0,0.0010427376,0
65d133071c82f571,benign_baseline,test_text,0,0.0010355543,0
22b881ea45cdfde3,benign_baseline,test_text,0,0.0010448357,0
eff09fe2d5e78be2,benign_baseline,test_text,0,0.001047014,0
c00a6c60101c9eb8,benign_baseline,test_text,0,0.0010493106,0
9e301fabab7b9f58,benign_baseline,test_text,0,0.0010458496,0
badd0167a6fe7a1b,benign_baseline,test_text,0,0.0010561872,0
2a2e688c386c16d4,benign_baseline,test_text,0,0.0011095755,0
01d8ebe818abe5e2,benign_baseline,test_text,0,0.0010400262,0
d7604eb91a6f2865,benign_baseline,test_text,0,0.0010368831,0
c2dc1a6d48899f72,benign_baseline,test_text,0,0.0010479371,0
4b02414d3072c5ee,benign_baseline,test_text,0,0.0010900956,0
052a7dc0b0d94034,benign_baseline,test_text,0,0.0010399299,0
405acd7a7bb1d495,benign_baseline,test_text,0,0.0010413418,0
a8b7d9beff550b35,benign_baseline,test_text,0,0.0010329402,0
99815581217aba06,benign_baseline,test_text,0,0.0010565213,0
296746b9027e1f90,benign_baseline,test_text,0,0.0010898251,0
58f890ed24da0ac5,benign_baseline,test_text,0,0.0010410869,0
b44ae4f3c424dfdc,benign_baseline,test_text,0,0.0010431563,0
c428a27d7b019ddd,benign_baseline,test_text,0,0.0010495976,0
40f94555e9f1fef2,benign_baseline,test_text,0,0.0010448507,0
d8d62f9e921cde95,benign_baseline,test_text,0,0.0010436832,0
70edbdafa6b311b2,benign_baseline,test_text,0,0.0010497796,0
721d87a3bd0b78a1,benign_baseline,test_text,0,0.0010345412,0
1ccd5c0d76a9dbd2,benign_baseline,test_text,0,0.0010848541,0
44724555a7e22c7b,benign_baseline,test_text,0,0.0010329402,0
28ac7f47e4a52fa6,benign_baseline,test_text,0,0.0010397101,0
e7f7b7fab9ba8dc6,benign_baseline,test_text,0,0.0010479371,0
6a9dbdce16cfface,benign_baseline,test_text,0,0.001045014,0
7d733e18df075b8c,benign_baseline,test_text,0,0.0010402272,0
bb6768360a61e27d,benign_baseline,test_text,0,0.001022808,0
547ea2f70a11c89e,benign_baseline,test_text,0,0.0010451577,0
d633643920d8f57f,benign_baseline,test_text,0,0.0010373356,0
fa624f94d7b1282c,benign_baseline,test_text,0,0.0010356643,0
7d2ca61d3e31e542,benign_baseline,test_text,0,0.0010371499,0
92b55200f1c72acb,benign_baseline,test_text,0,0.0010561872,0
763ceb807e052501,benign_baseline,test_text,0,0.0010891617,0
fc8260506299487a,benign_baseline,test_text,0,0.0010901858,0
eb2dc0d513f49ac4,benign_baseline,test_text,0,0.001038173,0
84c28b11e0da3253,benign_baseline,test_text,0,0.0010700265,0
7fe3537975859842,benign_baseline,test_text,0,0.0010427376,0
c61dd75b79c86492,benign_baseline,test_text,0,0.0010451582,0
8a66439d617c09e6,benign_baseline,test_text,0,0.0010648095,0
9e47c80c2e55bf5c,benign_baseline,test_text,0,0.0010400262,0
dcde0b8341432870,benign_baseline,test_text,0,0.0010475706,0
30380072dd980d76,benign_baseline,test_text,0,0.00104225,0
7b0965126feec76d,benign_baseline,test_text,0,0.0010508888,0
e7dc260ba5d80d05,benign_baseline,test_text,0,0.0010458496,0
7ec42535f98c6f24,benign_baseline,test_text,0,0.0010324076,0
805453e867c696ef,benign_baseline,test_text,0,0.0010430913,0
7351ce8dd60c8f7a,benign_baseline,test_text,0,0.0010289899,0
b34661308585b94a,benign_baseline,test_text,0,0.0010805976,0
42e65f339c5da46a,benign_baseline,test_text,0,0.0010389684,0
5ede86fa9609cdea,benign_baseline,test_text,0,0.0010498436,0
0795db248f0b2074,benign_baseline,test_text,0,0.0010493106,0
8625dbe07357f966,benign_baseline,test_text,0,0.0010410869,0
96ef0037ce1b2732,benign_baseline,test_text,0,0.0011095755,0
c895787452326ee3,benign_baseline,test_text,0,0.0010892547,0
785eae1bb2160433,benign_baseline,test_text,0,0.0010363439,0
cec733b1b0930d8b,benign_baseline,test_text,0,0.0010573989,0
213bf6507350f7a9,benign_baseline,test_text,0,0.0010572458,0
e82b4b8c8c63af67,benign_baseline,test_text,0,0.0010708827,0
3182d480d8d87063,benign_baseline,test_text,0,0.0010494635,0
d37d35d5d65f4e1d,benign_baseline,test_text,0,0.0010410869,0
c67800d4fd2bf322,benign_baseline,test_text,0,0.0010375372,0
38fcbfb139fba3c7,benign_baseline,test_text,0,0.001087315,0
72011c78db218dd3,benign_baseline,test_text,0,0.0010448507,0
56ae2a47170a73c3,benign_baseline,test_text,0,0.0010497612,0
b06f2b3b37fd6f7e,benign_baseline,test_text,0,0.0010400262,0
762e9fedc86e6e06,benign_baseline,test_text,0,0.0010436832,0
91089b8cba6f1812,benign_baseline,test_text,0,0.0010368594,0
5c6e8870bfa4a4d3,benign_baseline,test_text,0,0.0010451577,0
bb3fe6e43b7cface,benign_baseline,test_text,0,0.0010461974,0
f9b9ff83f39d3369,benign_baseline,test_text,0,0.0010403418,0
7e16534a8afbf004,benign_baseline,test_text,0,0.0010475706,0
387bcce52ac8051f,benign_baseline,test_text,0,0.0010479371,0
2b446912deb7be89,benign_baseline,test_text,0,0.0010427376,0
13af274c2c922162,benign_baseline,test_text,0,0.0010397101,0
8f81563ca2badfe8,benign_baseline,test_text,0,0.0010848541,0
7a384cd94050c399,benign_baseline,test_text,0,0.0011095755,0
18438338ec068820,benign_baseline,test_text,0,0.0010324076,0
620b4454a96083a3,benign_baseline,test_text,0,0.0010368974,0
01e6f11a0dbf4c3c,benign_baseline,test_text,0,0.0010894155,0
6c61dfe4a26f3ff0,benign_baseline,test_text,0,0.0010355543,0
702bbfd6bc1a0b23,benign_baseline,test_text,0,0.0010531143,0
b56735d81c3a2c53,benign_baseline,test_text,0,0.0010413418,0
a50f86034d371705,benign_baseline,test_text,0,0.0010427376,0
2dfac210e1446c03,benign_baseline,test_text,0,0.0010451577,0
282b524f17f170bf,benign_baseline,test_text,0,0.0010451602,0
a778a3a50e361686,benign_baseline,test_text,0,0.0010470399,0
2fea4a16ae885ca2,benign_baseline,test_text,0,0.0010324912,0
c1fc9df58bb7228c,benign_baseline,test_text,0,0.0010410869,0
54684618427fd820,benign_baseline,test_text,0,0.0010436832,0
946f0cf906166a24,benign_baseline,test_text,0,0.0010368831,0
1841924f1dd05a9c,benign_baseline,test_text,0,0.0010495976,0
ab7ba119978399d2,benign_baseline,test_text,0,0.0010398955,0
52d276b6c04081ef,benign_baseline,test_text,0,0.0010947374,0
344796443a42eeb7,benign_baseline,test_text,0,0.0010397101,0
10d2fb1879f8be57,benign_baseline,test_text,0,0.0010475706,0
40c67bafa6c315f3,benign_baseline,test_text,0,0.0011095755,0
ee0f34995c015a50,benign_baseline,test_text,0,0.0010458496,0
382a8d30323efa80,benign_baseline,test_text,0,0.0010848541,0
677dfdc817a34b6b,benign_baseline,test_text,0,0.0010413418,0
7e9df28901a396aa,benign_baseline,test_text,0,0.0010397101,0
aea841680597349d,benign_baseline,test_text,0,0.00105064,0
708386ea610a84c2,benign_baseline,test_text,0,0.0010361722,0
eed39e3dbec6906d,benign_baseline,test_text,0,0.0010866378,0
394a9f041688fb0b,benign_baseline,test_text,0,0.0010351676,0
65c610a0cc4f7c7c,benign_baseline,test_text,0,0.0010415482,0
e4b94768607bd754,benign_baseline,test_text,0,0.0010395665,0
dbfcd20c42250c33,benign_baseline,test_text,0,0.001043052,0
4201a29143d18165,benign_baseline,test_text,0,0.0010451582,0
1d36d6dc32c226a8,benign_baseline,test_text,0,0.0010848541,0
e2c0a94c4cf11250,benign_baseline,test_text,0,0.0010557261,0
8ac8dbbda42e491a,benign_baseline,test_text,0,0.0010435206,0
2cc5df55afd57639,benign_baseline,test_text,0,0.0010286915,0
8e4bc4ccd8a6b508,benign_baseline,test_text,0,0.0010400262,0
a3e57983d07d4b9a,benign_baseline,test_text,0,0.0010477374,0
ca8561a81f6076c4,benign_baseline,test_text,0,0.0010341331,0
270b818ac3bdd4eb,benign_baseline,test_text,0,0.0010399299,0
3a5510db8ddbf51b,benign_baseline,test_text,0,0.001088428,0
a774555d37210ba2,benign_baseline,test_text,0,0.0010453624,0
c05bb6e47a5f6a4f,benign_baseline,test_text,0,0.0010355543,0
12f6a7338c4a97b4,benign_baseline,test_text,0,0.0010524121,0
5aebfce0c662ed79,benign_baseline,test_text,0,0.0010324188,0
d411ea9a705d0d93,benign_baseline,test_text,0,0.0011573308,0
92ddac278ae325e9,benign_baseline,test_text,0,0.0010864007,0
b4b519505e7e0f20,benign_baseline,test_text,0,0.0010479371,0
274041843feda78d,benign_baseline,test_text,0,0.0010413418,0
6f53955ad8aa01cd,benign_baseline,test_text,0,0.0010351775,0
95e85399d2ff1ccb,benign_baseline,test_text,0,0.0010376608,0
8be2283689013681,benign_baseline,test_text,0,0.0010404314,0
a5d7d33b4b44cc31,benign_baseline,test_text,0,0.0010420772,0
89a392e2b571ef6e,benign_baseline,test_text,0,0.0011008799,0
708b85282901b902,benign_baseline,test_text,0,0.0010451577,0
9250dcb39f394b45,benign_baseline,test_text,0,0.0010478667,0
41fa11155226fb68,benign_baseline,test_text,0,0.0010848541,0
78b184c130dccfee,benign_baseline,test_text,0,0.0010358326,0
7c4d4a3996e5e0a5,benign_baseline,test_text,0,0.0010431563,0
b6a53d758f0bed44,benign_baseline,test_text,0,0.001043271,0
c3506231551c5d66,benign_baseline,test_text,0,0.0010397101,0
d20c5f193c17b34d,benign_baseline,test_text,0,0.0010533961,0
7609720e2c4d5cc2,benign_baseline,test_text,0,0.0011095755,0
192e57cf8b32b68b,benign_baseline,test_text,0,0.0010475706,0
dbbb69ffecfb576e,benign_baseline,test_text,0,0.0010461974,0
8fbd992dd1c4acf4,benign_baseline,test_text,0,0.0010361722,0
4f3d48cc85d2493d,benign_baseline,test_text,0,0.0010479371,0
3455c5ea01e24999,benign_baseline,test_text,0,0.0010399299,0
9843a4394ffe2a8f,benign_baseline,test_text,0,0.0010324188,0
8ef6be6495193dc5,benign_baseline,test_text,0,0.0010883647,0
310e7622df923e53,benign_baseline,test_text,0,0.0010524121,0
5c8f74657e8e99a6,benign_baseline,test_text,0,0.0010357699,0
d4cb349dce5da0ec,benign_baseline,test_text,0,0.0010404314,0
09d87baeb494c72a,benign_baseline,test_text,0,0.0010478667,0
414d796d4e0737dc,benign_baseline,test_text,0,0.0010561872,0
119ecf885269dc97,benign_baseline,test_text,0,0.0010436832,0
905b8ecfebf30cb5,benign_baseline,test_text,0,0.0010436091,0
ec53ac2def8aaa95,benign_baseline,test_text,0,0.0010397101,0
d1d574dceb9edb81,benign_baseline,test_text,0,0.0010700265,0
70de029177d4cdeb,benign_baseline,test_text,0,0.0010910808,0
a6de3f3ff810eb68,benign_baseline,test_text,0,0.0010477727,0
f98541a68d80c8bf,benign_baseline,test_text,0,0.001043052,0
081d34df3303a023,benign_baseline,test_text,0,0.0010588212,0
c239f7ad65b9fc38,benign_baseline,test_text,0,0.0010397101,0
7d416b574385e42f,benign_baseline,test_text,0,0.0010401778,0
2d5b5b82e821b3e4,benign_baseline,test_text,0,0.0011095755,0
d9b13d1e88984183,benign_baseline,test_text,0,0.0010461974,0
1e4401ffc7628a8e,benign_baseline,test_text,0,0.001041127,0
2aa3d8e8c5b0c1c2,benign_baseline,test_text,0,0.00105064,0
1d9126e43c570fd7,benign_baseline,test_text,0,0.0010451582,0
667388873422cc3a,benign_baseline,test_text,0,0.0010324188,0
f4e1f31a41095fa1,benign_baseline,test_text,0,0.0010380647,0
c005afcceb83e923,benign_baseline,test_text,0,0.0010874118,0
435a4c65f37efede,benign_baseline,test_text,0,0.0010524121,0
17d5e90a44aff80d,benign_baseline,test_text,0,0.0010362738,0
7a995f1055e1b2e9,benign_baseline,test_text,0,0.0010608713,0
d17db0e6e981da85,benign_baseline,test_text,0,0.0010451602,0
858248cb0cd30953,benign_baseline,test_text,0,0.0011095871,0
56309b1ad6e00711,benign_baseline,test_text,0,0.0010480777,0
2414a5774d95abd8,benign_baseline,test_text,0,0.0010289899,0
aca54608e734c66d,benign_baseline,test_text,0,0.0010435206,0
063f6db640aa63bd,benign_baseline,test_text,0,0.0010583234,0
44ad7003123bae96,benign_baseline,test_text,0,0.0010376608,0
5c752bdcb04e98c4,benign_baseline,test_text,0,0.0010400262,0
9bbe83f2c9e0c07d,benign_baseline,test_text,0,0.001043052,0
38066a2ec940c608,benign_baseline,test_text,0,0.0010349172,0
28e1774e03f8b15b,benign_baseline,test_text,0,0.0010404314,0
586affca01bd733c,benign_baseline,test_text,0,0.0010400262,0
cfc3e4f10d6b55e3,benign_baseline,test_text,0,0.0010354912,0
042d1937c282ba73,benign_baseline,test_text,0,0.0010848541,0
9738f621d7a87743,benign_baseline,test_text,0,0.001045014,0
f7e1cdbd6ee6a7f8,benign_baseline,test_text,0,0.0011084926,0
8575f63b53a90571,benign_baseline,test_text,0,0.0010889765,0
b84f46e9bed51865,benign_baseline,test_text,0,0.0010561872,0
2aec07a963a37687,benign_baseline,test_text,0,0.001032026,0
a091bba88f3bfa69,benign_baseline,test_text,0,0.0010359051,0
76c17b8c374f0a9f,benign_baseline,test_text,0,0.0010538112,0
1f3a08c92ea31064,benign_baseline,test_text,0,0.0010362738,0
06008cde416574e3,benign_baseline,test_text,0,0.0010404314,0
4f749ef4df2f3ee0,benign_baseline,test_text,0,0.0010413418,0
63bd5160beb471dd,benign_baseline,test_text,0,0.0010451582,0
c972c2469be38000,benign_baseline,test_text,0,0.0010301367,0
1d7d6f93648e3f82,benign_baseline,test_text,0,0.0010848541,0
b927d6795ee36561,benign_baseline,test_text,0,0.0010451577,0
2452b51f2d93307e,benign_baseline,test_text,0,0.0010458496,0
c229a520f294df94,benign_baseline,test_text,0,0.0010436832,0
d84a99bf9ec221c3,benign_baseline,test_text,0,0.0010601797,0
5792995aae209401,benign_baseline,test_text,0,0.0010712745,0
3201eaf388ff6487,benign_baseline,test_text,0,0.0010427376,0
8075dd48f9bb4174,benign_baseline,test_text,0,0.0010957614,0
080761f4fbca75f3,benign_baseline,test_text,0,0.0010400262,0
47df7f79a44b7670,benign_baseline,test_text,0,0.0010477727,0
35de518f91142cfb,benign_baseline,test_text,0,0.0010397101,0
1f73ac992b5f2696,benign_baseline,test_text,0,0.0010881646,0
d157923f477e8812,benign_baseline,test_text,0,0.0010380647,0
78a650e8e526b077,benign_baseline,test_text,0,0.0010482614,0
9e940d208f034985,benign_baseline,test_text,0,0.0010354093,0
b72d315939cefe7b,benign_baseline,test_text,0,0.001032026,0
8c9d9dead77637b3,benign_baseline,test_text,0,0.001052184,0
8c4c5676a2ed696a,benign_baseline,test_text,0,0.0010524121,0
425da79c12e5ea4f,benign_baseline,test_text,0,0.0010358088,0
38bc191447964b6a,benign_baseline,test_text,0,0.0010586649,0
84569ee8620aeb80,benign_baseline,test_text,0,0.0010415482,0
a396da777388bb49,benign_baseline,test_text,0,0.0010376608,0
e9ff71691f4515ed,benign_baseline,test_text,0,0.0010451582,0
6c6497986f955795,benign_baseline,test_text,0,0.0010451577,0
674388909b599287,benign_baseline,test_text,0,0.0010848541,0
1b813b9cc9e2473c,benign_baseline,test_text,0,0.0010431563,0
b7fbd63dd81d180c,benign_baseline,test_text,0,0.0010543022,0
6c232bf4c99f7dbc,benign_baseline,test_text,0,0.0010461974,0
0406670c9b5debbf,benign_baseline,test_text,0,0.0010469386,0
909c37be63d4e3b4,benign_baseline,test_text,0,0.0010436832,0
0bb91cdf4beaac9c,benign_baseline,test_text,0,0.0010400262,0
22d38ade12c4a40a,benign_baseline,test_text,0,0.0010475706,0
4a3e75bfd5b79734,benign_baseline,test_text,0,0.001032026,0
3ca28175a1f8b114,benign_baseline,test_text,0,0.0010531148,0
921b5948dcc8aad8,benign_baseline,test_text,0,0.0010400262,0
4e195d313a0ef8e9,benign_baseline,test_text,0,0.001085891,0
409b9d7eccd50786,benign_baseline,test_text,0,0.0010878816,0
1c8a5697a19613a3,benign_baseline,test_text,0,0.0010479371,0
e57ab57d74f2c434,benign_baseline,test_text,0,0.0010359051,0
0200c2bc5eb2e65e,benign_baseline,test_text,0,0.0010925876,0
43e1ffe1ee33e556,benign_baseline,test_text,0,0.0010357699,0
b0cd238d3188a17e,benign_baseline,test_text,0,0.0010404458,0
bd8f1f5ea242ec56,benign_baseline,test_text,0,0.001058278,0
b0f263fa84be971d,benign_baseline,test_text,0,0.0010848541,0
d0ea87b54aed1af6,benign_baseline,test_text,0,0.0010561071,0
ae2b46c9fc4635e7,benign_baseline,test_text,0,0.0010427376,0
1520a162f8ef16e8,benign_baseline,test_text,0,0.0010354093,0
ff2a98114fba58fd,benign_baseline,test_text,0,0.0010289899,0
16dd186e2f94111f,benign_baseline,test_text,0,0.0010451602,0
481fce9f2821fe7d,benign_baseline,test_text,0,0.0010483335,0
610334f9d4fa322b,benign_baseline,test_text,0,0.0010422708,0
8dc9e5953b2cfeb6,benign_baseline,test_text,0,0.0010461974,0
b96c26745b45369e,benign_baseline,test_text,0,0.0010533961,0
11e6a0def9936296,benign_baseline,test_text,0,0.0010320642,0
cd33d76396fd3556,benign_baseline,test_text,0,0.0010866207,0
11b251b1a0f1c4bf,benign_baseline,test_text,0,0.0010349172,0
7da11de276f92766,benign_baseline,test_text,0,0.0010399299,0
9f9a212634433a3c,benign_baseline,test_text,0,0.0011095755,0
d5a9a49951d5cb95,benign_baseline,test_text,0,0.0010399299,0
23c8d02a41118f4f,benign_baseline,test_text,0,0.0010479371,0
d2b5c60a310c0df5,benign_baseline,test_text,0,0.0010356865,0
701e3944ea604e4c,benign_baseline,test_text,0,0.0010506461,0
30feab9defde449c,benign_baseline,test_text,0,0.0010402026,0
5764be13801cf434,benign_baseline,test_text,0,0.0010700265,0
685ab37c086c46db,benign_baseline,test_text,0,0.0010897928,0
71d23964cf49f298,benign_baseline,test_text,0,0.0010404458,0
15500d21f3a74e92,benign_baseline,test_text,0,0.0010386795,0
5f8dbf7c0c6b377f,benign_baseline,test_text,0,0.0010425018,0
699157b26adb33c3,benign_baseline,test_text,0,0.0010397101,0
ff99e2f1548e594f,benign_baseline,test_text,0,0.0010475706,0
69aeae519f7c1697,benign_baseline,test_text,0,0.0010412569,0
c4a5842cd4d5095d,benign_baseline,test_text,0,0.001043052,0
7aeebbdbbb061d6f,benign_baseline,test_text,0,0.0010400262,0
7b5e3e0067f13e1d,benign_baseline,test_text,0,0.0010448507,0
977be1a8c99ef0dd,benign_baseline,test_text,0,0.0010451577,0
3db69a4fb6df9300,benign_baseline,test_text,0,0.0010559341,0
c21df2e5c1990af0,benign_baseline,test_text,0,0.0010430913,0
6df97e962fe12b7b,benign_baseline,test_text,0,0.001045014,0
a0c95ceb1293228f,benign_baseline,test_text,0,0.0011095755,0
866d2abc1f02a063,benign_baseline,test_text,0,0.0010462018,0
d27ba15e8d3fb27f,benign_baseline,test_text,0,0.001051941,0
597de088bc605dc5,benign_baseline,test_text,0,0.001032026,0
a751a650e365de85,benign_baseline,test_text,0,0.0010348986,0
093ef6be2ffd3543,benign_baseline,test_text,0,0.0010547448,0
f5ac01c8517e13b9,benign_baseline,test_text,0,0.0010404458,0
dd9b601e5fae68a0,benign_baseline,test_text,0,0.001043052,0
cb4f6cb9739e40c0,benign_baseline,test_text,0,0.0010451582,0
dbec76a6287defb5,benign_baseline,test_text,0,0.0010479371,0
994d4950aac60458,benign_baseline,test_text,0,0.0010286915,0
3cf536f3315c619b,benign_baseline,test_text,0,0.0010533961,0
0c3fdcfd90f1f6db,benign_baseline,test_text,0,0.0010458496,0
a645435cf308735b,benign_baseline,test_text,0,0.0010483335,0
3fd88398284638e1,benign_baseline,test_text,0,0.0010530134,0
424af264acb3c3f0,benign_baseline,test_text,0,0.0010475706,0
0f562bd7281f82fd,benign_baseline,test_text,0,0.0010666451,0
4c531360125a2896,benign_baseline,test_text,0,0.0010400262,0
9843c02a12b6e6dd,benign_baseline,test_text,0,0.001032026,0
0bb3e8a7a3cef816,benign_baseline,test_text,0,0.0010371499,0
2b21a7c24639cb2a,benign_baseline,test_text,0,0.0010459766,0
bf29f145a26783a9,benign_baseline,test_text,0,0.0010400262,0
e2706a4236e24495,benign_baseline,test_text,0,0.0010848541,0
afd759f55c130a62,benign_baseline,test_text,0,0.0010420772,0
45ac8306e2cb71cf,benign_baseline,test_text,0,0.0010506461,0
f469bfead3f7a108,benign_baseline,test_text,0,0.0010573989,0
12062d06ff2d50f5,benign_baseline,test_text,0,0.0011952809,0
f2534091c53db86e,benign_baseline,test_text,0,0.0011095755,0
a7cef6706ebe3f5b,benign_baseline,test_text,0,0.0010357886,0
eadf404ead64d3d3,benign_baseline,test_text,0,0.0010404458,0
b7d2799121d23d13,benign_baseline,test_text,0,0.001038173,0
8d5c08ebcf35349b,benign_baseline,test_text,0,0.0010492501,0
431ac6025d8f1599,benign_baseline,test_text,0,0.0010567644,0
6e7ef24dccd54a2a,benign_baseline,test_text,0,0.0010357596,0
841e9d3e0fbb815a,benign_baseline,test_text,0,0.0010448507,0
c51d203b003bf155,benign_baseline,test_text,0,0.0010451577,0
9e750c45363b7781,benign_baseline,test_text,0,0.0010458496,0
e0e3dee74b9d27f2,benign_baseline,test_text,0,0.001043271,0
7058f3ffc0054321,benign_baseline,test_text,0,0.0010848541,0
05d893fcf905d5c7,benign_baseline,test_text,0,0.0010400262,0
1738ab56aa9442a5,benign_baseline,test_text,0,0.0010480777,0
8b2af015af57e2aa,benign_baseline,test_text,0,0.0010420772,0
da037aacd6fc1af5,benign_baseline,test_text,0,0.0011001707,0
40603bb915126df6,benign_baseline,test_text,0,0.0010397101,0
517cb56f83a39141,benign_baseline,test_text,0,0.0010475706,0
36d59cfe563c7ada,benign_baseline,test_text,0,0.0010427376,0
b237d04dc3d240a5,benign_baseline,test_text,0,0.0010413418,0
078d34a88352f584,benign_baseline,test_text,0,0.0010363439,0
5f9b77c8525499b0,benign_baseline,test_text,0,0.0010479371,0
d2484c8a589f9976,benign_baseline,test_text,0,0.0010553518,0
1c8dc6c45ecb5c2f,benign_baseline,test_text,0,0.001032026,0
f1cb714f6a4753f9,benign_baseline,test_text,0,0.0011069615,0
07ec9b5ad9b56a74,benign_baseline,test_text,0,0.0010451577,0
f9c48c924fb3b4e6,benign_baseline,test_text,0,0.0010400262,0
90ac7d6e2dab189c,benign_baseline,test_text,0,0.0010564895,0
a16c5bb930665c4b,benign_baseline,test_text,0,0.0010508888,0
45a02969622fd90b,benign_baseline,test_text,0,0.0010451602,0
7fa0df620e3a6a73,benign_baseline,test_text,0,0.0010581253,0
f9caf5aad3f36e02,benign_baseline,test_text,0,0.0010345412,0
556407f2d14ec4de,benign_baseline,test_text,0,0.0010453624,0
c72838b181bad66a,benign_baseline,test_text,0,0.0010415482,0
2ec3c6df482e68c5,benign_baseline,test_text,0,0.0010848541,0
6b78c7655ae8eaa7,benign_baseline,test_text,0,0.0010428617,0
6aa4b4bf3e2272f5,benign_baseline,test_text,0,0.0010399299,0
59b44fb32640da4b,benign_baseline,test_text,0,0.0010479371,0
8d0ec5da7ca0ba1e,benign_baseline,test_text,0,0.0010893771,0
73a470c95f273439,benign_baseline,test_text,0,0.0010362093,0
1d71dee71c927c48,benign_baseline,test_text,0,0.0010435206,0
54e3bdabf19bff49,benign_baseline,test_text,0,0.0011095755,0
9746cd46ff7b7d11,benign_baseline,test_text,0,0.0010375372,0
ef183406fe4f6d3e,benign_baseline,test_text,0,0.001032026,0
aed3ec075656c584,benign_baseline,test_text,0,0.0010363833,0
15f5368a46301355,benign_baseline,test_text,0,0.0010524121,0
4f38b44c673099c7,benign_baseline,test_text,0,0.0010565213,0
a5a97033e9abb7e0,benign_baseline,test_text,0,0.001042675,0
6a92a8739fc392dd,benign_baseline,test_text,0,0.0010496537,0
8701a61a753b8734,benign_baseline,test_text,0,0.0010630692,0
a0a2252b3fbd3510,benign_baseline,test_text,0,0.0010479371,0
8db0e77888ed6751,benign_baseline,test_text,0,0.0010450387,0
f5ea5f82499bb435,benign_baseline,test_text,0,0.001032966,0
85ef538fb1699809,benign_baseline,test_text,0,0.00103962,0
adff487d02f1b30e,benign_baseline,test_text,0,0.0010580982,0
86d1d462fb93731e,benign_baseline,test_text,0,0.0010599849,0
97d0ce02d592a6cf,benign_baseline,test_text,0,0.0010434557,0
625147fcde3ccaba,benign_baseline,test_text,0,0.0010715908,0
79539fddb2b3b2a7,benign_baseline,test_text,0,0.0010459999,0
8447bf24347f0512,benign_baseline,test_text,0,0.0010950639,0
d5970a19d78a9dc7,benign_baseline,test_text,0,0.0010384332,0
48461b37ba63d986,benign_baseline,test_text,0,0.0010489188,0
970b955a45c7bdbf,benign_baseline,test_text,0,0.0010739339,0
addfaee909c6b3f7,benign_baseline,test_text,0,0.0013360407,0
9a4b2ad4445940e2,benign_baseline,test_text,0,0.0010396591,0
bc87d06afbc15bd3,benign_baseline,test_text,0,0.0010521745,0
2662f4a61e4e322f,benign_baseline,test_text,0,0.0010717859,0
f9ee3353a0249abf,benign_baseline,test_text,0,0.0010688407,0
